ISO-10303-21;
HEADER;

/* File generated by Shapr3D Version 26.70.0.10837 */

FILE_DESCRIPTION(('HOOPS Exchange Step'),'2;1');

FILE_NAME('/private/var/mobile/Containers/Data/Application/B920794F-3AFD-4D1B-B25D-647AFDE9D567/tmp/export/temp_export',
'2026-06-30T08:09:32-07:00',
('mobile'),
('Shapr3D Limited'),
'HOOPS Exchange 2025.9',
'Shapr3D',
'Authorized');

FILE_SCHEMA( ('AP242_MANAGED_MODEL_BASED_3D_ENGINEERING_MIM_LF {1 0 10303 442 1 1 4}') );

ENDSEC;

DATA;
#3=(NAMED_UNIT(*)PLANE_ANGLE_UNIT()SI_UNIT($,.RADIAN.));
#4=PLANE_ANGLE_MEASURE_WITH_UNIT(PLANE_ANGLE_MEASURE(0.0174532925),#3);
#5=(CONVERSION_BASED_UNIT('DEGREE',#4)NAMED_UNIT(#6)PLANE_ANGLE_UNIT());
#6=DIMENSIONAL_EXPONENTS(0.,0.,0.,0.,0.,0.,0.);
#7=(NAMED_UNIT(*)SI_UNIT($,.STERADIAN.)SOLID_ANGLE_UNIT());
#8=(LENGTH_UNIT()NAMED_UNIT(*)SI_UNIT(.MILLI.,.METRE.));
#9=UNCERTAINTY_MEASURE_WITH_UNIT(LENGTH_MEASURE(1.000000E-05),#8,'DISTANCE_ACCURACY_VALUE','Maximum Tolerance applied to model');
#10=(GEOMETRIC_REPRESENTATION_CONTEXT(3)GLOBAL_UNCERTAINTY_ASSIGNED_CONTEXT((#9))GLOBAL_UNIT_ASSIGNED_CONTEXT((#8,#5,#7))REPRESENTATION_CONTEXT('','root'));
#12=CARTESIAN_POINT('',(0.,0.,0.));
#13=DIRECTION('',(0.,0.,1.));
#14=DIRECTION('',(1.,0.,0.));
#15=AXIS2_PLACEMENT_3D('TS3D_PRODUCT_CSYS',#12,#13,#14);
#27=CARTESIAN_POINT('',(-406.25,589.3,1035.00623475));
#28=DIRECTION('',(0.,0.,-1.));
#29=DIRECTION('',(1.,0.,0.));
#30=AXIS2_PLACEMENT_3D('',#27,#28,#29);
#31=PLANE('',#30);
#32=CARTESIAN_POINT('',(-358.75,588.3,1035.00623475));
#33=VERTEX_POINT('',#32);
#34=CARTESIAN_POINT('',(-453.75,588.3,1035.00623475));
#35=VERTEX_POINT('',#34);
#36=CARTESIAN_POINT('',(-358.75,588.3,1035.00623475));
#37=DIRECTION('',(-1.,0.,0.));
#38=VECTOR('',#37,95.);
#39=LINE('',#36,#38);
#40=EDGE_CURVE('',#33,#35,#39,.T.);
#41=ORIENTED_EDGE('',*,*,#40,.F.);
#42=CARTESIAN_POINT('',(-358.75,589.3,1035.00623475));
#43=VERTEX_POINT('',#42);
#44=CARTESIAN_POINT('',(-358.75,589.3,1035.00623475));
#45=DIRECTION('',(0.,-1.,0.));
#46=VECTOR('',#45,1.);
#47=LINE('',#44,#46);
#48=EDGE_CURVE('',#43,#33,#47,.T.);
#49=ORIENTED_EDGE('',*,*,#48,.F.);
#50=CARTESIAN_POINT('',(-453.75,589.3,1035.00623475));
#51=VERTEX_POINT('',#50);
#52=CARTESIAN_POINT('',(-358.75,589.3,1035.00623475));
#53=DIRECTION('',(-1.,0.,0.));
#54=VECTOR('',#53,95.);
#55=LINE('',#52,#54);
#56=EDGE_CURVE('',#43,#51,#55,.T.);
#57=ORIENTED_EDGE('',*,*,#56,.T.);
#58=CARTESIAN_POINT('',(-453.75,588.3,1035.00623475));
#59=DIRECTION('',(-0.,1.,-0.));
#60=VECTOR('',#59,1.);
#61=LINE('',#58,#60);
#62=EDGE_CURVE('',#35,#51,#61,.T.);
#63=ORIENTED_EDGE('',*,*,#62,.F.);
#64=EDGE_LOOP('',(#41,#49,#57,#63));
#65=FACE_BOUND('',#64,.T.);
#66=ADVANCED_FACE('',(#65),#31,.F.);
#67=CARTESIAN_POINT('',(-456.25,589.3,1036.23123475));
#68=DIRECTION('',(-1.,0.,0.));
#69=DIRECTION('',(0.,0.,-1.));
#70=AXIS2_PLACEMENT_3D('',#67,#68,#69);
#71=PLANE('',#70);
#72=CARTESIAN_POINT('',(-456.25,588.3,1037.50623475));
#73=VERTEX_POINT('',#72);
#74=CARTESIAN_POINT('',(-456.25,588.3,1037.60623475));
#75=VERTEX_POINT('',#74);
#76=CARTESIAN_POINT('',(-456.25,588.3,1037.50623475));
#77=DIRECTION('',(0.,0.,1.));
#78=VECTOR('',#77,0.1);
#79=LINE('',#76,#78);
#80=EDGE_CURVE('',#73,#75,#79,.T.);
#81=ORIENTED_EDGE('',*,*,#80,.F.);
#82=CARTESIAN_POINT('',(-456.25,589.3,1037.50623475));
#83=VERTEX_POINT('',#82);
#84=CARTESIAN_POINT('',(-456.25,589.3,1037.50623475));
#85=DIRECTION('',(0.,-1.,0.));
#86=VECTOR('',#85,1.);
#87=LINE('',#84,#86);
#88=EDGE_CURVE('',#83,#73,#87,.T.);
#89=ORIENTED_EDGE('',*,*,#88,.F.);
#90=CARTESIAN_POINT('',(-456.25,589.3,1037.60623475));
#91=VERTEX_POINT('',#90);
#92=CARTESIAN_POINT('',(-456.25,589.3,1037.50623475));
#93=DIRECTION('',(0.,0.,1.));
#94=VECTOR('',#93,0.1);
#95=LINE('',#92,#94);
#96=EDGE_CURVE('',#83,#91,#95,.T.);
#97=ORIENTED_EDGE('',*,*,#96,.T.);
#98=CARTESIAN_POINT('',(-456.25,588.3,1037.60623475));
#99=DIRECTION('',(-0.,1.,-0.));
#100=VECTOR('',#99,1.);
#101=LINE('',#98,#100);
#102=EDGE_CURVE('',#75,#91,#101,.T.);
#103=ORIENTED_EDGE('',*,*,#102,.F.);
#104=EDGE_LOOP('',(#81,#89,#97,#103));
#105=FACE_BOUND('',#104,.T.);
#106=ADVANCED_FACE('',(#105),#71,.F.);
#107=CARTESIAN_POINT('',(-406.25,589.3,1040.10623475));
#108=DIRECTION('',(0.,0.,1.));
#109=DIRECTION('',(-1.,0.,0.));
#110=AXIS2_PLACEMENT_3D('',#107,#108,#109);
#111=PLANE('',#110);
#112=CARTESIAN_POINT('',(-453.75,588.3,1040.10623475));
#113=VERTEX_POINT('',#112);
#114=CARTESIAN_POINT('',(-358.75,588.3,1040.10623475));
#115=VERTEX_POINT('',#114);
#116=CARTESIAN_POINT('',(-453.75,588.3,1040.10623475));
#117=DIRECTION('',(1.,0.,-0.));
#118=VECTOR('',#117,95.);
#119=LINE('',#116,#118);
#120=EDGE_CURVE('',#113,#115,#119,.T.);
#121=ORIENTED_EDGE('',*,*,#120,.F.);
#122=CARTESIAN_POINT('',(-453.75,589.3,1040.10623475));
#123=VERTEX_POINT('',#122);
#124=CARTESIAN_POINT('',(-453.75,589.3,1040.10623475));
#125=DIRECTION('',(0.,-1.,0.));
#126=VECTOR('',#125,1.);
#127=LINE('',#124,#126);
#128=EDGE_CURVE('',#123,#113,#127,.T.);
#129=ORIENTED_EDGE('',*,*,#128,.F.);
#130=CARTESIAN_POINT('',(-358.75,589.3,1040.10623475));
#131=VERTEX_POINT('',#130);
#132=CARTESIAN_POINT('',(-453.75,589.3,1040.10623475));
#133=DIRECTION('',(1.,0.,-0.));
#134=VECTOR('',#133,95.);
#135=LINE('',#132,#134);
#136=EDGE_CURVE('',#123,#131,#135,.T.);
#137=ORIENTED_EDGE('',*,*,#136,.T.);
#138=CARTESIAN_POINT('',(-358.75,588.3,1040.10623475));
#139=DIRECTION('',(-0.,1.,-0.));
#140=VECTOR('',#139,1.);
#141=LINE('',#138,#140);
#142=EDGE_CURVE('',#115,#131,#141,.T.);
#143=ORIENTED_EDGE('',*,*,#142,.F.);
#144=EDGE_LOOP('',(#121,#129,#137,#143));
#145=FACE_BOUND('',#144,.T.);
#146=ADVANCED_FACE('',(#145),#111,.F.);
#147=CARTESIAN_POINT('',(-356.25,589.3,1036.23123475));
#148=DIRECTION('',(1.,0.,0.));
#149=DIRECTION('',(0.,0.,1.));
#150=AXIS2_PLACEMENT_3D('',#147,#148,#149);
#151=PLANE('',#150);
#152=CARTESIAN_POINT('',(-356.25,588.3,1037.60623475));
#153=VERTEX_POINT('',#152);
#154=CARTESIAN_POINT('',(-356.25,588.3,1037.50623475));
#155=VERTEX_POINT('',#154);
#156=CARTESIAN_POINT('',(-356.25,588.3,1037.60623475));
#157=DIRECTION('',(0.,0.,-1.));
#158=VECTOR('',#157,0.1);
#159=LINE('',#156,#158);
#160=EDGE_CURVE('',#153,#155,#159,.T.);
#161=ORIENTED_EDGE('',*,*,#160,.F.);
#162=CARTESIAN_POINT('',(-356.25,589.3,1037.60623475));
#163=VERTEX_POINT('',#162);
#164=CARTESIAN_POINT('',(-356.25,589.3,1037.60623475));
#165=DIRECTION('',(0.,-1.,0.));
#166=VECTOR('',#165,1.);
#167=LINE('',#164,#166);
#168=EDGE_CURVE('',#163,#153,#167,.T.);
#169=ORIENTED_EDGE('',*,*,#168,.F.);
#170=CARTESIAN_POINT('',(-356.25,589.3,1037.50623475));
#171=VERTEX_POINT('',#170);
#172=CARTESIAN_POINT('',(-356.25,589.3,1037.60623475));
#173=DIRECTION('',(0.,0.,-1.));
#174=VECTOR('',#173,0.1);
#175=LINE('',#172,#174);
#176=EDGE_CURVE('',#163,#171,#175,.T.);
#177=ORIENTED_EDGE('',*,*,#176,.T.);
#178=CARTESIAN_POINT('',(-356.25,588.3,1037.50623475));
#179=DIRECTION('',(-0.,1.,-0.));
#180=VECTOR('',#179,1.);
#181=LINE('',#178,#180);
#182=EDGE_CURVE('',#155,#171,#181,.T.);
#183=ORIENTED_EDGE('',*,*,#182,.F.);
#184=EDGE_LOOP('',(#161,#169,#177,#183));
#185=FACE_BOUND('',#184,.T.);
#186=ADVANCED_FACE('',(#185),#151,.F.);
#187=CARTESIAN_POINT('',(-358.75,589.3,1037.50623475));
#188=DIRECTION('',(0.,1.,0.));
#189=DIRECTION('',(0.,-0.,1.));
#190=AXIS2_PLACEMENT_3D('',#187,#188,#189);
#191=CYLINDRICAL_SURFACE('',#190,2.5);
#192=CARTESIAN_POINT('',(-358.75,588.3,1037.50623475));
#193=DIRECTION('',(-0.,-1.,-0.));
#194=DIRECTION('',(0.,0.,-1.));
#195=AXIS2_PLACEMENT_3D('',#192,#193,#194);
#196=CIRCLE('',#195,2.5);
#197=EDGE_CURVE('',#33,#155,#196,.T.);
#198=ORIENTED_EDGE('',*,*,#197,.T.);
#199=ORIENTED_EDGE('',*,*,#182,.T.);
#200=CARTESIAN_POINT('',(-358.75,589.3,1037.50623475));
#201=DIRECTION('',(0.,1.,0.));
#202=DIRECTION('',(0.,0.,-1.));
#203=AXIS2_PLACEMENT_3D('',#200,#201,#202);
#204=CIRCLE('',#203,2.5);
#205=EDGE_CURVE('',#171,#43,#204,.T.);
#206=ORIENTED_EDGE('',*,*,#205,.T.);
#207=ORIENTED_EDGE('',*,*,#48,.T.);
#208=EDGE_LOOP('',(#198,#199,#206,#207));
#209=FACE_BOUND('',#208,.T.);
#210=ADVANCED_FACE('',(#209),#191,.F.);
#211=CARTESIAN_POINT('',(-453.75,589.3,1037.50623475));
#212=DIRECTION('',(0.,1.,0.));
#213=DIRECTION('',(0.,-0.,1.));
#214=AXIS2_PLACEMENT_3D('',#211,#212,#213);
#215=CYLINDRICAL_SURFACE('',#214,2.5);
#216=CARTESIAN_POINT('',(-453.75,588.3,1037.50623475));
#217=DIRECTION('',(-0.,-1.,-0.));
#218=DIRECTION('',(0.,0.,-1.));
#219=AXIS2_PLACEMENT_3D('',#216,#217,#218);
#220=CIRCLE('',#219,2.5);
#221=EDGE_CURVE('',#73,#35,#220,.T.);
#222=ORIENTED_EDGE('',*,*,#221,.T.);
#223=ORIENTED_EDGE('',*,*,#62,.T.);
#224=CARTESIAN_POINT('',(-453.75,589.3,1037.50623475));
#225=DIRECTION('',(0.,1.,0.));
#226=DIRECTION('',(0.,0.,-1.));
#227=AXIS2_PLACEMENT_3D('',#224,#225,#226);
#228=CIRCLE('',#227,2.5);
#229=EDGE_CURVE('',#51,#83,#228,.T.);
#230=ORIENTED_EDGE('',*,*,#229,.T.);
#231=ORIENTED_EDGE('',*,*,#88,.T.);
#232=EDGE_LOOP('',(#222,#223,#230,#231));
#233=FACE_BOUND('',#232,.T.);
#234=ADVANCED_FACE('',(#233),#215,.F.);
#235=CARTESIAN_POINT('',(-453.75,589.3,1037.60623475));
#236=DIRECTION('',(0.,1.,0.));
#237=DIRECTION('',(0.,-0.,1.));
#238=AXIS2_PLACEMENT_3D('',#235,#236,#237);
#239=CYLINDRICAL_SURFACE('',#238,2.5);
#240=CARTESIAN_POINT('',(-453.75,588.3,1037.60623475));
#241=DIRECTION('',(-0.,-1.,-0.));
#242=DIRECTION('',(0.,0.,-1.));
#243=AXIS2_PLACEMENT_3D('',#240,#241,#242);
#244=CIRCLE('',#243,2.5);
#245=EDGE_CURVE('',#113,#75,#244,.T.);
#246=ORIENTED_EDGE('',*,*,#245,.T.);
#247=ORIENTED_EDGE('',*,*,#102,.T.);
#248=CARTESIAN_POINT('',(-453.75,589.3,1037.60623475));
#249=DIRECTION('',(0.,1.,0.));
#250=DIRECTION('',(0.,0.,-1.));
#251=AXIS2_PLACEMENT_3D('',#248,#249,#250);
#252=CIRCLE('',#251,2.5);
#253=EDGE_CURVE('',#91,#123,#252,.T.);
#254=ORIENTED_EDGE('',*,*,#253,.T.);
#255=ORIENTED_EDGE('',*,*,#128,.T.);
#256=EDGE_LOOP('',(#246,#247,#254,#255));
#257=FACE_BOUND('',#256,.T.);
#258=ADVANCED_FACE('',(#257),#239,.F.);
#259=CARTESIAN_POINT('',(-358.75,589.3,1037.60623475));
#260=DIRECTION('',(0.,1.,0.));
#261=DIRECTION('',(0.,-0.,1.));
#262=AXIS2_PLACEMENT_3D('',#259,#260,#261);
#263=CYLINDRICAL_SURFACE('',#262,2.5);
#264=CARTESIAN_POINT('',(-358.75,588.3,1037.60623475));
#265=DIRECTION('',(-0.,-1.,-0.));
#266=DIRECTION('',(0.,0.,-1.));
#267=AXIS2_PLACEMENT_3D('',#264,#265,#266);
#268=CIRCLE('',#267,2.5);
#269=EDGE_CURVE('',#153,#115,#268,.T.);
#270=ORIENTED_EDGE('',*,*,#269,.T.);
#271=ORIENTED_EDGE('',*,*,#142,.T.);
#272=CARTESIAN_POINT('',(-358.75,589.3,1037.60623475));
#273=DIRECTION('',(0.,1.,0.));
#274=DIRECTION('',(0.,0.,-1.));
#275=AXIS2_PLACEMENT_3D('',#272,#273,#274);
#276=CIRCLE('',#275,2.5);
#277=EDGE_CURVE('',#131,#163,#276,.T.);
#278=ORIENTED_EDGE('',*,*,#277,.T.);
#279=ORIENTED_EDGE('',*,*,#168,.T.);
#280=EDGE_LOOP('',(#270,#271,#278,#279));
#281=FACE_BOUND('',#280,.T.);
#282=ADVANCED_FACE('',(#281),#263,.F.);
#283=CARTESIAN_POINT('',(-502.,519.3,994.05623475));
#284=DIRECTION('',(-1.,0.,0.));
#285=DIRECTION('',(0.,0.,-1.));
#286=AXIS2_PLACEMENT_3D('',#283,#284,#285);
#287=CYLINDRICAL_SURFACE('',#286,1.7);
#288=CARTESIAN_POINT('',(-523.,519.3,992.35623475));
#289=VERTEX_POINT('',#288);
#290=CARTESIAN_POINT('',(-521.,519.3,992.35623475));
#291=VERTEX_POINT('',#290);
#292=CARTESIAN_POINT('',(-523.,519.3,992.35623475));
#293=DIRECTION('',(1.,-0.,-0.));
#294=VECTOR('',#293,2.);
#295=LINE('',#292,#294);
#296=EDGE_CURVE('',#289,#291,#295,.T.);
#297=ORIENTED_EDGE('',*,*,#296,.F.);
#298=CARTESIAN_POINT('',(-523.,519.3,994.05623475));
#299=DIRECTION('',(1.,0.,0.));
#300=DIRECTION('',(0.,0.,-1.));
#301=AXIS2_PLACEMENT_3D('',#298,#299,#300);
#302=CIRCLE('',#301,1.7);
#303=EDGE_CURVE('',#289,#289,#302,.T.);
#304=ORIENTED_EDGE('',*,*,#303,.F.);
#305=ORIENTED_EDGE('',*,*,#296,.T.);
#306=CARTESIAN_POINT('',(-521.,519.3,995.75623475));
#307=VERTEX_POINT('',#306);
#308=CARTESIAN_POINT('',(-521.,519.3,994.05623475));
#309=DIRECTION('',(-1.,0.,0.));
#310=DIRECTION('',(0.,0.,1.));
#311=AXIS2_PLACEMENT_3D('',#308,#309,#310);
#312=CIRCLE('',#311,1.7);
#313=EDGE_CURVE('',#307,#291,#312,.T.);
#314=ORIENTED_EDGE('',*,*,#313,.F.);
#315=CARTESIAN_POINT('',(-521.,519.3,994.05623475));
#316=DIRECTION('',(-1.,0.,0.));
#317=DIRECTION('',(0.,0.,1.));
#318=AXIS2_PLACEMENT_3D('',#315,#316,#317);
#319=CIRCLE('',#318,1.7);
#320=EDGE_CURVE('',#291,#307,#319,.T.);
#321=ORIENTED_EDGE('',*,*,#320,.F.);
#322=EDGE_LOOP('',(#297,#304,#305,#314,#321));
#323=FACE_BOUND('',#322,.T.);
#324=ADVANCED_FACE('',(#323),#287,.F.);
#325=CARTESIAN_POINT('',(-502.,559.3,1044.05623475));
#326=DIRECTION('',(-1.,0.,0.));
#327=DIRECTION('',(0.,0.,-1.));
#328=AXIS2_PLACEMENT_3D('',#325,#326,#327);
#329=CYLINDRICAL_SURFACE('',#328,1.7);
#330=CARTESIAN_POINT('',(-523.,559.3,1042.35623475));
#331=VERTEX_POINT('',#330);
#332=CARTESIAN_POINT('',(-521.,559.3,1042.35623475));
#333=VERTEX_POINT('',#332);
#334=CARTESIAN_POINT('',(-523.,559.3,1042.35623475));
#335=DIRECTION('',(1.,-0.,-0.));
#336=VECTOR('',#335,2.);
#337=LINE('',#334,#336);
#338=EDGE_CURVE('',#331,#333,#337,.T.);
#339=ORIENTED_EDGE('',*,*,#338,.F.);
#340=CARTESIAN_POINT('',(-523.,559.3,1044.05623475));
#341=DIRECTION('',(1.,0.,0.));
#342=DIRECTION('',(0.,0.,-1.));
#343=AXIS2_PLACEMENT_3D('',#340,#341,#342);
#344=CIRCLE('',#343,1.7);
#345=EDGE_CURVE('',#331,#331,#344,.T.);
#346=ORIENTED_EDGE('',*,*,#345,.F.);
#347=ORIENTED_EDGE('',*,*,#338,.T.);
#348=CARTESIAN_POINT('',(-521.,559.3,1045.75623475));
#349=VERTEX_POINT('',#348);
#350=CARTESIAN_POINT('',(-521.,559.3,1044.05623475));
#351=DIRECTION('',(-1.,0.,0.));
#352=DIRECTION('',(0.,0.,1.));
#353=AXIS2_PLACEMENT_3D('',#350,#351,#352);
#354=CIRCLE('',#353,1.7);
#355=EDGE_CURVE('',#349,#333,#354,.T.);
#356=ORIENTED_EDGE('',*,*,#355,.F.);
#357=CARTESIAN_POINT('',(-521.,559.3,1044.05623475));
#358=DIRECTION('',(-1.,0.,0.));
#359=DIRECTION('',(0.,0.,1.));
#360=AXIS2_PLACEMENT_3D('',#357,#358,#359);
#361=CIRCLE('',#360,1.7);
#362=EDGE_CURVE('',#333,#349,#361,.T.);
#363=ORIENTED_EDGE('',*,*,#362,.F.);
#364=EDGE_LOOP('',(#339,#346,#347,#356,#363));
#365=FACE_BOUND('',#364,.T.);
#366=ADVANCED_FACE('',(#365),#329,.F.);
#367=CARTESIAN_POINT('',(-502.,519.3,1044.05623475));
#368=DIRECTION('',(-1.,0.,0.));
#369=DIRECTION('',(0.,0.,-1.));
#370=AXIS2_PLACEMENT_3D('',#367,#368,#369);
#371=CYLINDRICAL_SURFACE('',#370,1.7);
#372=CARTESIAN_POINT('',(-523.,519.3,1042.35623475));
#373=VERTEX_POINT('',#372);
#374=CARTESIAN_POINT('',(-521.,519.3,1042.35623475));
#375=VERTEX_POINT('',#374);
#376=CARTESIAN_POINT('',(-523.,519.3,1042.35623475));
#377=DIRECTION('',(1.,-0.,-0.));
#378=VECTOR('',#377,2.);
#379=LINE('',#376,#378);
#380=EDGE_CURVE('',#373,#375,#379,.T.);
#381=ORIENTED_EDGE('',*,*,#380,.F.);
#382=CARTESIAN_POINT('',(-523.,519.3,1044.05623475));
#383=DIRECTION('',(1.,0.,0.));
#384=DIRECTION('',(0.,0.,-1.));
#385=AXIS2_PLACEMENT_3D('',#382,#383,#384);
#386=CIRCLE('',#385,1.7);
#387=EDGE_CURVE('',#373,#373,#386,.T.);
#388=ORIENTED_EDGE('',*,*,#387,.F.);
#389=ORIENTED_EDGE('',*,*,#380,.T.);
#390=CARTESIAN_POINT('',(-521.,519.3,1045.75623475));
#391=VERTEX_POINT('',#390);
#392=CARTESIAN_POINT('',(-521.,519.3,1044.05623475));
#393=DIRECTION('',(-1.,0.,0.));
#394=DIRECTION('',(0.,0.,1.));
#395=AXIS2_PLACEMENT_3D('',#392,#393,#394);
#396=CIRCLE('',#395,1.7);
#397=EDGE_CURVE('',#391,#375,#396,.T.);
#398=ORIENTED_EDGE('',*,*,#397,.F.);
#399=CARTESIAN_POINT('',(-521.,519.3,1044.05623475));
#400=DIRECTION('',(-1.,0.,0.));
#401=DIRECTION('',(0.,0.,1.));
#402=AXIS2_PLACEMENT_3D('',#399,#400,#401);
#403=CIRCLE('',#402,1.7);
#404=EDGE_CURVE('',#375,#391,#403,.T.);
#405=ORIENTED_EDGE('',*,*,#404,.F.);
#406=EDGE_LOOP('',(#381,#388,#389,#398,#405));
#407=FACE_BOUND('',#406,.T.);
#408=ADVANCED_FACE('',(#407),#371,.F.);
#409=CARTESIAN_POINT('',(-502.,559.3,994.05623475));
#410=DIRECTION('',(-1.,0.,0.));
#411=DIRECTION('',(0.,0.,-1.));
#412=AXIS2_PLACEMENT_3D('',#409,#410,#411);
#413=CYLINDRICAL_SURFACE('',#412,1.7);
#414=CARTESIAN_POINT('',(-523.,559.3,992.35623475));
#415=VERTEX_POINT('',#414);
#416=CARTESIAN_POINT('',(-521.,559.3,992.35623475));
#417=VERTEX_POINT('',#416);
#418=CARTESIAN_POINT('',(-523.,559.3,992.35623475));
#419=DIRECTION('',(1.,-0.,-0.));
#420=VECTOR('',#419,2.);
#421=LINE('',#418,#420);
#422=EDGE_CURVE('',#415,#417,#421,.T.);
#423=ORIENTED_EDGE('',*,*,#422,.F.);
#424=CARTESIAN_POINT('',(-523.,559.3,994.05623475));
#425=DIRECTION('',(1.,0.,0.));
#426=DIRECTION('',(0.,0.,-1.));
#427=AXIS2_PLACEMENT_3D('',#424,#425,#426);
#428=CIRCLE('',#427,1.7);
#429=EDGE_CURVE('',#415,#415,#428,.T.);
#430=ORIENTED_EDGE('',*,*,#429,.F.);
#431=ORIENTED_EDGE('',*,*,#422,.T.);
#432=CARTESIAN_POINT('',(-521.,559.3,995.75623475));
#433=VERTEX_POINT('',#432);
#434=CARTESIAN_POINT('',(-521.,559.3,994.05623475));
#435=DIRECTION('',(-1.,0.,0.));
#436=DIRECTION('',(0.,0.,1.));
#437=AXIS2_PLACEMENT_3D('',#434,#435,#436);
#438=CIRCLE('',#437,1.7);
#439=EDGE_CURVE('',#433,#417,#438,.T.);
#440=ORIENTED_EDGE('',*,*,#439,.F.);
#441=CARTESIAN_POINT('',(-521.,559.3,994.05623475));
#442=DIRECTION('',(-1.,0.,0.));
#443=DIRECTION('',(0.,0.,1.));
#444=AXIS2_PLACEMENT_3D('',#441,#442,#443);
#445=CIRCLE('',#444,1.7);
#446=EDGE_CURVE('',#417,#433,#445,.T.);
#447=ORIENTED_EDGE('',*,*,#446,.F.);
#448=EDGE_LOOP('',(#423,#430,#431,#440,#447));
#449=FACE_BOUND('',#448,.T.);
#450=ADVANCED_FACE('',(#449),#413,.F.);
#451=CARTESIAN_POINT('',(-491.5,577.714213562,980.642021187));
#452=DIRECTION('',(0.,0.707106781,-0.707106781));
#453=DIRECTION('',(1.,0.,0.));
#454=AXIS2_PLACEMENT_3D('',#451,#452,#453);
#455=PLANE('',#454);
#456=CARTESIAN_POINT('',(-363.,584.3,987.227807625));
#457=VERTEX_POINT('',#456);
#458=CARTESIAN_POINT('',(-363.,579.128427125,982.05623475));
#459=VERTEX_POINT('',#458);
#460=CARTESIAN_POINT('',(-363.,584.3,987.227807625));
#461=DIRECTION('',(-0.,-0.707106781,-0.707106781));
#462=VECTOR('',#461,7.313708499);
#463=LINE('',#460,#462);
#464=EDGE_CURVE('',#457,#459,#463,.T.);
#465=ORIENTED_EDGE('',*,*,#464,.F.);
#466=CARTESIAN_POINT('',(-517.,584.3,987.227807625));
#467=VERTEX_POINT('',#466);
#468=CARTESIAN_POINT('',(-363.,584.3,987.227807625));
#469=DIRECTION('',(-1.,0.,0.));
#470=VECTOR('',#469,154.);
#471=LINE('',#468,#470);
#472=EDGE_CURVE('',#457,#467,#471,.T.);
#473=ORIENTED_EDGE('',*,*,#472,.T.);
#474=CARTESIAN_POINT('',(-517.,579.128427125,982.05623475));
#475=VERTEX_POINT('',#474);
#476=CARTESIAN_POINT('',(-517.,584.3,987.227807625));
#477=DIRECTION('',(0.,-0.707106781,-0.707106781));
#478=VECTOR('',#477,7.313708499);
#479=LINE('',#476,#478);
#480=EDGE_CURVE('',#467,#475,#479,.T.);
#481=ORIENTED_EDGE('',*,*,#480,.T.);
#482=CARTESIAN_POINT('',(-517.,579.128427125,982.05623475));
#483=DIRECTION('',(1.,0.,-0.));
#484=VECTOR('',#483,154.);
#485=LINE('',#482,#484);
#486=EDGE_CURVE('',#475,#459,#485,.T.);
#487=ORIENTED_EDGE('',*,*,#486,.T.);
#488=EDGE_LOOP('',(#465,#473,#481,#487));
#489=FACE_BOUND('',#488,.T.);
#490=ADVANCED_FACE('',(#489),#455,.F.);
#491=CARTESIAN_POINT('',(-943.,585.714213562,1049.470448312));
#492=DIRECTION('',(0.,-0.707106781,-0.707106781));
#493=DIRECTION('',(-1.,0.,0.));
#494=AXIS2_PLACEMENT_3D('',#491,#492,#493);
#495=PLANE('',#494);
#496=CARTESIAN_POINT('',(-517.,579.128427125,1056.05623475));
#497=VERTEX_POINT('',#496);
#498=CARTESIAN_POINT('',(-517.,584.3,1050.884661875));
#499=VERTEX_POINT('',#498);
#500=CARTESIAN_POINT('',(-517.,579.128427125,1056.05623475));
#501=DIRECTION('',(-0.,0.707106781,-0.707106781));
#502=VECTOR('',#501,7.313708499);
#503=LINE('',#500,#502);
#504=EDGE_CURVE('',#497,#499,#503,.T.);
#505=ORIENTED_EDGE('',*,*,#504,.T.);
#506=CARTESIAN_POINT('',(-331.171572875,584.3,1050.884661875));
#507=VERTEX_POINT('',#506);
#508=CARTESIAN_POINT('',(-517.,584.3,1050.884661875));
#509=DIRECTION('',(1.,-0.,-0.));
#510=VECTOR('',#509,185.828427125);
#511=LINE('',#508,#510);
#512=EDGE_CURVE('',#499,#507,#511,.T.);
#513=ORIENTED_EDGE('',*,*,#512,.T.);
#514=CARTESIAN_POINT('',(-326.,579.128427125,1056.05623475));
#515=VERTEX_POINT('',#514);
#516=CARTESIAN_POINT('',(-331.171572875,584.3,1050.884661875));
#517=DIRECTION('',(0.577350269,-0.577350269,0.577350269));
#518=VECTOR('',#517,8.957426975);
#519=LINE('',#516,#518);
#520=EDGE_CURVE('',#507,#515,#519,.T.);
#521=ORIENTED_EDGE('',*,*,#520,.T.);
#522=CARTESIAN_POINT('',(-326.,579.128427125,1056.05623475));
#523=DIRECTION('',(-1.,-0.,0.));
#524=VECTOR('',#523,191.);
#525=LINE('',#522,#524);
#526=EDGE_CURVE('',#515,#497,#525,.T.);
#527=ORIENTED_EDGE('',*,*,#526,.T.);
#528=EDGE_LOOP('',(#505,#513,#521,#527));
#529=FACE_BOUND('',#528,.T.);
#530=ADVANCED_FACE('',(#529),#495,.T.);
#531=CARTESIAN_POINT('',(-491.5,504.3,982.05623475));
#532=DIRECTION('',(0.,0.,-1.));
#533=DIRECTION('',(1.,0.,0.));
#534=AXIS2_PLACEMENT_3D('',#531,#532,#533);
#535=PLANE('',#534);
#536=CARTESIAN_POINT('',(-517.,506.3,982.05623475));
#537=VERTEX_POINT('',#536);
#538=CARTESIAN_POINT('',(-517.,506.3,982.05623475));
#539=DIRECTION('',(0.,1.,0.));
#540=VECTOR('',#539,72.828427125);
#541=LINE('',#538,#540);
#542=EDGE_CURVE('',#537,#475,#541,.T.);
#543=ORIENTED_EDGE('',*,*,#542,.F.);
#544=CARTESIAN_POINT('',(-363.,506.3,982.05623475));
#545=VERTEX_POINT('',#544);
#546=CARTESIAN_POINT('',(-517.,506.3,982.05623475));
#547=DIRECTION('',(1.,0.,-0.));
#548=VECTOR('',#547,154.);
#549=LINE('',#546,#548);
#550=EDGE_CURVE('',#537,#545,#549,.T.);
#551=ORIENTED_EDGE('',*,*,#550,.T.);
#552=CARTESIAN_POINT('',(-363.,506.3,982.05623475));
#553=DIRECTION('',(0.,1.,0.));
#554=VECTOR('',#553,72.828427125);
#555=LINE('',#552,#554);
#556=EDGE_CURVE('',#545,#459,#555,.T.);
#557=ORIENTED_EDGE('',*,*,#556,.T.);
#558=ORIENTED_EDGE('',*,*,#486,.F.);
#559=EDGE_LOOP('',(#543,#551,#557,#558));
#560=FACE_BOUND('',#559,.T.);
#561=ADVANCED_FACE('',(#560),#535,.F.);
#562=CARTESIAN_POINT('',(-943.,584.3,-270.94376525));
#563=DIRECTION('',(0.,-1.,0.));
#564=DIRECTION('',(-1.,0.,0.));
#565=AXIS2_PLACEMENT_3D('',#562,#563,#564);
#566=PLANE('',#565);
#567=CARTESIAN_POINT('',(-358.55,584.3,1033.05623475));
#568=VERTEX_POINT('',#567);
#569=CARTESIAN_POINT('',(-453.95,584.3,1033.05623475));
#570=VERTEX_POINT('',#569);
#571=CARTESIAN_POINT('',(-358.55,584.3,1033.05623475));
#572=DIRECTION('',(-1.,0.,0.));
#573=VECTOR('',#572,95.4);
#574=LINE('',#571,#573);
#575=EDGE_CURVE('',#568,#570,#574,.T.);
#576=ORIENTED_EDGE('',*,*,#575,.T.);
#577=CARTESIAN_POINT('',(-458.25,584.3,1037.35623475));
#578=VERTEX_POINT('',#577);
#579=CARTESIAN_POINT('',(-453.95,584.3,1037.35623475));
#580=DIRECTION('',(-0.,-1.,-0.));
#581=DIRECTION('',(0.,0.,-1.));
#582=AXIS2_PLACEMENT_3D('',#579,#580,#581);
#583=CIRCLE('',#582,4.3);
#584=EDGE_CURVE('',#578,#570,#583,.T.);
#585=ORIENTED_EDGE('',*,*,#584,.F.);
#586=CARTESIAN_POINT('',(-458.25,584.3,1037.75623475));
#587=VERTEX_POINT('',#586);
#588=CARTESIAN_POINT('',(-458.25,584.3,1037.35623475));
#589=DIRECTION('',(0.,0.,1.));
#590=VECTOR('',#589,0.4);
#591=LINE('',#588,#590);
#592=EDGE_CURVE('',#578,#587,#591,.T.);
#593=ORIENTED_EDGE('',*,*,#592,.T.);
#594=CARTESIAN_POINT('',(-453.95,584.3,1042.05623475));
#595=VERTEX_POINT('',#594);
#596=CARTESIAN_POINT('',(-453.95,584.3,1037.75623475));
#597=DIRECTION('',(-0.,-1.,-0.));
#598=DIRECTION('',(0.,0.,-1.));
#599=AXIS2_PLACEMENT_3D('',#596,#597,#598);
#600=CIRCLE('',#599,4.3);
#601=EDGE_CURVE('',#595,#587,#600,.T.);
#602=ORIENTED_EDGE('',*,*,#601,.F.);
#603=CARTESIAN_POINT('',(-358.55,584.3,1042.05623475));
#604=VERTEX_POINT('',#603);
#605=CARTESIAN_POINT('',(-453.95,584.3,1042.05623475));
#606=DIRECTION('',(1.,0.,-0.));
#607=VECTOR('',#606,95.4);
#608=LINE('',#605,#607);
#609=EDGE_CURVE('',#595,#604,#608,.T.);
#610=ORIENTED_EDGE('',*,*,#609,.T.);
#611=CARTESIAN_POINT('',(-354.25,584.3,1037.75623475));
#612=VERTEX_POINT('',#611);
#613=CARTESIAN_POINT('',(-358.55,584.3,1037.75623475));
#614=DIRECTION('',(-0.,-1.,-0.));
#615=DIRECTION('',(0.,0.,-1.));
#616=AXIS2_PLACEMENT_3D('',#613,#614,#615);
#617=CIRCLE('',#616,4.3);
#618=EDGE_CURVE('',#612,#604,#617,.T.);
#619=ORIENTED_EDGE('',*,*,#618,.F.);
#620=CARTESIAN_POINT('',(-354.25,584.3,1037.35623475));
#621=VERTEX_POINT('',#620);
#622=CARTESIAN_POINT('',(-354.25,584.3,1037.75623475));
#623=DIRECTION('',(0.,0.,-1.));
#624=VECTOR('',#623,0.4);
#625=LINE('',#622,#624);
#626=EDGE_CURVE('',#612,#621,#625,.T.);
#627=ORIENTED_EDGE('',*,*,#626,.T.);
#628=CARTESIAN_POINT('',(-358.55,584.3,1037.35623475));
#629=DIRECTION('',(-0.,-1.,-0.));
#630=DIRECTION('',(0.,0.,-1.));
#631=AXIS2_PLACEMENT_3D('',#628,#629,#630);
#632=CIRCLE('',#631,4.3);
#633=EDGE_CURVE('',#568,#621,#632,.T.);
#634=ORIENTED_EDGE('',*,*,#633,.F.);
#635=EDGE_LOOP('',(#576,#585,#593,#602,#610,#619,#627,#634));
#636=FACE_BOUND('',#635,.T.);
#637=CARTESIAN_POINT('',(-331.171572875,584.3,1019.05623475));
#638=VERTEX_POINT('',#637);
#639=CARTESIAN_POINT('',(-363.,584.3,1019.05623475));
#640=DIRECTION('',(0.,1.,0.));
#641=DIRECTION('',(0.,0.,-1.));
#642=AXIS2_PLACEMENT_3D('',#639,#640,#641);
#643=CIRCLE('',#642,31.828427125);
#644=EDGE_CURVE('',#638,#457,#643,.T.);
#645=ORIENTED_EDGE('',*,*,#644,.F.);
#646=CARTESIAN_POINT('',(-331.171572875,584.3,1050.884661875));
#647=DIRECTION('',(-0.,-0.,-1.));
#648=VECTOR('',#647,31.828427125);
#649=LINE('',#646,#648);
#650=EDGE_CURVE('',#507,#638,#649,.T.);
#651=ORIENTED_EDGE('',*,*,#650,.F.);
#652=ORIENTED_EDGE('',*,*,#512,.F.);
#653=CARTESIAN_POINT('',(-517.,584.3,987.227807625));
#654=DIRECTION('',(0.,0.,1.));
#655=VECTOR('',#654,63.656854249);
#656=LINE('',#653,#655);
#657=EDGE_CURVE('',#467,#499,#656,.T.);
#658=ORIENTED_EDGE('',*,*,#657,.F.);
#659=ORIENTED_EDGE('',*,*,#472,.F.);
#660=EDGE_LOOP('',(#645,#651,#652,#658,#659));
#661=FACE_BOUND('',#660,.T.);
#662=ADVANCED_FACE('',(#636,#661),#566,.T.);
#663=CARTESIAN_POINT('',(-486.5,504.3,1056.05623475));
#664=DIRECTION('',(0.,0.,-1.));
#665=DIRECTION('',(1.,0.,0.));
#666=AXIS2_PLACEMENT_3D('',#663,#664,#665);
#667=PLANE('',#666);
#668=CARTESIAN_POINT('',(-326.,506.3,1056.05623475));
#669=VERTEX_POINT('',#668);
#670=CARTESIAN_POINT('',(-326.,579.128427125,1056.05623475));
#671=DIRECTION('',(0.,-1.,0.));
#672=VECTOR('',#671,72.828427125);
#673=LINE('',#670,#672);
#674=EDGE_CURVE('',#515,#669,#673,.T.);
#675=ORIENTED_EDGE('',*,*,#674,.T.);
#676=CARTESIAN_POINT('',(-517.,506.3,1056.05623475));
#677=VERTEX_POINT('',#676);
#678=CARTESIAN_POINT('',(-517.,506.3,1056.05623475));
#679=DIRECTION('',(1.,0.,-0.));
#680=VECTOR('',#679,191.);
#681=LINE('',#678,#680);
#682=EDGE_CURVE('',#677,#669,#681,.T.);
#683=ORIENTED_EDGE('',*,*,#682,.F.);
#684=CARTESIAN_POINT('',(-517.,506.3,1056.05623475));
#685=DIRECTION('',(0.,1.,0.));
#686=VECTOR('',#685,72.828427125);
#687=LINE('',#684,#686);
#688=EDGE_CURVE('',#677,#497,#687,.T.);
#689=ORIENTED_EDGE('',*,*,#688,.T.);
#690=ORIENTED_EDGE('',*,*,#526,.F.);
#691=EDGE_LOOP('',(#675,#683,#689,#690));
#692=FACE_BOUND('',#691,.T.);
#693=ADVANCED_FACE('',(#692),#667,.T.);
#694=CARTESIAN_POINT('',(-326.,504.3,1044.569401769));
#695=DIRECTION('',(-1.,0.,0.));
#696=DIRECTION('',(0.,0.,-1.));
#697=AXIS2_PLACEMENT_3D('',#694,#695,#696);
#698=PLANE('',#697);
#699=CARTESIAN_POINT('',(-326.,506.3,1019.05623475));
#700=VERTEX_POINT('',#699);
#701=CARTESIAN_POINT('',(-326.,579.128427125,1019.05623475));
#702=VERTEX_POINT('',#701);
#703=CARTESIAN_POINT('',(-326.,506.3,1019.05623475));
#704=DIRECTION('',(-0.,1.,-0.));
#705=VECTOR('',#704,72.828427125);
#706=LINE('',#703,#705);
#707=EDGE_CURVE('',#700,#702,#706,.T.);
#708=ORIENTED_EDGE('',*,*,#707,.F.);
#709=CARTESIAN_POINT('',(-326.,506.3,1056.05623475));
#710=DIRECTION('',(0.,0.,-1.));
#711=VECTOR('',#710,37.);
#712=LINE('',#709,#711);
#713=EDGE_CURVE('',#669,#700,#712,.T.);
#714=ORIENTED_EDGE('',*,*,#713,.F.);
#715=ORIENTED_EDGE('',*,*,#674,.F.);
#716=CARTESIAN_POINT('',(-326.,579.128427125,1019.05623475));
#717=DIRECTION('',(-0.,-0.,1.));
#718=VECTOR('',#717,37.);
#719=LINE('',#716,#718);
#720=EDGE_CURVE('',#702,#515,#719,.T.);
#721=ORIENTED_EDGE('',*,*,#720,.F.);
#722=EDGE_LOOP('',(#708,#714,#715,#721));
#723=FACE_BOUND('',#722,.T.);
#724=ADVANCED_FACE('',(#723),#698,.T.);
#725=CARTESIAN_POINT('',(-523.,589.3,1019.05623475));
#726=DIRECTION('',(1.,0.,0.));
#727=DIRECTION('',(0.,0.,1.));
#728=AXIS2_PLACEMENT_3D('',#725,#726,#727);
#729=PLANE('',#728);
#730=ORIENTED_EDGE('',*,*,#303,.T.);
#731=EDGE_LOOP('',(#730));
#732=FACE_BOUND('',#731,.T.);
#733=ORIENTED_EDGE('',*,*,#387,.T.);
#734=EDGE_LOOP('',(#733));
#735=FACE_BOUND('',#734,.T.);
#736=ORIENTED_EDGE('',*,*,#429,.T.);
#737=EDGE_LOOP('',(#736));
#738=FACE_BOUND('',#737,.T.);
#739=ORIENTED_EDGE('',*,*,#345,.T.);
#740=EDGE_LOOP('',(#739));
#741=FACE_BOUND('',#740,.T.);
#742=CARTESIAN_POINT('',(-523.,589.3,1049.05623475));
#743=VERTEX_POINT('',#742);
#744=CARTESIAN_POINT('',(-523.,589.3,984.813594063));
#745=VERTEX_POINT('',#744);
#746=CARTESIAN_POINT('',(-523.,589.3,1049.05623475));
#747=DIRECTION('',(0.,0.,-1.));
#748=VECTOR('',#747,64.242640687);
#749=LINE('',#746,#748);
#750=EDGE_CURVE('',#743,#745,#749,.T.);
#751=ORIENTED_EDGE('',*,*,#750,.T.);
#752=CARTESIAN_POINT('',(-523.,583.542640687,979.05623475));
#753=VERTEX_POINT('',#752);
#754=CARTESIAN_POINT('',(-523.,583.542640687,979.05623475));
#755=DIRECTION('',(-0.,0.707106781,0.707106781));
#756=VECTOR('',#755,8.142135624);
#757=LINE('',#754,#756);
#758=EDGE_CURVE('',#753,#745,#757,.T.);
#759=ORIENTED_EDGE('',*,*,#758,.F.);
#760=CARTESIAN_POINT('',(-523.,506.3,979.05623475));
#761=VERTEX_POINT('',#760);
#762=CARTESIAN_POINT('',(-523.,583.542640687,979.05623475));
#763=DIRECTION('',(0.,-1.,0.));
#764=VECTOR('',#763,77.242640687);
#765=LINE('',#762,#764);
#766=EDGE_CURVE('',#753,#761,#765,.T.);
#767=ORIENTED_EDGE('',*,*,#766,.T.);
#768=CARTESIAN_POINT('',(-523.,506.3,1059.05623475));
#769=VERTEX_POINT('',#768);
#770=CARTESIAN_POINT('',(-523.,506.3,1059.05623475));
#771=DIRECTION('',(0.,0.,-1.));
#772=VECTOR('',#771,80.);
#773=LINE('',#770,#772);
#774=EDGE_CURVE('',#769,#761,#773,.T.);
#775=ORIENTED_EDGE('',*,*,#774,.F.);
#776=CARTESIAN_POINT('',(-523.,579.3,1059.05623475));
#777=VERTEX_POINT('',#776);
#778=CARTESIAN_POINT('',(-523.,579.3,1059.05623475));
#779=DIRECTION('',(0.,-1.,0.));
#780=VECTOR('',#779,73.);
#781=LINE('',#778,#780);
#782=EDGE_CURVE('',#777,#769,#781,.T.);
#783=ORIENTED_EDGE('',*,*,#782,.F.);
#784=CARTESIAN_POINT('',(-523.,589.3,1049.05623475));
#785=DIRECTION('',(-0.,-0.707106781,0.707106781));
#786=VECTOR('',#785,14.142135624);
#787=LINE('',#784,#786);
#788=EDGE_CURVE('',#743,#777,#787,.T.);
#789=ORIENTED_EDGE('',*,*,#788,.F.);
#790=EDGE_LOOP('',(#751,#759,#767,#775,#783,#789));
#791=FACE_BOUND('',#790,.T.);
#792=ADVANCED_FACE('',(#732,#735,#738,#741,#791),#729,.F.);
#793=CARTESIAN_POINT('',(-473.,589.3,1059.05623475));
#794=DIRECTION('',(0.,0.,-1.));
#795=DIRECTION('',(1.,0.,0.));
#796=AXIS2_PLACEMENT_3D('',#793,#794,#795);
#797=PLANE('',#796);
#798=ORIENTED_EDGE('',*,*,#782,.T.);
#799=CARTESIAN_POINT('',(-359.240757327,506.3,1059.05623475));
#800=VERTEX_POINT('',#799);
#801=CARTESIAN_POINT('',(-359.240757327,506.3,1059.05623475));
#802=DIRECTION('',(-1.,0.,0.));
#803=VECTOR('',#802,163.759242673);
#804=LINE('',#801,#803);
#805=EDGE_CURVE('',#800,#769,#804,.T.);
#806=ORIENTED_EDGE('',*,*,#805,.F.);
#807=CARTESIAN_POINT('',(-359.240757327,579.3,1059.05623475));
#808=VERTEX_POINT('',#807);
#809=CARTESIAN_POINT('',(-359.240757327,579.3,1059.05623475));
#810=DIRECTION('',(0.,-1.,0.));
#811=VECTOR('',#810,73.);
#812=LINE('',#809,#811);
#813=EDGE_CURVE('',#808,#800,#812,.T.);
#814=ORIENTED_EDGE('',*,*,#813,.F.);
#815=CARTESIAN_POINT('',(-523.,579.3,1059.05623475));
#816=DIRECTION('',(1.,0.,-0.));
#817=VECTOR('',#816,163.759242673);
#818=LINE('',#815,#817);
#819=EDGE_CURVE('',#777,#808,#818,.T.);
#820=ORIENTED_EDGE('',*,*,#819,.F.);
#821=EDGE_LOOP('',(#798,#806,#814,#820));
#822=FACE_BOUND('',#821,.T.);
#823=ADVANCED_FACE('',(#822),#797,.F.);
#824=CARTESIAN_POINT('',(-323.,589.3,1019.05623475));
#825=DIRECTION('',(-1.,0.,0.));
#826=DIRECTION('',(0.,0.,-1.));
#827=AXIS2_PLACEMENT_3D('',#824,#825,#826);
#828=PLANE('',#827);
#829=CARTESIAN_POINT('',(-323.,506.3,1078.1017836));
#830=VERTEX_POINT('',#829);
#831=CARTESIAN_POINT('',(-323.,581.237438845,1078.1017836));
#832=VERTEX_POINT('',#831);
#833=CARTESIAN_POINT('',(-323.,506.3,1078.1017836));
#834=DIRECTION('',(-0.,1.,-0.));
#835=VECTOR('',#834,74.937438845);
#836=LINE('',#833,#835);
#837=EDGE_CURVE('',#830,#832,#836,.T.);
#838=ORIENTED_EDGE('',*,*,#837,.F.);
#839=CARTESIAN_POINT('',(-323.,506.3,1019.05623475));
#840=VERTEX_POINT('',#839);
#841=CARTESIAN_POINT('',(-323.,506.3,1019.05623475));
#842=DIRECTION('',(0.,0.,1.));
#843=VECTOR('',#842,59.04554885);
#844=LINE('',#841,#843);
#845=EDGE_CURVE('',#840,#830,#844,.T.);
#846=ORIENTED_EDGE('',*,*,#845,.F.);
#847=CARTESIAN_POINT('',(-323.,583.542640687,1019.05623475));
#848=VERTEX_POINT('',#847);
#849=CARTESIAN_POINT('',(-323.,583.542640687,1019.05623475));
#850=DIRECTION('',(0.,-1.,0.));
#851=VECTOR('',#850,77.242640687);
#852=LINE('',#849,#851);
#853=EDGE_CURVE('',#848,#840,#852,.T.);
#854=ORIENTED_EDGE('',*,*,#853,.F.);
#855=CARTESIAN_POINT('',(-323.,583.542640687,1072.546890692));
#856=VERTEX_POINT('',#855);
#857=CARTESIAN_POINT('',(-323.,583.542640687,1072.546890692));
#858=DIRECTION('',(-0.,-0.,-1.));
#859=VECTOR('',#858,53.490655942);
#860=LINE('',#857,#859);
#861=EDGE_CURVE('',#856,#848,#860,.T.);
#862=ORIENTED_EDGE('',*,*,#861,.F.);
#863=CARTESIAN_POINT('',(-323.,583.542640687,1072.546890692));
#864=CARTESIAN_POINT('',(-323.,582.670644197,1074.35553084));
#865=CARTESIAN_POINT('',(-323.,581.889152175,1076.201729061));
#866=CARTESIAN_POINT('',(-323.,581.237438845,1078.1017836));
#867=B_SPLINE_CURVE_WITH_KNOTS('',3,(#863,#864,#865,#866),.UNSPECIFIED.,.F.,.F.,(4,4),(0.,0.006014216),.UNSPECIFIED.);
#868=EDGE_CURVE('',#856,#832,#867,.T.);
#869=ORIENTED_EDGE('',*,*,#868,.T.);
#870=EDGE_LOOP('',(#838,#846,#854,#862,#869));
#871=FACE_BOUND('',#870,.T.);
#872=ADVANCED_FACE('',(#871),#828,.F.);
#873=CARTESIAN_POINT('',(-473.,589.3,979.05623475));
#874=DIRECTION('',(0.,0.,1.));
#875=DIRECTION('',(-1.,0.,0.));
#876=AXIS2_PLACEMENT_3D('',#873,#874,#875);
#877=PLANE('',#876);
#878=CARTESIAN_POINT('',(-363.,506.3,979.05623475));
#879=VERTEX_POINT('',#878);
#880=CARTESIAN_POINT('',(-363.,583.542640687,979.05623475));
#881=VERTEX_POINT('',#880);
#882=CARTESIAN_POINT('',(-363.,506.3,979.05623475));
#883=DIRECTION('',(-0.,1.,-0.));
#884=VECTOR('',#883,77.242640687);
#885=LINE('',#882,#884);
#886=EDGE_CURVE('',#879,#881,#885,.T.);
#887=ORIENTED_EDGE('',*,*,#886,.F.);
#888=CARTESIAN_POINT('',(-523.,506.3,979.05623475));
#889=DIRECTION('',(1.,0.,-0.));
#890=VECTOR('',#889,160.);
#891=LINE('',#888,#890);
#892=EDGE_CURVE('',#761,#879,#891,.T.);
#893=ORIENTED_EDGE('',*,*,#892,.F.);
#894=ORIENTED_EDGE('',*,*,#766,.F.);
#895=CARTESIAN_POINT('',(-363.,583.542640687,979.05623475));
#896=DIRECTION('',(-1.,-0.,0.));
#897=VECTOR('',#896,160.);
#898=LINE('',#895,#897);
#899=EDGE_CURVE('',#881,#753,#898,.T.);
#900=ORIENTED_EDGE('',*,*,#899,.F.);
#901=EDGE_LOOP('',(#887,#893,#894,#900));
#902=FACE_BOUND('',#901,.T.);
#903=ADVANCED_FACE('',(#902),#877,.F.);
#904=CARTESIAN_POINT('',(-943.,589.3,-270.94376525));
#905=DIRECTION('',(0.,-1.,0.));
#906=DIRECTION('',(-1.,0.,0.));
#907=AXIS2_PLACEMENT_3D('',#904,#905,#906);
#908=PLANE('',#907);
#909=ORIENTED_EDGE('',*,*,#136,.F.);
#910=ORIENTED_EDGE('',*,*,#253,.F.);
#911=ORIENTED_EDGE('',*,*,#96,.F.);
#912=ORIENTED_EDGE('',*,*,#229,.F.);
#913=ORIENTED_EDGE('',*,*,#56,.F.);
#914=ORIENTED_EDGE('',*,*,#205,.F.);
#915=ORIENTED_EDGE('',*,*,#176,.F.);
#916=ORIENTED_EDGE('',*,*,#277,.F.);
#917=EDGE_LOOP('',(#909,#910,#911,#912,#913,#914,#915,#916));
#918=FACE_BOUND('',#917,.T.);
#919=CARTESIAN_POINT('',(-328.757359313,589.3,1057.239660885));
#920=VERTEX_POINT('',#919);
#921=CARTESIAN_POINT('',(-353.,589.3,1049.05623475));
#922=VERTEX_POINT('',#921);
#923=CARTESIAN_POINT('',(-353.,589.3,1089.05623475));
#924=DIRECTION('',(0.,1.,0.));
#925=DIRECTION('',(0.,0.,-1.));
#926=AXIS2_PLACEMENT_3D('',#923,#924,#925);
#927=CIRCLE('',#926,40.);
#928=EDGE_CURVE('',#920,#922,#927,.T.);
#929=ORIENTED_EDGE('',*,*,#928,.F.);
#930=CARTESIAN_POINT('',(-328.757359313,589.3,1019.05623475));
#931=VERTEX_POINT('',#930);
#932=CARTESIAN_POINT('',(-328.757359313,589.3,1019.05623475));
#933=DIRECTION('',(-0.,-0.,1.));
#934=VECTOR('',#933,38.183426135);
#935=LINE('',#932,#934);
#936=EDGE_CURVE('',#931,#920,#935,.T.);
#937=ORIENTED_EDGE('',*,*,#936,.F.);
#938=CARTESIAN_POINT('',(-363.,589.3,984.813594063));
#939=VERTEX_POINT('',#938);
#940=CARTESIAN_POINT('',(-363.,589.3,1019.05623475));
#941=DIRECTION('',(-0.,-1.,-0.));
#942=DIRECTION('',(0.,0.,-1.));
#943=AXIS2_PLACEMENT_3D('',#940,#941,#942);
#944=CIRCLE('',#943,34.242640687);
#945=EDGE_CURVE('',#939,#931,#944,.T.);
#946=ORIENTED_EDGE('',*,*,#945,.F.);
#947=CARTESIAN_POINT('',(-523.,589.3,984.813594063));
#948=DIRECTION('',(1.,-0.,-0.));
#949=VECTOR('',#948,160.);
#950=LINE('',#947,#949);
#951=EDGE_CURVE('',#745,#939,#950,.T.);
#952=ORIENTED_EDGE('',*,*,#951,.F.);
#953=ORIENTED_EDGE('',*,*,#750,.F.);
#954=CARTESIAN_POINT('',(-353.,589.3,1049.05623475));
#955=DIRECTION('',(-1.,0.,0.));
#956=VECTOR('',#955,170.);
#957=LINE('',#954,#956);
#958=EDGE_CURVE('',#922,#743,#957,.T.);
#959=ORIENTED_EDGE('',*,*,#958,.F.);
#960=EDGE_LOOP('',(#929,#937,#946,#952,#953,#959));
#961=FACE_BOUND('',#960,.T.);
#962=ADVANCED_FACE('',(#918,#961),#908,.F.);
#963=CARTESIAN_POINT('',(-359.240757327,589.3,1099.05623475));
#964=DIRECTION('',(0.,-1.,0.));
#965=DIRECTION('',(0.,0.,-1.));
#966=AXIS2_PLACEMENT_3D('',#963,#964,#965);
#967=CYLINDRICAL_SURFACE('',#966,40.);
#968=ORIENTED_EDGE('',*,*,#813,.T.);
#969=CARTESIAN_POINT('',(-324.859528702,506.3,1078.612871078));
#970=VERTEX_POINT('',#969);
#971=CARTESIAN_POINT('',(-359.240757327,506.3,1099.05623475));
#972=DIRECTION('',(0.,1.,0.));
#973=DIRECTION('',(0.,0.,-1.));
#974=AXIS2_PLACEMENT_3D('',#971,#972,#973);
#975=CIRCLE('',#974,40.);
#976=EDGE_CURVE('',#970,#800,#975,.T.);
#977=ORIENTED_EDGE('',*,*,#976,.F.);
#978=CARTESIAN_POINT('',(-324.859528702,579.315828652,1078.612871078));
#979=VERTEX_POINT('',#978);
#980=CARTESIAN_POINT('',(-324.859528702,579.315828652,1078.612871078));
#981=DIRECTION('',(0.,-1.,0.));
#982=VECTOR('',#981,73.015828652);
#983=LINE('',#980,#982);
#984=EDGE_CURVE('',#979,#970,#983,.T.);
#985=ORIENTED_EDGE('',*,*,#984,.F.);
#986=CARTESIAN_POINT('',(-353.,578.810162591,1059.546072159));
#987=VERTEX_POINT('',#986);
#988=CARTESIAN_POINT('',(-353.,578.810162591,1059.546072159));
#989=CARTESIAN_POINT('',(-351.553136398,578.581625829,1059.774608921));
#990=CARTESIAN_POINT('',(-350.128775559,578.381540979,1060.080795189));
#991=CARTESIAN_POINT('',(-348.726244951,578.210957011,1060.462905929));
#992=CARTESIAN_POINT('',(-347.323714343,578.040373043,1060.845016669));
#993=CARTESIAN_POINT('',(-345.943015425,577.899293847,1061.303057557));
#994=CARTESIAN_POINT('',(-344.584321903,577.789472075,1061.838108781));
#995=CARTESIAN_POINT('',(-343.904975143,577.734561189,1062.105634393));
#996=CARTESIAN_POINT('',(-343.231143174,577.687470344,1062.392455427));
#997=CARTESIAN_POINT('',(-342.562928646,577.648498692,1062.698979209));
#998=CARTESIAN_POINT('',(-342.228821383,577.629012865,1062.852241099));
#999=CARTESIAN_POINT('',(-341.896120115,577.611549799,1063.010431466));
#1000=CARTESIAN_POINT('',(-341.564842663,577.596158206,1063.173620007));
#1001=CARTESIAN_POINT('',(-341.233565211,577.580766614,1063.336808549));
#1002=CARTESIAN_POINT('',(-340.903143812,577.567425178,1063.505301656));
#1003=CARTESIAN_POINT('',(-340.57587894,577.556248983,1063.677960134));
#1004=CARTESIAN_POINT('',(-339.26681945,577.511544202,1064.368594047));
#1005=CARTESIAN_POINT('',(-338.007906126,577.501273184,1065.125353196));
#1006=CARTESIAN_POINT('',(-336.797369763,577.52433099,1065.94589868));
#1007=CARTESIAN_POINT('',(-335.5868334,577.547388797,1066.766444165));
#1008=CARTESIAN_POINT('',(-334.4246841,577.603787102,1067.650789048));
#1009=CARTESIAN_POINT('',(-333.310933895,577.692930845,1068.598981808));
#1010=CARTESIAN_POINT('',(-332.754058793,577.737502717,1069.073078188));
#1011=CARTESIAN_POINT('',(-332.209310479,577.790281878,1069.563172031));
#1012=CARTESIAN_POINT('',(-331.676855469,577.851233452,1070.06949098));
#1013=CARTESIAN_POINT('',(-331.14440046,577.912185027,1070.575809929));
#1014=CARTESIAN_POINT('',(-330.622803167,577.981560237,1071.099950682));
#1015=CARTESIAN_POINT('',(-330.118531775,578.058357618,1071.635513044));
#1016=CARTESIAN_POINT('',(-329.109988992,578.21195238,1072.706637767));
#1017=CARTESIAN_POINT('',(-328.168723204,578.395139297,1073.824330433));
#1018=CARTESIAN_POINT('',(-327.292540419,578.605411219,1074.987345362));
#1019=CARTESIAN_POINT('',(-326.416357634,578.815683141,1076.15036029));
#1020=CARTESIAN_POINT('',(-325.605266959,579.053043931,1077.358703812));
#1021=CARTESIAN_POINT('',(-324.859528702,579.315828652,1078.612871078));
#1022=B_SPLINE_CURVE_WITH_KNOTS('',3,(#988,#989,#990,#991,#992,#993,#994,#995,#996,#997,#998,#999,#1000,#1001,#1002,#1003,#1004,#1005,#1006,#1007,#1008,#1009,#1010,#1011,#1012,#1013,
#1014,#1015,#1016,#1017,#1018,#1019,#1020,#1021),.UNSPECIFIED.,.F.,.F.,(4,3,3,3,3,3,3,3,3,3,3,4),(0.,0.00438452,0.008769039,0.010961299,0.012057429,0.013153559,0.017538079,0.021922598,0.024114858,0.026307118,0.030691637,0.035076157),.UNSPECIFIED.);
#1023=EDGE_CURVE('',#987,#979,#1022,.T.);
#1024=ORIENTED_EDGE('',*,*,#1023,.F.);
#1025=CARTESIAN_POINT('',(-359.240757327,539.3,1099.05623475));
#1026=DIRECTION('',(-0.,-0.707106781,-0.707106781));
#1027=DIRECTION('',(0.,-0.707106781,0.707106781));
#1028=AXIS2_PLACEMENT_3D('',#1025,#1026,#1027);
#1029=ELLIPSE('',#1028,56.568542495,40.);
#1030=EDGE_CURVE('',#808,#987,#1029,.T.);
#1031=ORIENTED_EDGE('',*,*,#1030,.F.);
#1032=EDGE_LOOP('',(#968,#977,#985,#1024,#1031));
#1033=FACE_BOUND('',#1032,.T.);
#1034=ADVANCED_FACE('',(#1033),#967,.F.);
#1035=CARTESIAN_POINT('',(-324.,589.3,1078.1017836));
#1036=DIRECTION('',(0.,-1.,0.));
#1037=DIRECTION('',(0.,0.,-1.));
#1038=AXIS2_PLACEMENT_3D('',#1035,#1036,#1037);
#1039=CYLINDRICAL_SURFACE('',#1038,1.);
#1040=ORIENTED_EDGE('',*,*,#984,.T.);
#1041=CARTESIAN_POINT('',(-324.,506.3,1078.1017836));
#1042=DIRECTION('',(0.,1.,0.));
#1043=DIRECTION('',(0.,0.,-1.));
#1044=AXIS2_PLACEMENT_3D('',#1041,#1042,#1043);
#1045=CIRCLE('',#1044,1.);
#1046=EDGE_CURVE('',#970,#830,#1045,.T.);
#1047=ORIENTED_EDGE('',*,*,#1046,.T.);
#1048=ORIENTED_EDGE('',*,*,#837,.T.);
#1049=CARTESIAN_POINT('',(-324.859528702,579.315828652,1078.612871078));
#1050=CARTESIAN_POINT('',(-324.825235337,579.327913197,1078.670544431));
#1051=CARTESIAN_POINT('',(-324.785065374,579.347029869,1078.724488563));
#1052=CARTESIAN_POINT('',(-324.742211536,579.371068098,1078.771949278));
#1053=CARTESIAN_POINT('',(-324.699357697,579.395106327,1078.819409993));
#1054=CARTESIAN_POINT('',(-324.652829838,579.424552988,1078.861668921));
#1055=CARTESIAN_POINT('',(-324.604973874,579.457364844,1078.898028921));
#1056=CARTESIAN_POINT('',(-324.557117911,579.4901767,1078.934388921));
#1057=CARTESIAN_POINT('',(-324.508103023,579.526168911,1078.964913333));
#1058=CARTESIAN_POINT('',(-324.458124506,579.564735544,1078.990671634));
#1059=CARTESIAN_POINT('',(-324.40814599,579.603302177,1079.016429934));
#1060=CARTESIAN_POINT('',(-324.356842424,579.644770729,1079.037469019));
#1061=CARTESIAN_POINT('',(-324.306078541,579.687333421,1079.053789864));
#1062=CARTESIAN_POINT('',(-324.204550774,579.772458804,1079.086431554));
#1063=CARTESIAN_POINT('',(-324.104139582,579.862558787,1079.101320187));
#1064=CARTESIAN_POINT('',(-324.004549391,579.956605483,1079.101773251));
#1065=CARTESIAN_POINT('',(-323.904959201,580.050652178,1079.102226315));
#1066=CARTESIAN_POINT('',(-323.808553813,580.146493967,1079.088001441));
#1067=CARTESIAN_POINT('',(-323.716197576,580.242728895,1079.060666379));
#1068=CARTESIAN_POINT('',(-323.62384134,580.338963822,1079.033331317));
#1069=CARTESIAN_POINT('',(-323.534850614,580.436418387,1078.992334327));
#1070=CARTESIAN_POINT('',(-323.453469986,580.530615752,1078.939223117));
#1071=CARTESIAN_POINT('',(-323.372089359,580.624813116,1078.886111906));
#1072=CARTESIAN_POINT('',(-323.297239006,580.716788749,1078.820829134));
#1073=CARTESIAN_POINT('',(-323.230556722,580.806097224,1078.74049875));
#1074=CARTESIAN_POINT('',(-323.163874439,580.895405699,1078.660168365));
#1075=CARTESIAN_POINT('',(-323.107763049,580.978777672,1078.567821963));
#1076=CARTESIAN_POINT('',(-323.066456226,581.053613949,1078.460247019));
#1077=CARTESIAN_POINT('',(-323.025149404,581.128450227,1078.352672074));
#1078=CARTESIAN_POINT('',(-323.00000001,581.192946028,1078.231501317));
#1079=CARTESIAN_POINT('',(-323.,581.237438845,1078.1017836));
#1080=B_SPLINE_CURVE_WITH_KNOTS('',3,(#1049,#1050,#1051,#1052,#1053,#1054,#1055,#1056,#1057,#1058,#1059,#1060,#1061,#1062,#1063,#1064,#1065,#1066,#1067,#1068,#1069,#1070,#1071,#1072,#1073,#1074,
#1075,#1076,#1077,#1078,#1079),.UNSPECIFIED.,.F.,.F.,(4,3,3,3,3,3,3,3,3,3,4),(0.000175433,0.000379578,0.000583722,0.000787867,0.000992012,0.001400302,0.001808591,0.002216881,0.00262517,0.00303346,0.00344175),.UNSPECIFIED.);
#1081=EDGE_CURVE('',#979,#832,#1080,.T.);
#1082=ORIENTED_EDGE('',*,*,#1081,.F.);
#1083=EDGE_LOOP('',(#1040,#1047,#1048,#1082));
#1084=FACE_BOUND('',#1083,.T.);
#1085=ADVANCED_FACE('',(#1084),#1039,.T.);
#1086=CARTESIAN_POINT('',(-363.,589.3,1019.05623475));
#1087=DIRECTION('',(0.,-1.,0.));
#1088=DIRECTION('',(0.,0.,-1.));
#1089=AXIS2_PLACEMENT_3D('',#1086,#1087,#1088);
#1090=CYLINDRICAL_SURFACE('',#1089,40.);
#1091=ORIENTED_EDGE('',*,*,#853,.T.);
#1092=CARTESIAN_POINT('',(-363.,506.3,1019.05623475));
#1093=DIRECTION('',(0.,1.,0.));
#1094=DIRECTION('',(0.,0.,-1.));
#1095=AXIS2_PLACEMENT_3D('',#1092,#1093,#1094);
#1096=CIRCLE('',#1095,40.);
#1097=EDGE_CURVE('',#840,#879,#1096,.T.);
#1098=ORIENTED_EDGE('',*,*,#1097,.T.);
#1099=ORIENTED_EDGE('',*,*,#886,.T.);
#1100=CARTESIAN_POINT('',(-363.,583.542640687,1019.05623475));
#1101=DIRECTION('',(0.,1.,0.));
#1102=DIRECTION('',(0.,0.,-1.));
#1103=AXIS2_PLACEMENT_3D('',#1100,#1101,#1102);
#1104=CIRCLE('',#1103,40.);
#1105=EDGE_CURVE('',#848,#881,#1104,.T.);
#1106=ORIENTED_EDGE('',*,*,#1105,.F.);
#1107=EDGE_LOOP('',(#1091,#1098,#1099,#1106));
#1108=FACE_BOUND('',#1107,.T.);
#1109=ADVANCED_FACE('',(#1108),#1090,.T.);
#1110=CARTESIAN_POINT('',(-517.,504.3,1019.05623475));
#1111=DIRECTION('',(1.,0.,0.));
#1112=DIRECTION('',(0.,0.,1.));
#1113=AXIS2_PLACEMENT_3D('',#1110,#1111,#1112);
#1114=PLANE('',#1113);
#1115=CARTESIAN_POINT('',(-517.,517.65,991.198350917));
#1116=VERTEX_POINT('',#1115);
#1117=CARTESIAN_POINT('',(-517.,516.,994.05623475));
#1118=VERTEX_POINT('',#1117);
#1119=CARTESIAN_POINT('',(-517.,517.65,991.198350917));
#1120=DIRECTION('',(0.,-0.5,0.866025404));
#1121=VECTOR('',#1120,3.3);
#1122=LINE('',#1119,#1121);
#1123=EDGE_CURVE('',#1116,#1118,#1122,.T.);
#1124=ORIENTED_EDGE('',*,*,#1123,.T.);
#1125=CARTESIAN_POINT('',(-517.,517.65,996.914118582));
#1126=VERTEX_POINT('',#1125);
#1127=CARTESIAN_POINT('',(-517.,516.,994.05623475));
#1128=DIRECTION('',(0.,0.5,0.866025404));
#1129=VECTOR('',#1128,3.3);
#1130=LINE('',#1127,#1129);
#1131=EDGE_CURVE('',#1118,#1126,#1130,.T.);
#1132=ORIENTED_EDGE('',*,*,#1131,.T.);
#1133=CARTESIAN_POINT('',(-517.,520.95,996.914118582));
#1134=VERTEX_POINT('',#1133);
#1135=CARTESIAN_POINT('',(-517.,517.65,996.914118582));
#1136=DIRECTION('',(0.,1.,0.));
#1137=VECTOR('',#1136,3.3);
#1138=LINE('',#1135,#1137);
#1139=EDGE_CURVE('',#1126,#1134,#1138,.T.);
#1140=ORIENTED_EDGE('',*,*,#1139,.T.);
#1141=CARTESIAN_POINT('',(-517.,522.6,994.05623475));
#1142=VERTEX_POINT('',#1141);
#1143=CARTESIAN_POINT('',(-517.,520.95,996.914118582));
#1144=DIRECTION('',(0.,0.5,-0.866025404));
#1145=VECTOR('',#1144,3.3);
#1146=LINE('',#1143,#1145);
#1147=EDGE_CURVE('',#1134,#1142,#1146,.T.);
#1148=ORIENTED_EDGE('',*,*,#1147,.T.);
#1149=CARTESIAN_POINT('',(-517.,520.95,991.198350917));
#1150=VERTEX_POINT('',#1149);
#1151=CARTESIAN_POINT('',(-517.,522.6,994.05623475));
#1152=DIRECTION('',(0.,-0.5,-0.866025404));
#1153=VECTOR('',#1152,3.3);
#1154=LINE('',#1151,#1153);
#1155=EDGE_CURVE('',#1142,#1150,#1154,.T.);
#1156=ORIENTED_EDGE('',*,*,#1155,.T.);
#1157=CARTESIAN_POINT('',(-517.,520.95,991.198350917));
#1158=DIRECTION('',(0.,-1.,0.));
#1159=VECTOR('',#1158,3.3);
#1160=LINE('',#1157,#1159);
#1161=EDGE_CURVE('',#1150,#1116,#1160,.T.);
#1162=ORIENTED_EDGE('',*,*,#1161,.T.);
#1163=EDGE_LOOP('',(#1124,#1132,#1140,#1148,#1156,#1162));
#1164=FACE_BOUND('',#1163,.T.);
#1165=CARTESIAN_POINT('',(-517.,557.65,1041.198350917));
#1166=VERTEX_POINT('',#1165);
#1167=CARTESIAN_POINT('',(-517.,556.,1044.05623475));
#1168=VERTEX_POINT('',#1167);
#1169=CARTESIAN_POINT('',(-517.,557.65,1041.198350917));
#1170=DIRECTION('',(0.,-0.5,0.866025404));
#1171=VECTOR('',#1170,3.3);
#1172=LINE('',#1169,#1171);
#1173=EDGE_CURVE('',#1166,#1168,#1172,.T.);
#1174=ORIENTED_EDGE('',*,*,#1173,.T.);
#1175=CARTESIAN_POINT('',(-517.,557.65,1046.914118582));
#1176=VERTEX_POINT('',#1175);
#1177=CARTESIAN_POINT('',(-517.,556.,1044.05623475));
#1178=DIRECTION('',(0.,0.5,0.866025404));
#1179=VECTOR('',#1178,3.3);
#1180=LINE('',#1177,#1179);
#1181=EDGE_CURVE('',#1168,#1176,#1180,.T.);
#1182=ORIENTED_EDGE('',*,*,#1181,.T.);
#1183=CARTESIAN_POINT('',(-517.,560.95,1046.914118582));
#1184=VERTEX_POINT('',#1183);
#1185=CARTESIAN_POINT('',(-517.,557.65,1046.914118582));
#1186=DIRECTION('',(0.,1.,0.));
#1187=VECTOR('',#1186,3.3);
#1188=LINE('',#1185,#1187);
#1189=EDGE_CURVE('',#1176,#1184,#1188,.T.);
#1190=ORIENTED_EDGE('',*,*,#1189,.T.);
#1191=CARTESIAN_POINT('',(-517.,562.6,1044.05623475));
#1192=VERTEX_POINT('',#1191);
#1193=CARTESIAN_POINT('',(-517.,560.95,1046.914118582));
#1194=DIRECTION('',(0.,0.5,-0.866025404));
#1195=VECTOR('',#1194,3.3);
#1196=LINE('',#1193,#1195);
#1197=EDGE_CURVE('',#1184,#1192,#1196,.T.);
#1198=ORIENTED_EDGE('',*,*,#1197,.T.);
#1199=CARTESIAN_POINT('',(-517.,560.95,1041.198350917));
#1200=VERTEX_POINT('',#1199);
#1201=CARTESIAN_POINT('',(-517.,562.6,1044.05623475));
#1202=DIRECTION('',(0.,-0.5,-0.866025404));
#1203=VECTOR('',#1202,3.3);
#1204=LINE('',#1201,#1203);
#1205=EDGE_CURVE('',#1192,#1200,#1204,.T.);
#1206=ORIENTED_EDGE('',*,*,#1205,.T.);
#1207=CARTESIAN_POINT('',(-517.,560.95,1041.198350917));
#1208=DIRECTION('',(0.,-1.,-0.));
#1209=VECTOR('',#1208,3.3);
#1210=LINE('',#1207,#1209);
#1211=EDGE_CURVE('',#1200,#1166,#1210,.T.);
#1212=ORIENTED_EDGE('',*,*,#1211,.T.);
#1213=EDGE_LOOP('',(#1174,#1182,#1190,#1198,#1206,#1212));
#1214=FACE_BOUND('',#1213,.T.);
#1215=CARTESIAN_POINT('',(-517.,517.65,1041.198350917));
#1216=VERTEX_POINT('',#1215);
#1217=CARTESIAN_POINT('',(-517.,516.,1044.05623475));
#1218=VERTEX_POINT('',#1217);
#1219=CARTESIAN_POINT('',(-517.,517.65,1041.198350917));
#1220=DIRECTION('',(0.,-0.5,0.866025404));
#1221=VECTOR('',#1220,3.3);
#1222=LINE('',#1219,#1221);
#1223=EDGE_CURVE('',#1216,#1218,#1222,.T.);
#1224=ORIENTED_EDGE('',*,*,#1223,.T.);
#1225=CARTESIAN_POINT('',(-517.,517.65,1046.914118582));
#1226=VERTEX_POINT('',#1225);
#1227=CARTESIAN_POINT('',(-517.,516.,1044.05623475));
#1228=DIRECTION('',(0.,0.5,0.866025404));
#1229=VECTOR('',#1228,3.3);
#1230=LINE('',#1227,#1229);
#1231=EDGE_CURVE('',#1218,#1226,#1230,.T.);
#1232=ORIENTED_EDGE('',*,*,#1231,.T.);
#1233=CARTESIAN_POINT('',(-517.,520.95,1046.914118582));
#1234=VERTEX_POINT('',#1233);
#1235=CARTESIAN_POINT('',(-517.,517.65,1046.914118582));
#1236=DIRECTION('',(0.,1.,-0.));
#1237=VECTOR('',#1236,3.3);
#1238=LINE('',#1235,#1237);
#1239=EDGE_CURVE('',#1226,#1234,#1238,.T.);
#1240=ORIENTED_EDGE('',*,*,#1239,.T.);
#1241=CARTESIAN_POINT('',(-517.,522.6,1044.05623475));
#1242=VERTEX_POINT('',#1241);
#1243=CARTESIAN_POINT('',(-517.,520.95,1046.914118582));
#1244=DIRECTION('',(0.,0.5,-0.866025404));
#1245=VECTOR('',#1244,3.3);
#1246=LINE('',#1243,#1245);
#1247=EDGE_CURVE('',#1234,#1242,#1246,.T.);
#1248=ORIENTED_EDGE('',*,*,#1247,.T.);
#1249=CARTESIAN_POINT('',(-517.,520.95,1041.198350917));
#1250=VERTEX_POINT('',#1249);
#1251=CARTESIAN_POINT('',(-517.,522.6,1044.05623475));
#1252=DIRECTION('',(0.,-0.5,-0.866025404));
#1253=VECTOR('',#1252,3.3);
#1254=LINE('',#1251,#1253);
#1255=EDGE_CURVE('',#1242,#1250,#1254,.T.);
#1256=ORIENTED_EDGE('',*,*,#1255,.T.);
#1257=CARTESIAN_POINT('',(-517.,520.95,1041.198350917));
#1258=DIRECTION('',(0.,-1.,0.));
#1259=VECTOR('',#1258,3.3);
#1260=LINE('',#1257,#1259);
#1261=EDGE_CURVE('',#1250,#1216,#1260,.T.);
#1262=ORIENTED_EDGE('',*,*,#1261,.T.);
#1263=EDGE_LOOP('',(#1224,#1232,#1240,#1248,#1256,#1262));
#1264=FACE_BOUND('',#1263,.T.);
#1265=CARTESIAN_POINT('',(-517.,557.65,991.198350917));
#1266=VERTEX_POINT('',#1265);
#1267=CARTESIAN_POINT('',(-517.,556.,994.05623475));
#1268=VERTEX_POINT('',#1267);
#1269=CARTESIAN_POINT('',(-517.,557.65,991.198350917));
#1270=DIRECTION('',(0.,-0.5,0.866025404));
#1271=VECTOR('',#1270,3.3);
#1272=LINE('',#1269,#1271);
#1273=EDGE_CURVE('',#1266,#1268,#1272,.T.);
#1274=ORIENTED_EDGE('',*,*,#1273,.T.);
#1275=CARTESIAN_POINT('',(-517.,557.65,996.914118582));
#1276=VERTEX_POINT('',#1275);
#1277=CARTESIAN_POINT('',(-517.,556.,994.05623475));
#1278=DIRECTION('',(0.,0.5,0.866025404));
#1279=VECTOR('',#1278,3.3);
#1280=LINE('',#1277,#1279);
#1281=EDGE_CURVE('',#1268,#1276,#1280,.T.);
#1282=ORIENTED_EDGE('',*,*,#1281,.T.);
#1283=CARTESIAN_POINT('',(-517.,560.95,996.914118582));
#1284=VERTEX_POINT('',#1283);
#1285=CARTESIAN_POINT('',(-517.,557.65,996.914118582));
#1286=DIRECTION('',(0.,1.,0.));
#1287=VECTOR('',#1286,3.3);
#1288=LINE('',#1285,#1287);
#1289=EDGE_CURVE('',#1276,#1284,#1288,.T.);
#1290=ORIENTED_EDGE('',*,*,#1289,.T.);
#1291=CARTESIAN_POINT('',(-517.,562.6,994.05623475));
#1292=VERTEX_POINT('',#1291);
#1293=CARTESIAN_POINT('',(-517.,560.95,996.914118582));
#1294=DIRECTION('',(0.,0.5,-0.866025404));
#1295=VECTOR('',#1294,3.3);
#1296=LINE('',#1293,#1295);
#1297=EDGE_CURVE('',#1284,#1292,#1296,.T.);
#1298=ORIENTED_EDGE('',*,*,#1297,.T.);
#1299=CARTESIAN_POINT('',(-517.,560.95,991.198350917));
#1300=VERTEX_POINT('',#1299);
#1301=CARTESIAN_POINT('',(-517.,562.6,994.05623475));
#1302=DIRECTION('',(0.,-0.5,-0.866025404));
#1303=VECTOR('',#1302,3.3);
#1304=LINE('',#1301,#1303);
#1305=EDGE_CURVE('',#1292,#1300,#1304,.T.);
#1306=ORIENTED_EDGE('',*,*,#1305,.T.);
#1307=CARTESIAN_POINT('',(-517.,560.95,991.198350917));
#1308=DIRECTION('',(0.,-1.,-0.));
#1309=VECTOR('',#1308,3.3);
#1310=LINE('',#1307,#1309);
#1311=EDGE_CURVE('',#1300,#1266,#1310,.T.);
#1312=ORIENTED_EDGE('',*,*,#1311,.T.);
#1313=EDGE_LOOP('',(#1274,#1282,#1290,#1298,#1306,#1312));
#1314=FACE_BOUND('',#1313,.T.);
#1315=ORIENTED_EDGE('',*,*,#657,.T.);
#1316=ORIENTED_EDGE('',*,*,#504,.F.);
#1317=ORIENTED_EDGE('',*,*,#688,.F.);
#1318=CARTESIAN_POINT('',(-517.,506.3,982.05623475));
#1319=DIRECTION('',(0.,0.,1.));
#1320=VECTOR('',#1319,74.);
#1321=LINE('',#1318,#1320);
#1322=EDGE_CURVE('',#537,#677,#1321,.T.);
#1323=ORIENTED_EDGE('',*,*,#1322,.F.);
#1324=ORIENTED_EDGE('',*,*,#542,.T.);
#1325=ORIENTED_EDGE('',*,*,#480,.F.);
#1326=EDGE_LOOP('',(#1315,#1316,#1317,#1323,#1324,#1325));
#1327=FACE_BOUND('',#1326,.T.);
#1328=ADVANCED_FACE('',(#1164,#1214,#1264,#1314,#1327),#1114,.T.);
#1329=CARTESIAN_POINT('',(-363.,504.3,1019.05623475));
#1330=DIRECTION('',(0.,-1.,0.));
#1331=DIRECTION('',(0.,0.,-1.));
#1332=AXIS2_PLACEMENT_3D('',#1329,#1330,#1331);
#1333=CYLINDRICAL_SURFACE('',#1332,37.);
#1334=ORIENTED_EDGE('',*,*,#556,.F.);
#1335=CARTESIAN_POINT('',(-363.,506.3,1019.05623475));
#1336=DIRECTION('',(0.,1.,0.));
#1337=DIRECTION('',(0.,0.,-1.));
#1338=AXIS2_PLACEMENT_3D('',#1335,#1336,#1337);
#1339=CIRCLE('',#1338,37.);
#1340=EDGE_CURVE('',#700,#545,#1339,.T.);
#1341=ORIENTED_EDGE('',*,*,#1340,.F.);
#1342=ORIENTED_EDGE('',*,*,#707,.T.);
#1343=CARTESIAN_POINT('',(-363.,579.128427125,1019.05623475));
#1344=DIRECTION('',(-0.,-1.,-0.));
#1345=DIRECTION('',(0.,0.,-1.));
#1346=AXIS2_PLACEMENT_3D('',#1343,#1344,#1345);
#1347=CIRCLE('',#1346,37.);
#1348=EDGE_CURVE('',#459,#702,#1347,.T.);
#1349=ORIENTED_EDGE('',*,*,#1348,.F.);
#1350=EDGE_LOOP('',(#1334,#1341,#1342,#1349));
#1351=FACE_BOUND('',#1350,.T.);
#1352=ADVANCED_FACE('',(#1351),#1333,.F.);
#1353=CARTESIAN_POINT('',(-943.,506.3,-270.94376525));
#1354=DIRECTION('',(0.,-1.,0.));
#1355=DIRECTION('',(-1.,0.,0.));
#1356=AXIS2_PLACEMENT_3D('',#1353,#1354,#1355);
#1357=PLANE('',#1356);
#1358=ORIENTED_EDGE('',*,*,#713,.T.);
#1359=ORIENTED_EDGE('',*,*,#1340,.T.);
#1360=ORIENTED_EDGE('',*,*,#550,.F.);
#1361=ORIENTED_EDGE('',*,*,#1322,.T.);
#1362=ORIENTED_EDGE('',*,*,#682,.T.);
#1363=EDGE_LOOP('',(#1358,#1359,#1360,#1361,#1362));
#1364=FACE_BOUND('',#1363,.T.);
#1365=ORIENTED_EDGE('',*,*,#774,.T.);
#1366=ORIENTED_EDGE('',*,*,#892,.T.);
#1367=ORIENTED_EDGE('',*,*,#1097,.F.);
#1368=ORIENTED_EDGE('',*,*,#845,.T.);
#1369=ORIENTED_EDGE('',*,*,#1046,.F.);
#1370=ORIENTED_EDGE('',*,*,#976,.T.);
#1371=ORIENTED_EDGE('',*,*,#805,.T.);
#1372=EDGE_LOOP('',(#1365,#1366,#1367,#1368,#1369,#1370,#1371));
#1373=FACE_BOUND('',#1372,.T.);
#1374=ADVANCED_FACE('',(#1364,#1373),#1357,.T.);
#1375=CARTESIAN_POINT('',(-332.585786438,585.714213562,-270.94376525));
#1376=DIRECTION('',(-0.707106781,-0.707106781,0.));
#1377=DIRECTION('',(0.,0.,1.));
#1378=AXIS2_PLACEMENT_3D('',#1375,#1376,#1377);
#1379=PLANE('',#1378);
#1380=ORIENTED_EDGE('',*,*,#520,.F.);
#1381=ORIENTED_EDGE('',*,*,#650,.T.);
#1382=CARTESIAN_POINT('',(-331.171572875,584.3,1019.05623475));
#1383=DIRECTION('',(0.707106781,-0.707106781,-0.));
#1384=VECTOR('',#1383,7.313708499);
#1385=LINE('',#1382,#1384);
#1386=EDGE_CURVE('',#638,#702,#1385,.T.);
#1387=ORIENTED_EDGE('',*,*,#1386,.T.);
#1388=ORIENTED_EDGE('',*,*,#720,.T.);
#1389=EDGE_LOOP('',(#1380,#1381,#1387,#1388));
#1390=FACE_BOUND('',#1389,.T.);
#1391=ADVANCED_FACE('',(#1390),#1379,.T.);
#1392=CARTESIAN_POINT('',(-363.,585.714213562,1019.05623475));
#1393=DIRECTION('',(0.,-1.,0.));
#1394=DIRECTION('',(0.,0.,-1.));
#1395=AXIS2_PLACEMENT_3D('',#1392,#1393,#1394);
#1396=CONICAL_SURFACE('',#1395,30.414213562,45.);
#1397=ORIENTED_EDGE('',*,*,#1386,.F.);
#1398=ORIENTED_EDGE('',*,*,#644,.T.);
#1399=ORIENTED_EDGE('',*,*,#464,.T.);
#1400=ORIENTED_EDGE('',*,*,#1348,.T.);
#1401=EDGE_LOOP('',(#1397,#1398,#1399,#1400));
#1402=FACE_BOUND('',#1401,.T.);
#1403=ADVANCED_FACE('',(#1402),#1396,.F.);
#1404=CARTESIAN_POINT('',(-943.,591.421320344,986.934914406));
#1405=DIRECTION('',(0.,-0.707106781,0.707106781));
#1406=DIRECTION('',(1.,0.,0.));
#1407=AXIS2_PLACEMENT_3D('',#1404,#1405,#1406);
#1408=PLANE('',#1407);
#1409=ORIENTED_EDGE('',*,*,#758,.T.);
#1410=ORIENTED_EDGE('',*,*,#951,.T.);
#1411=CARTESIAN_POINT('',(-363.,589.3,984.813594063));
#1412=DIRECTION('',(0.,-0.707106781,-0.707106781));
#1413=VECTOR('',#1412,8.142135624);
#1414=LINE('',#1411,#1413);
#1415=EDGE_CURVE('',#939,#881,#1414,.T.);
#1416=ORIENTED_EDGE('',*,*,#1415,.T.);
#1417=ORIENTED_EDGE('',*,*,#899,.T.);
#1418=EDGE_LOOP('',(#1409,#1410,#1416,#1417));
#1419=FACE_BOUND('',#1418,.T.);
#1420=ADVANCED_FACE('',(#1419),#1408,.F.);
#1421=CARTESIAN_POINT('',(-363.,591.421320344,1019.05623475));
#1422=DIRECTION('',(0.,-1.,0.));
#1423=DIRECTION('',(0.,0.,-1.));
#1424=AXIS2_PLACEMENT_3D('',#1421,#1422,#1423);
#1425=CONICAL_SURFACE('',#1424,32.121320344,45.);
#1426=ORIENTED_EDGE('',*,*,#1415,.F.);
#1427=ORIENTED_EDGE('',*,*,#945,.T.);
#1428=CARTESIAN_POINT('',(-328.757359313,589.3,1019.05623475));
#1429=DIRECTION('',(0.707106781,-0.707106781,0.));
#1430=VECTOR('',#1429,8.142135624);
#1431=LINE('',#1428,#1430);
#1432=EDGE_CURVE('',#931,#848,#1431,.T.);
#1433=ORIENTED_EDGE('',*,*,#1432,.T.);
#1434=ORIENTED_EDGE('',*,*,#1105,.T.);
#1435=EDGE_LOOP('',(#1426,#1427,#1433,#1434));
#1436=FACE_BOUND('',#1435,.T.);
#1437=ADVANCED_FACE('',(#1436),#1425,.T.);
#1438=CARTESIAN_POINT('',(-330.878679656,591.421320344,-270.94376525));
#1439=DIRECTION('',(-0.707106781,-0.707106781,0.));
#1440=DIRECTION('',(0.,0.,1.));
#1441=AXIS2_PLACEMENT_3D('',#1438,#1439,#1440);
#1442=PLANE('',#1441);
#1443=ORIENTED_EDGE('',*,*,#861,.T.);
#1444=ORIENTED_EDGE('',*,*,#1432,.F.);
#1445=ORIENTED_EDGE('',*,*,#936,.T.);
#1446=CARTESIAN_POINT('',(-328.757359313,589.3,1057.239660885));
#1447=CARTESIAN_POINT('',(-328.167083978,588.709724666,1058.431523732));
#1448=CARTESIAN_POINT('',(-327.599725251,588.142365938,1059.643965872));
#1449=CARTESIAN_POINT('',(-327.057892668,587.600533355,1060.879330689));
#1450=CARTESIAN_POINT('',(-326.786976376,587.329617064,1061.497013098));
#1451=CARTESIAN_POINT('',(-326.522448295,587.065088982,1062.120432169));
#1452=CARTESIAN_POINT('',(-326.264681951,586.807322638,1062.749923334));
#1453=CARTESIAN_POINT('',(-326.006915607,586.549556294,1063.379414498));
#1454=CARTESIAN_POINT('',(-325.755684418,586.298325105,1064.015576532));
#1455=CARTESIAN_POINT('',(-325.512145339,586.054786026,1064.656805617));
#1456=CARTESIAN_POINT('',(-324.537989026,585.080629713,1067.221721959));
#1457=CARTESIAN_POINT('',(-323.693480424,584.236121112,1069.848357567));
#1458=CARTESIAN_POINT('',(-323.,583.542640687,1072.546890692));
#1459=B_SPLINE_CURVE_WITH_KNOTS('',3,(#1446,#1447,#1448,#1449,#1450,#1451,#1452,#1453,#1454,#1455,#1456,#1457,#1458),.UNSPECIFIED.,.F.,.F.,(4,3,3,3,4),(0.10124755,0.105564002,0.107722227,0.109880453,0.118513356),.UNSPECIFIED.);
#1460=EDGE_CURVE('',#920,#856,#1459,.T.);
#1461=ORIENTED_EDGE('',*,*,#1460,.T.);
#1462=EDGE_LOOP('',(#1443,#1444,#1445,#1461));
#1463=FACE_BOUND('',#1462,.T.);
#1464=ADVANCED_FACE('',(#1463),#1442,.F.);
#1465=CARTESIAN_POINT('',(-353.,589.3,1089.05623475));
#1466=DIRECTION('',(0.,1.,0.));
#1467=DIRECTION('',(0.,-0.,1.));
#1468=AXIS2_PLACEMENT_3D('',#1465,#1466,#1467);
#1469=CONICAL_SURFACE('',#1468,40.,45.);
#1470=ORIENTED_EDGE('',*,*,#1081,.T.);
#1471=ORIENTED_EDGE('',*,*,#868,.F.);
#1472=ORIENTED_EDGE('',*,*,#1460,.F.);
#1473=ORIENTED_EDGE('',*,*,#928,.T.);
#1474=CARTESIAN_POINT('',(-353.,589.3,1049.05623475));
#1475=DIRECTION('',(0.,-0.707106781,0.707106781));
#1476=VECTOR('',#1475,14.834870331);
#1477=LINE('',#1474,#1476);
#1478=EDGE_CURVE('',#922,#987,#1477,.T.);
#1479=ORIENTED_EDGE('',*,*,#1478,.T.);
#1480=ORIENTED_EDGE('',*,*,#1023,.T.);
#1481=EDGE_LOOP('',(#1470,#1471,#1472,#1473,#1479,#1480));
#1482=FACE_BOUND('',#1481,.T.);
#1483=ADVANCED_FACE('',(#1482),#1469,.F.);
#1484=CARTESIAN_POINT('',(-943.,589.3,1049.05623475));
#1485=DIRECTION('',(0.,-0.707106781,-0.707106781));
#1486=DIRECTION('',(-1.,0.,0.));
#1487=AXIS2_PLACEMENT_3D('',#1484,#1485,#1486);
#1488=PLANE('',#1487);
#1489=ORIENTED_EDGE('',*,*,#1478,.F.);
#1490=ORIENTED_EDGE('',*,*,#958,.T.);
#1491=ORIENTED_EDGE('',*,*,#788,.T.);
#1492=ORIENTED_EDGE('',*,*,#819,.T.);
#1493=ORIENTED_EDGE('',*,*,#1030,.T.);
#1494=EDGE_LOOP('',(#1489,#1490,#1491,#1492,#1493));
#1495=FACE_BOUND('',#1494,.T.);
#1496=ADVANCED_FACE('',(#1495),#1488,.F.);
#1497=CARTESIAN_POINT('',(-520.,556.825,992.627292834));
#1498=DIRECTION('',(0.,-0.866025404,-0.5));
#1499=DIRECTION('',(0.,0.5,-0.866025404));
#1500=AXIS2_PLACEMENT_3D('',#1497,#1498,#1499);
#1501=PLANE('',#1500);
#1502=ORIENTED_EDGE('',*,*,#1273,.F.);
#1503=CARTESIAN_POINT('',(-521.,557.65,991.198350917));
#1504=VERTEX_POINT('',#1503);
#1505=CARTESIAN_POINT('',(-521.,557.65,991.198350917));
#1506=DIRECTION('',(1.,0.,-0.));
#1507=VECTOR('',#1506,4.);
#1508=LINE('',#1505,#1507);
#1509=EDGE_CURVE('',#1504,#1266,#1508,.T.);
#1510=ORIENTED_EDGE('',*,*,#1509,.F.);
#1511=CARTESIAN_POINT('',(-521.,556.,994.05623475));
#1512=VERTEX_POINT('',#1511);
#1513=CARTESIAN_POINT('',(-521.,557.65,991.198350917));
#1514=DIRECTION('',(0.,-0.5,0.866025404));
#1515=VECTOR('',#1514,3.3);
#1516=LINE('',#1513,#1515);
#1517=EDGE_CURVE('',#1504,#1512,#1516,.T.);
#1518=ORIENTED_EDGE('',*,*,#1517,.T.);
#1519=CARTESIAN_POINT('',(-521.,556.,994.05623475));
#1520=DIRECTION('',(1.,0.,-0.));
#1521=VECTOR('',#1520,4.);
#1522=LINE('',#1519,#1521);
#1523=EDGE_CURVE('',#1512,#1268,#1522,.T.);
#1524=ORIENTED_EDGE('',*,*,#1523,.T.);
#1525=EDGE_LOOP('',(#1502,#1510,#1518,#1524));
#1526=FACE_BOUND('',#1525,.T.);
#1527=ADVANCED_FACE('',(#1526),#1501,.F.);
#1528=CARTESIAN_POINT('',(-520.,556.825,995.485176666));
#1529=DIRECTION('',(0.,-0.866025404,0.5));
#1530=DIRECTION('',(0.,-0.5,-0.866025404));
#1531=AXIS2_PLACEMENT_3D('',#1528,#1529,#1530);
#1532=PLANE('',#1531);
#1533=ORIENTED_EDGE('',*,*,#1281,.F.);
#1534=ORIENTED_EDGE('',*,*,#1523,.F.);
#1535=CARTESIAN_POINT('',(-521.,557.65,996.914118582));
#1536=VERTEX_POINT('',#1535);
#1537=CARTESIAN_POINT('',(-521.,556.,994.05623475));
#1538=DIRECTION('',(0.,0.5,0.866025404));
#1539=VECTOR('',#1538,3.3);
#1540=LINE('',#1537,#1539);
#1541=EDGE_CURVE('',#1512,#1536,#1540,.T.);
#1542=ORIENTED_EDGE('',*,*,#1541,.T.);
#1543=CARTESIAN_POINT('',(-521.,557.65,996.914118582));
#1544=DIRECTION('',(1.,0.,-0.));
#1545=VECTOR('',#1544,4.);
#1546=LINE('',#1543,#1545);
#1547=EDGE_CURVE('',#1536,#1276,#1546,.T.);
#1548=ORIENTED_EDGE('',*,*,#1547,.T.);
#1549=EDGE_LOOP('',(#1533,#1534,#1542,#1548));
#1550=FACE_BOUND('',#1549,.T.);
#1551=ADVANCED_FACE('',(#1550),#1532,.F.);
#1552=CARTESIAN_POINT('',(-520.,559.3,996.914118582));
#1553=DIRECTION('',(0.,-0.,1.));
#1554=DIRECTION('',(0.,-1.,-0.));
#1555=AXIS2_PLACEMENT_3D('',#1552,#1553,#1554);
#1556=PLANE('',#1555);
#1557=ORIENTED_EDGE('',*,*,#1289,.F.);
#1558=ORIENTED_EDGE('',*,*,#1547,.F.);
#1559=CARTESIAN_POINT('',(-521.,560.95,996.914118582));
#1560=VERTEX_POINT('',#1559);
#1561=CARTESIAN_POINT('',(-521.,557.65,996.914118582));
#1562=DIRECTION('',(0.,1.,0.));
#1563=VECTOR('',#1562,3.3);
#1564=LINE('',#1561,#1563);
#1565=EDGE_CURVE('',#1536,#1560,#1564,.T.);
#1566=ORIENTED_EDGE('',*,*,#1565,.T.);
#1567=CARTESIAN_POINT('',(-521.,560.95,996.914118582));
#1568=DIRECTION('',(1.,0.,-0.));
#1569=VECTOR('',#1568,4.);
#1570=LINE('',#1567,#1569);
#1571=EDGE_CURVE('',#1560,#1284,#1570,.T.);
#1572=ORIENTED_EDGE('',*,*,#1571,.T.);
#1573=EDGE_LOOP('',(#1557,#1558,#1566,#1572));
#1574=FACE_BOUND('',#1573,.T.);
#1575=ADVANCED_FACE('',(#1574),#1556,.F.);
#1576=CARTESIAN_POINT('',(-520.,561.775,995.485176666));
#1577=DIRECTION('',(0.,0.866025404,0.5));
#1578=DIRECTION('',(0.,-0.5,0.866025404));
#1579=AXIS2_PLACEMENT_3D('',#1576,#1577,#1578);
#1580=PLANE('',#1579);
#1581=ORIENTED_EDGE('',*,*,#1297,.F.);
#1582=ORIENTED_EDGE('',*,*,#1571,.F.);
#1583=CARTESIAN_POINT('',(-521.,562.6,994.05623475));
#1584=VERTEX_POINT('',#1583);
#1585=CARTESIAN_POINT('',(-521.,560.95,996.914118582));
#1586=DIRECTION('',(0.,0.5,-0.866025404));
#1587=VECTOR('',#1586,3.3);
#1588=LINE('',#1585,#1587);
#1589=EDGE_CURVE('',#1560,#1584,#1588,.T.);
#1590=ORIENTED_EDGE('',*,*,#1589,.T.);
#1591=CARTESIAN_POINT('',(-521.,562.6,994.05623475));
#1592=DIRECTION('',(1.,0.,-0.));
#1593=VECTOR('',#1592,4.);
#1594=LINE('',#1591,#1593);
#1595=EDGE_CURVE('',#1584,#1292,#1594,.T.);
#1596=ORIENTED_EDGE('',*,*,#1595,.T.);
#1597=EDGE_LOOP('',(#1581,#1582,#1590,#1596));
#1598=FACE_BOUND('',#1597,.T.);
#1599=ADVANCED_FACE('',(#1598),#1580,.F.);
#1600=CARTESIAN_POINT('',(-520.,561.775,992.627292834));
#1601=DIRECTION('',(0.,0.866025404,-0.5));
#1602=DIRECTION('',(0.,0.5,0.866025404));
#1603=AXIS2_PLACEMENT_3D('',#1600,#1601,#1602);
#1604=PLANE('',#1603);
#1605=ORIENTED_EDGE('',*,*,#1305,.F.);
#1606=ORIENTED_EDGE('',*,*,#1595,.F.);
#1607=CARTESIAN_POINT('',(-521.,560.95,991.198350917));
#1608=VERTEX_POINT('',#1607);
#1609=CARTESIAN_POINT('',(-521.,562.6,994.05623475));
#1610=DIRECTION('',(0.,-0.5,-0.866025404));
#1611=VECTOR('',#1610,3.3);
#1612=LINE('',#1609,#1611);
#1613=EDGE_CURVE('',#1584,#1608,#1612,.T.);
#1614=ORIENTED_EDGE('',*,*,#1613,.T.);
#1615=CARTESIAN_POINT('',(-521.,560.95,991.198350917));
#1616=DIRECTION('',(1.,0.,-0.));
#1617=VECTOR('',#1616,4.);
#1618=LINE('',#1615,#1617);
#1619=EDGE_CURVE('',#1608,#1300,#1618,.T.);
#1620=ORIENTED_EDGE('',*,*,#1619,.T.);
#1621=EDGE_LOOP('',(#1605,#1606,#1614,#1620));
#1622=FACE_BOUND('',#1621,.T.);
#1623=ADVANCED_FACE('',(#1622),#1604,.F.);
#1624=CARTESIAN_POINT('',(-520.,559.3,991.198350917));
#1625=DIRECTION('',(0.,0.,-1.));
#1626=DIRECTION('',(0.,1.,0.));
#1627=AXIS2_PLACEMENT_3D('',#1624,#1625,#1626);
#1628=PLANE('',#1627);
#1629=ORIENTED_EDGE('',*,*,#1311,.F.);
#1630=ORIENTED_EDGE('',*,*,#1619,.F.);
#1631=CARTESIAN_POINT('',(-521.,560.95,991.198350917));
#1632=DIRECTION('',(0.,-1.,-0.));
#1633=VECTOR('',#1632,3.3);
#1634=LINE('',#1631,#1633);
#1635=EDGE_CURVE('',#1608,#1504,#1634,.T.);
#1636=ORIENTED_EDGE('',*,*,#1635,.T.);
#1637=ORIENTED_EDGE('',*,*,#1509,.T.);
#1638=EDGE_LOOP('',(#1629,#1630,#1636,#1637));
#1639=FACE_BOUND('',#1638,.T.);
#1640=ADVANCED_FACE('',(#1639),#1628,.F.);
#1641=CARTESIAN_POINT('',(-521.,0.,-180.));
#1642=DIRECTION('',(1.,0.,0.));
#1643=DIRECTION('',(0.,-1.,0.));
#1644=AXIS2_PLACEMENT_3D('',#1641,#1642,#1643);
#1645=PLANE('',#1644);
#1646=ORIENTED_EDGE('',*,*,#439,.T.);
#1647=ORIENTED_EDGE('',*,*,#446,.T.);
#1648=EDGE_LOOP('',(#1646,#1647));
#1649=FACE_BOUND('',#1648,.T.);
#1650=ORIENTED_EDGE('',*,*,#1517,.F.);
#1651=ORIENTED_EDGE('',*,*,#1635,.F.);
#1652=ORIENTED_EDGE('',*,*,#1613,.F.);
#1653=ORIENTED_EDGE('',*,*,#1589,.F.);
#1654=ORIENTED_EDGE('',*,*,#1565,.F.);
#1655=ORIENTED_EDGE('',*,*,#1541,.F.);
#1656=EDGE_LOOP('',(#1650,#1651,#1652,#1653,#1654,#1655));
#1657=FACE_BOUND('',#1656,.T.);
#1658=ADVANCED_FACE('',(#1649,#1657),#1645,.T.);
#1659=CARTESIAN_POINT('',(-520.,516.825,1042.627292834));
#1660=DIRECTION('',(0.,-0.866025404,-0.5));
#1661=DIRECTION('',(0.,0.5,-0.866025404));
#1662=AXIS2_PLACEMENT_3D('',#1659,#1660,#1661);
#1663=PLANE('',#1662);
#1664=ORIENTED_EDGE('',*,*,#1223,.F.);
#1665=CARTESIAN_POINT('',(-521.,517.65,1041.198350917));
#1666=VERTEX_POINT('',#1665);
#1667=CARTESIAN_POINT('',(-521.,517.65,1041.198350917));
#1668=DIRECTION('',(1.,0.,-0.));
#1669=VECTOR('',#1668,4.);
#1670=LINE('',#1667,#1669);
#1671=EDGE_CURVE('',#1666,#1216,#1670,.T.);
#1672=ORIENTED_EDGE('',*,*,#1671,.F.);
#1673=CARTESIAN_POINT('',(-521.,516.,1044.05623475));
#1674=VERTEX_POINT('',#1673);
#1675=CARTESIAN_POINT('',(-521.,517.65,1041.198350917));
#1676=DIRECTION('',(0.,-0.5,0.866025404));
#1677=VECTOR('',#1676,3.3);
#1678=LINE('',#1675,#1677);
#1679=EDGE_CURVE('',#1666,#1674,#1678,.T.);
#1680=ORIENTED_EDGE('',*,*,#1679,.T.);
#1681=CARTESIAN_POINT('',(-521.,516.,1044.05623475));
#1682=DIRECTION('',(1.,0.,-0.));
#1683=VECTOR('',#1682,4.);
#1684=LINE('',#1681,#1683);
#1685=EDGE_CURVE('',#1674,#1218,#1684,.T.);
#1686=ORIENTED_EDGE('',*,*,#1685,.T.);
#1687=EDGE_LOOP('',(#1664,#1672,#1680,#1686));
#1688=FACE_BOUND('',#1687,.T.);
#1689=ADVANCED_FACE('',(#1688),#1663,.F.);
#1690=CARTESIAN_POINT('',(-520.,516.825,1045.485176666));
#1691=DIRECTION('',(0.,-0.866025404,0.5));
#1692=DIRECTION('',(0.,-0.5,-0.866025404));
#1693=AXIS2_PLACEMENT_3D('',#1690,#1691,#1692);
#1694=PLANE('',#1693);
#1695=ORIENTED_EDGE('',*,*,#1231,.F.);
#1696=ORIENTED_EDGE('',*,*,#1685,.F.);
#1697=CARTESIAN_POINT('',(-521.,517.65,1046.914118582));
#1698=VERTEX_POINT('',#1697);
#1699=CARTESIAN_POINT('',(-521.,516.,1044.05623475));
#1700=DIRECTION('',(0.,0.5,0.866025404));
#1701=VECTOR('',#1700,3.3);
#1702=LINE('',#1699,#1701);
#1703=EDGE_CURVE('',#1674,#1698,#1702,.T.);
#1704=ORIENTED_EDGE('',*,*,#1703,.T.);
#1705=CARTESIAN_POINT('',(-521.,517.65,1046.914118582));
#1706=DIRECTION('',(1.,0.,-0.));
#1707=VECTOR('',#1706,4.);
#1708=LINE('',#1705,#1707);
#1709=EDGE_CURVE('',#1698,#1226,#1708,.T.);
#1710=ORIENTED_EDGE('',*,*,#1709,.T.);
#1711=EDGE_LOOP('',(#1695,#1696,#1704,#1710));
#1712=FACE_BOUND('',#1711,.T.);
#1713=ADVANCED_FACE('',(#1712),#1694,.F.);
#1714=CARTESIAN_POINT('',(-520.,519.3,1046.914118582));
#1715=DIRECTION('',(0.,0.,1.));
#1716=DIRECTION('',(0.,-1.,0.));
#1717=AXIS2_PLACEMENT_3D('',#1714,#1715,#1716);
#1718=PLANE('',#1717);
#1719=ORIENTED_EDGE('',*,*,#1239,.F.);
#1720=ORIENTED_EDGE('',*,*,#1709,.F.);
#1721=CARTESIAN_POINT('',(-521.,520.95,1046.914118582));
#1722=VERTEX_POINT('',#1721);
#1723=CARTESIAN_POINT('',(-521.,517.65,1046.914118582));
#1724=DIRECTION('',(0.,1.,-0.));
#1725=VECTOR('',#1724,3.3);
#1726=LINE('',#1723,#1725);
#1727=EDGE_CURVE('',#1698,#1722,#1726,.T.);
#1728=ORIENTED_EDGE('',*,*,#1727,.T.);
#1729=CARTESIAN_POINT('',(-521.,520.95,1046.914118582));
#1730=DIRECTION('',(1.,0.,-0.));
#1731=VECTOR('',#1730,4.);
#1732=LINE('',#1729,#1731);
#1733=EDGE_CURVE('',#1722,#1234,#1732,.T.);
#1734=ORIENTED_EDGE('',*,*,#1733,.T.);
#1735=EDGE_LOOP('',(#1719,#1720,#1728,#1734));
#1736=FACE_BOUND('',#1735,.T.);
#1737=ADVANCED_FACE('',(#1736),#1718,.F.);
#1738=CARTESIAN_POINT('',(-520.,521.775,1045.485176666));
#1739=DIRECTION('',(0.,0.866025404,0.5));
#1740=DIRECTION('',(0.,-0.5,0.866025404));
#1741=AXIS2_PLACEMENT_3D('',#1738,#1739,#1740);
#1742=PLANE('',#1741);
#1743=ORIENTED_EDGE('',*,*,#1247,.F.);
#1744=ORIENTED_EDGE('',*,*,#1733,.F.);
#1745=CARTESIAN_POINT('',(-521.,522.6,1044.05623475));
#1746=VERTEX_POINT('',#1745);
#1747=CARTESIAN_POINT('',(-521.,520.95,1046.914118582));
#1748=DIRECTION('',(0.,0.5,-0.866025404));
#1749=VECTOR('',#1748,3.3);
#1750=LINE('',#1747,#1749);
#1751=EDGE_CURVE('',#1722,#1746,#1750,.T.);
#1752=ORIENTED_EDGE('',*,*,#1751,.T.);
#1753=CARTESIAN_POINT('',(-521.,522.6,1044.05623475));
#1754=DIRECTION('',(1.,0.,-0.));
#1755=VECTOR('',#1754,4.);
#1756=LINE('',#1753,#1755);
#1757=EDGE_CURVE('',#1746,#1242,#1756,.T.);
#1758=ORIENTED_EDGE('',*,*,#1757,.T.);
#1759=EDGE_LOOP('',(#1743,#1744,#1752,#1758));
#1760=FACE_BOUND('',#1759,.T.);
#1761=ADVANCED_FACE('',(#1760),#1742,.F.);
#1762=CARTESIAN_POINT('',(-520.,521.775,1042.627292834));
#1763=DIRECTION('',(0.,0.866025404,-0.5));
#1764=DIRECTION('',(0.,0.5,0.866025404));
#1765=AXIS2_PLACEMENT_3D('',#1762,#1763,#1764);
#1766=PLANE('',#1765);
#1767=ORIENTED_EDGE('',*,*,#1255,.F.);
#1768=ORIENTED_EDGE('',*,*,#1757,.F.);
#1769=CARTESIAN_POINT('',(-521.,520.95,1041.198350917));
#1770=VERTEX_POINT('',#1769);
#1771=CARTESIAN_POINT('',(-521.,522.6,1044.05623475));
#1772=DIRECTION('',(0.,-0.5,-0.866025404));
#1773=VECTOR('',#1772,3.3);
#1774=LINE('',#1771,#1773);
#1775=EDGE_CURVE('',#1746,#1770,#1774,.T.);
#1776=ORIENTED_EDGE('',*,*,#1775,.T.);
#1777=CARTESIAN_POINT('',(-521.,520.95,1041.198350917));
#1778=DIRECTION('',(1.,0.,-0.));
#1779=VECTOR('',#1778,4.);
#1780=LINE('',#1777,#1779);
#1781=EDGE_CURVE('',#1770,#1250,#1780,.T.);
#1782=ORIENTED_EDGE('',*,*,#1781,.T.);
#1783=EDGE_LOOP('',(#1767,#1768,#1776,#1782));
#1784=FACE_BOUND('',#1783,.T.);
#1785=ADVANCED_FACE('',(#1784),#1766,.F.);
#1786=CARTESIAN_POINT('',(-520.,519.3,1041.198350917));
#1787=DIRECTION('',(0.,-0.,-1.));
#1788=DIRECTION('',(0.,1.,-0.));
#1789=AXIS2_PLACEMENT_3D('',#1786,#1787,#1788);
#1790=PLANE('',#1789);
#1791=ORIENTED_EDGE('',*,*,#1261,.F.);
#1792=ORIENTED_EDGE('',*,*,#1781,.F.);
#1793=CARTESIAN_POINT('',(-521.,520.95,1041.198350917));
#1794=DIRECTION('',(0.,-1.,0.));
#1795=VECTOR('',#1794,3.3);
#1796=LINE('',#1793,#1795);
#1797=EDGE_CURVE('',#1770,#1666,#1796,.T.);
#1798=ORIENTED_EDGE('',*,*,#1797,.T.);
#1799=ORIENTED_EDGE('',*,*,#1671,.T.);
#1800=EDGE_LOOP('',(#1791,#1792,#1798,#1799));
#1801=FACE_BOUND('',#1800,.T.);
#1802=ADVANCED_FACE('',(#1801),#1790,.F.);
#1803=CARTESIAN_POINT('',(-521.,0.,-180.));
#1804=DIRECTION('',(1.,0.,0.));
#1805=DIRECTION('',(0.,-1.,0.));
#1806=AXIS2_PLACEMENT_3D('',#1803,#1804,#1805);
#1807=PLANE('',#1806);
#1808=ORIENTED_EDGE('',*,*,#397,.T.);
#1809=ORIENTED_EDGE('',*,*,#404,.T.);
#1810=EDGE_LOOP('',(#1808,#1809));
#1811=FACE_BOUND('',#1810,.T.);
#1812=ORIENTED_EDGE('',*,*,#1679,.F.);
#1813=ORIENTED_EDGE('',*,*,#1797,.F.);
#1814=ORIENTED_EDGE('',*,*,#1775,.F.);
#1815=ORIENTED_EDGE('',*,*,#1751,.F.);
#1816=ORIENTED_EDGE('',*,*,#1727,.F.);
#1817=ORIENTED_EDGE('',*,*,#1703,.F.);
#1818=EDGE_LOOP('',(#1812,#1813,#1814,#1815,#1816,#1817));
#1819=FACE_BOUND('',#1818,.T.);
#1820=ADVANCED_FACE('',(#1811,#1819),#1807,.T.);
#1821=CARTESIAN_POINT('',(-520.,556.825,1042.627292834));
#1822=DIRECTION('',(0.,-0.866025404,-0.5));
#1823=DIRECTION('',(0.,0.5,-0.866025404));
#1824=AXIS2_PLACEMENT_3D('',#1821,#1822,#1823);
#1825=PLANE('',#1824);
#1826=ORIENTED_EDGE('',*,*,#1173,.F.);
#1827=CARTESIAN_POINT('',(-521.,557.65,1041.198350917));
#1828=VERTEX_POINT('',#1827);
#1829=CARTESIAN_POINT('',(-521.,557.65,1041.198350917));
#1830=DIRECTION('',(1.,0.,-0.));
#1831=VECTOR('',#1830,4.);
#1832=LINE('',#1829,#1831);
#1833=EDGE_CURVE('',#1828,#1166,#1832,.T.);
#1834=ORIENTED_EDGE('',*,*,#1833,.F.);
#1835=CARTESIAN_POINT('',(-521.,556.,1044.05623475));
#1836=VERTEX_POINT('',#1835);
#1837=CARTESIAN_POINT('',(-521.,557.65,1041.198350917));
#1838=DIRECTION('',(0.,-0.5,0.866025404));
#1839=VECTOR('',#1838,3.3);
#1840=LINE('',#1837,#1839);
#1841=EDGE_CURVE('',#1828,#1836,#1840,.T.);
#1842=ORIENTED_EDGE('',*,*,#1841,.T.);
#1843=CARTESIAN_POINT('',(-521.,556.,1044.05623475));
#1844=DIRECTION('',(1.,0.,-0.));
#1845=VECTOR('',#1844,4.);
#1846=LINE('',#1843,#1845);
#1847=EDGE_CURVE('',#1836,#1168,#1846,.T.);
#1848=ORIENTED_EDGE('',*,*,#1847,.T.);
#1849=EDGE_LOOP('',(#1826,#1834,#1842,#1848));
#1850=FACE_BOUND('',#1849,.T.);
#1851=ADVANCED_FACE('',(#1850),#1825,.F.);
#1852=CARTESIAN_POINT('',(-520.,556.825,1045.485176666));
#1853=DIRECTION('',(0.,-0.866025404,0.5));
#1854=DIRECTION('',(0.,-0.5,-0.866025404));
#1855=AXIS2_PLACEMENT_3D('',#1852,#1853,#1854);
#1856=PLANE('',#1855);
#1857=ORIENTED_EDGE('',*,*,#1181,.F.);
#1858=ORIENTED_EDGE('',*,*,#1847,.F.);
#1859=CARTESIAN_POINT('',(-521.,557.65,1046.914118582));
#1860=VERTEX_POINT('',#1859);
#1861=CARTESIAN_POINT('',(-521.,556.,1044.05623475));
#1862=DIRECTION('',(0.,0.5,0.866025404));
#1863=VECTOR('',#1862,3.3);
#1864=LINE('',#1861,#1863);
#1865=EDGE_CURVE('',#1836,#1860,#1864,.T.);
#1866=ORIENTED_EDGE('',*,*,#1865,.T.);
#1867=CARTESIAN_POINT('',(-521.,557.65,1046.914118582));
#1868=DIRECTION('',(1.,0.,-0.));
#1869=VECTOR('',#1868,4.);
#1870=LINE('',#1867,#1869);
#1871=EDGE_CURVE('',#1860,#1176,#1870,.T.);
#1872=ORIENTED_EDGE('',*,*,#1871,.T.);
#1873=EDGE_LOOP('',(#1857,#1858,#1866,#1872));
#1874=FACE_BOUND('',#1873,.T.);
#1875=ADVANCED_FACE('',(#1874),#1856,.F.);
#1876=CARTESIAN_POINT('',(-520.,559.3,1046.914118582));
#1877=DIRECTION('',(0.,-0.,1.));
#1878=DIRECTION('',(0.,-1.,-0.));
#1879=AXIS2_PLACEMENT_3D('',#1876,#1877,#1878);
#1880=PLANE('',#1879);
#1881=ORIENTED_EDGE('',*,*,#1189,.F.);
#1882=ORIENTED_EDGE('',*,*,#1871,.F.);
#1883=CARTESIAN_POINT('',(-521.,560.95,1046.914118582));
#1884=VERTEX_POINT('',#1883);
#1885=CARTESIAN_POINT('',(-521.,557.65,1046.914118582));
#1886=DIRECTION('',(0.,1.,0.));
#1887=VECTOR('',#1886,3.3);
#1888=LINE('',#1885,#1887);
#1889=EDGE_CURVE('',#1860,#1884,#1888,.T.);
#1890=ORIENTED_EDGE('',*,*,#1889,.T.);
#1891=CARTESIAN_POINT('',(-521.,560.95,1046.914118582));
#1892=DIRECTION('',(1.,0.,-0.));
#1893=VECTOR('',#1892,4.);
#1894=LINE('',#1891,#1893);
#1895=EDGE_CURVE('',#1884,#1184,#1894,.T.);
#1896=ORIENTED_EDGE('',*,*,#1895,.T.);
#1897=EDGE_LOOP('',(#1881,#1882,#1890,#1896));
#1898=FACE_BOUND('',#1897,.T.);
#1899=ADVANCED_FACE('',(#1898),#1880,.F.);
#1900=CARTESIAN_POINT('',(-520.,561.775,1045.485176666));
#1901=DIRECTION('',(0.,0.866025404,0.5));
#1902=DIRECTION('',(0.,-0.5,0.866025404));
#1903=AXIS2_PLACEMENT_3D('',#1900,#1901,#1902);
#1904=PLANE('',#1903);
#1905=ORIENTED_EDGE('',*,*,#1197,.F.);
#1906=ORIENTED_EDGE('',*,*,#1895,.F.);
#1907=CARTESIAN_POINT('',(-521.,562.6,1044.05623475));
#1908=VERTEX_POINT('',#1907);
#1909=CARTESIAN_POINT('',(-521.,560.95,1046.914118582));
#1910=DIRECTION('',(0.,0.5,-0.866025404));
#1911=VECTOR('',#1910,3.3);
#1912=LINE('',#1909,#1911);
#1913=EDGE_CURVE('',#1884,#1908,#1912,.T.);
#1914=ORIENTED_EDGE('',*,*,#1913,.T.);
#1915=CARTESIAN_POINT('',(-521.,562.6,1044.05623475));
#1916=DIRECTION('',(1.,0.,-0.));
#1917=VECTOR('',#1916,4.);
#1918=LINE('',#1915,#1917);
#1919=EDGE_CURVE('',#1908,#1192,#1918,.T.);
#1920=ORIENTED_EDGE('',*,*,#1919,.T.);
#1921=EDGE_LOOP('',(#1905,#1906,#1914,#1920));
#1922=FACE_BOUND('',#1921,.T.);
#1923=ADVANCED_FACE('',(#1922),#1904,.F.);
#1924=CARTESIAN_POINT('',(-520.,561.775,1042.627292834));
#1925=DIRECTION('',(0.,0.866025404,-0.5));
#1926=DIRECTION('',(0.,0.5,0.866025404));
#1927=AXIS2_PLACEMENT_3D('',#1924,#1925,#1926);
#1928=PLANE('',#1927);
#1929=ORIENTED_EDGE('',*,*,#1205,.F.);
#1930=ORIENTED_EDGE('',*,*,#1919,.F.);
#1931=CARTESIAN_POINT('',(-521.,560.95,1041.198350917));
#1932=VERTEX_POINT('',#1931);
#1933=CARTESIAN_POINT('',(-521.,562.6,1044.05623475));
#1934=DIRECTION('',(0.,-0.5,-0.866025404));
#1935=VECTOR('',#1934,3.3);
#1936=LINE('',#1933,#1935);
#1937=EDGE_CURVE('',#1908,#1932,#1936,.T.);
#1938=ORIENTED_EDGE('',*,*,#1937,.T.);
#1939=CARTESIAN_POINT('',(-521.,560.95,1041.198350917));
#1940=DIRECTION('',(1.,0.,-0.));
#1941=VECTOR('',#1940,4.);
#1942=LINE('',#1939,#1941);
#1943=EDGE_CURVE('',#1932,#1200,#1942,.T.);
#1944=ORIENTED_EDGE('',*,*,#1943,.T.);
#1945=EDGE_LOOP('',(#1929,#1930,#1938,#1944));
#1946=FACE_BOUND('',#1945,.T.);
#1947=ADVANCED_FACE('',(#1946),#1928,.F.);
#1948=CARTESIAN_POINT('',(-520.,559.3,1041.198350917));
#1949=DIRECTION('',(0.,0.,-1.));
#1950=DIRECTION('',(0.,1.,0.));
#1951=AXIS2_PLACEMENT_3D('',#1948,#1949,#1950);
#1952=PLANE('',#1951);
#1953=ORIENTED_EDGE('',*,*,#1211,.F.);
#1954=ORIENTED_EDGE('',*,*,#1943,.F.);
#1955=CARTESIAN_POINT('',(-521.,560.95,1041.198350917));
#1956=DIRECTION('',(0.,-1.,-0.));
#1957=VECTOR('',#1956,3.3);
#1958=LINE('',#1955,#1957);
#1959=EDGE_CURVE('',#1932,#1828,#1958,.T.);
#1960=ORIENTED_EDGE('',*,*,#1959,.T.);
#1961=ORIENTED_EDGE('',*,*,#1833,.T.);
#1962=EDGE_LOOP('',(#1953,#1954,#1960,#1961));
#1963=FACE_BOUND('',#1962,.T.);
#1964=ADVANCED_FACE('',(#1963),#1952,.F.);
#1965=CARTESIAN_POINT('',(-521.,0.,-180.));
#1966=DIRECTION('',(1.,0.,0.));
#1967=DIRECTION('',(0.,-1.,0.));
#1968=AXIS2_PLACEMENT_3D('',#1965,#1966,#1967);
#1969=PLANE('',#1968);
#1970=ORIENTED_EDGE('',*,*,#355,.T.);
#1971=ORIENTED_EDGE('',*,*,#362,.T.);
#1972=EDGE_LOOP('',(#1970,#1971));
#1973=FACE_BOUND('',#1972,.T.);
#1974=ORIENTED_EDGE('',*,*,#1841,.F.);
#1975=ORIENTED_EDGE('',*,*,#1959,.F.);
#1976=ORIENTED_EDGE('',*,*,#1937,.F.);
#1977=ORIENTED_EDGE('',*,*,#1913,.F.);
#1978=ORIENTED_EDGE('',*,*,#1889,.F.);
#1979=ORIENTED_EDGE('',*,*,#1865,.F.);
#1980=EDGE_LOOP('',(#1974,#1975,#1976,#1977,#1978,#1979));
#1981=FACE_BOUND('',#1980,.T.);
#1982=ADVANCED_FACE('',(#1973,#1981),#1969,.T.);
#1983=CARTESIAN_POINT('',(-520.,516.825,992.627292834));
#1984=DIRECTION('',(0.,-0.866025404,-0.5));
#1985=DIRECTION('',(0.,0.5,-0.866025404));
#1986=AXIS2_PLACEMENT_3D('',#1983,#1984,#1985);
#1987=PLANE('',#1986);
#1988=ORIENTED_EDGE('',*,*,#1123,.F.);
#1989=CARTESIAN_POINT('',(-521.,517.65,991.198350917));
#1990=VERTEX_POINT('',#1989);
#1991=CARTESIAN_POINT('',(-521.,517.65,991.198350917));
#1992=DIRECTION('',(1.,0.,-0.));
#1993=VECTOR('',#1992,4.);
#1994=LINE('',#1991,#1993);
#1995=EDGE_CURVE('',#1990,#1116,#1994,.T.);
#1996=ORIENTED_EDGE('',*,*,#1995,.F.);
#1997=CARTESIAN_POINT('',(-521.,516.,994.05623475));
#1998=VERTEX_POINT('',#1997);
#1999=CARTESIAN_POINT('',(-521.,517.65,991.198350917));
#2000=DIRECTION('',(0.,-0.5,0.866025404));
#2001=VECTOR('',#2000,3.3);
#2002=LINE('',#1999,#2001);
#2003=EDGE_CURVE('',#1990,#1998,#2002,.T.);
#2004=ORIENTED_EDGE('',*,*,#2003,.T.);
#2005=CARTESIAN_POINT('',(-521.,516.,994.05623475));
#2006=DIRECTION('',(1.,0.,-0.));
#2007=VECTOR('',#2006,4.);
#2008=LINE('',#2005,#2007);
#2009=EDGE_CURVE('',#1998,#1118,#2008,.T.);
#2010=ORIENTED_EDGE('',*,*,#2009,.T.);
#2011=EDGE_LOOP('',(#1988,#1996,#2004,#2010));
#2012=FACE_BOUND('',#2011,.T.);
#2013=ADVANCED_FACE('',(#2012),#1987,.F.);
#2014=CARTESIAN_POINT('',(-520.,516.825,995.485176666));
#2015=DIRECTION('',(0.,-0.866025404,0.5));
#2016=DIRECTION('',(0.,-0.5,-0.866025404));
#2017=AXIS2_PLACEMENT_3D('',#2014,#2015,#2016);
#2018=PLANE('',#2017);
#2019=ORIENTED_EDGE('',*,*,#1131,.F.);
#2020=ORIENTED_EDGE('',*,*,#2009,.F.);
#2021=CARTESIAN_POINT('',(-521.,517.65,996.914118582));
#2022=VERTEX_POINT('',#2021);
#2023=CARTESIAN_POINT('',(-521.,516.,994.05623475));
#2024=DIRECTION('',(0.,0.5,0.866025404));
#2025=VECTOR('',#2024,3.3);
#2026=LINE('',#2023,#2025);
#2027=EDGE_CURVE('',#1998,#2022,#2026,.T.);
#2028=ORIENTED_EDGE('',*,*,#2027,.T.);
#2029=CARTESIAN_POINT('',(-521.,517.65,996.914118582));
#2030=DIRECTION('',(1.,0.,-0.));
#2031=VECTOR('',#2030,4.);
#2032=LINE('',#2029,#2031);
#2033=EDGE_CURVE('',#2022,#1126,#2032,.T.);
#2034=ORIENTED_EDGE('',*,*,#2033,.T.);
#2035=EDGE_LOOP('',(#2019,#2020,#2028,#2034));
#2036=FACE_BOUND('',#2035,.T.);
#2037=ADVANCED_FACE('',(#2036),#2018,.F.);
#2038=CARTESIAN_POINT('',(-520.,519.3,996.914118582));
#2039=DIRECTION('',(0.,0.,1.));
#2040=DIRECTION('',(-1.,0.,0.));
#2041=AXIS2_PLACEMENT_3D('',#2038,#2039,#2040);
#2042=PLANE('',#2041);
#2043=ORIENTED_EDGE('',*,*,#1139,.F.);
#2044=ORIENTED_EDGE('',*,*,#2033,.F.);
#2045=CARTESIAN_POINT('',(-521.,520.95,996.914118582));
#2046=VERTEX_POINT('',#2045);
#2047=CARTESIAN_POINT('',(-521.,517.65,996.914118582));
#2048=DIRECTION('',(0.,1.,0.));
#2049=VECTOR('',#2048,3.3);
#2050=LINE('',#2047,#2049);
#2051=EDGE_CURVE('',#2022,#2046,#2050,.T.);
#2052=ORIENTED_EDGE('',*,*,#2051,.T.);
#2053=CARTESIAN_POINT('',(-521.,520.95,996.914118582));
#2054=DIRECTION('',(1.,0.,-0.));
#2055=VECTOR('',#2054,4.);
#2056=LINE('',#2053,#2055);
#2057=EDGE_CURVE('',#2046,#1134,#2056,.T.);
#2058=ORIENTED_EDGE('',*,*,#2057,.T.);
#2059=EDGE_LOOP('',(#2043,#2044,#2052,#2058));
#2060=FACE_BOUND('',#2059,.T.);
#2061=ADVANCED_FACE('',(#2060),#2042,.F.);
#2062=CARTESIAN_POINT('',(-520.,521.775,995.485176666));
#2063=DIRECTION('',(0.,0.866025404,0.5));
#2064=DIRECTION('',(0.,-0.5,0.866025404));
#2065=AXIS2_PLACEMENT_3D('',#2062,#2063,#2064);
#2066=PLANE('',#2065);
#2067=ORIENTED_EDGE('',*,*,#1147,.F.);
#2068=ORIENTED_EDGE('',*,*,#2057,.F.);
#2069=CARTESIAN_POINT('',(-521.,522.6,994.05623475));
#2070=VERTEX_POINT('',#2069);
#2071=CARTESIAN_POINT('',(-521.,520.95,996.914118582));
#2072=DIRECTION('',(0.,0.5,-0.866025404));
#2073=VECTOR('',#2072,3.3);
#2074=LINE('',#2071,#2073);
#2075=EDGE_CURVE('',#2046,#2070,#2074,.T.);
#2076=ORIENTED_EDGE('',*,*,#2075,.T.);
#2077=CARTESIAN_POINT('',(-521.,522.6,994.05623475));
#2078=DIRECTION('',(1.,0.,-0.));
#2079=VECTOR('',#2078,4.);
#2080=LINE('',#2077,#2079);
#2081=EDGE_CURVE('',#2070,#1142,#2080,.T.);
#2082=ORIENTED_EDGE('',*,*,#2081,.T.);
#2083=EDGE_LOOP('',(#2067,#2068,#2076,#2082));
#2084=FACE_BOUND('',#2083,.T.);
#2085=ADVANCED_FACE('',(#2084),#2066,.F.);
#2086=CARTESIAN_POINT('',(-520.,521.775,992.627292834));
#2087=DIRECTION('',(0.,0.866025404,-0.5));
#2088=DIRECTION('',(0.,0.5,0.866025404));
#2089=AXIS2_PLACEMENT_3D('',#2086,#2087,#2088);
#2090=PLANE('',#2089);
#2091=ORIENTED_EDGE('',*,*,#1155,.F.);
#2092=ORIENTED_EDGE('',*,*,#2081,.F.);
#2093=CARTESIAN_POINT('',(-521.,520.95,991.198350917));
#2094=VERTEX_POINT('',#2093);
#2095=CARTESIAN_POINT('',(-521.,522.6,994.05623475));
#2096=DIRECTION('',(0.,-0.5,-0.866025404));
#2097=VECTOR('',#2096,3.3);
#2098=LINE('',#2095,#2097);
#2099=EDGE_CURVE('',#2070,#2094,#2098,.T.);
#2100=ORIENTED_EDGE('',*,*,#2099,.T.);
#2101=CARTESIAN_POINT('',(-521.,520.95,991.198350917));
#2102=DIRECTION('',(1.,0.,-0.));
#2103=VECTOR('',#2102,4.);
#2104=LINE('',#2101,#2103);
#2105=EDGE_CURVE('',#2094,#1150,#2104,.T.);
#2106=ORIENTED_EDGE('',*,*,#2105,.T.);
#2107=EDGE_LOOP('',(#2091,#2092,#2100,#2106));
#2108=FACE_BOUND('',#2107,.T.);
#2109=ADVANCED_FACE('',(#2108),#2090,.F.);
#2110=CARTESIAN_POINT('',(-520.,519.3,991.198350917));
#2111=DIRECTION('',(0.,0.,-1.));
#2112=DIRECTION('',(1.,0.,0.));
#2113=AXIS2_PLACEMENT_3D('',#2110,#2111,#2112);
#2114=PLANE('',#2113);
#2115=ORIENTED_EDGE('',*,*,#1161,.F.);
#2116=ORIENTED_EDGE('',*,*,#2105,.F.);
#2117=CARTESIAN_POINT('',(-521.,520.95,991.198350917));
#2118=DIRECTION('',(0.,-1.,0.));
#2119=VECTOR('',#2118,3.3);
#2120=LINE('',#2117,#2119);
#2121=EDGE_CURVE('',#2094,#1990,#2120,.T.);
#2122=ORIENTED_EDGE('',*,*,#2121,.T.);
#2123=ORIENTED_EDGE('',*,*,#1995,.T.);
#2124=EDGE_LOOP('',(#2115,#2116,#2122,#2123));
#2125=FACE_BOUND('',#2124,.T.);
#2126=ADVANCED_FACE('',(#2125),#2114,.F.);
#2127=CARTESIAN_POINT('',(-521.,0.,-180.));
#2128=DIRECTION('',(1.,0.,0.));
#2129=DIRECTION('',(0.,-1.,0.));
#2130=AXIS2_PLACEMENT_3D('',#2127,#2128,#2129);
#2131=PLANE('',#2130);
#2132=ORIENTED_EDGE('',*,*,#313,.T.);
#2133=ORIENTED_EDGE('',*,*,#320,.T.);
#2134=EDGE_LOOP('',(#2132,#2133));
#2135=FACE_BOUND('',#2134,.T.);
#2136=ORIENTED_EDGE('',*,*,#2003,.F.);
#2137=ORIENTED_EDGE('',*,*,#2121,.F.);
#2138=ORIENTED_EDGE('',*,*,#2099,.F.);
#2139=ORIENTED_EDGE('',*,*,#2075,.F.);
#2140=ORIENTED_EDGE('',*,*,#2051,.F.);
#2141=ORIENTED_EDGE('',*,*,#2027,.F.);
#2142=EDGE_LOOP('',(#2136,#2137,#2138,#2139,#2140,#2141));
#2143=FACE_BOUND('',#2142,.T.);
#2144=ADVANCED_FACE('',(#2135,#2143),#2131,.T.);
#2145=CARTESIAN_POINT('',(-406.25,587.3,1033.05623475));
#2146=DIRECTION('',(0.,0.,-1.));
#2147=DIRECTION('',(1.,0.,0.));
#2148=AXIS2_PLACEMENT_3D('',#2145,#2146,#2147);
#2149=PLANE('',#2148);
#2150=ORIENTED_EDGE('',*,*,#575,.F.);
#2151=CARTESIAN_POINT('',(-358.55,588.3,1033.05623475));
#2152=VERTEX_POINT('',#2151);
#2153=CARTESIAN_POINT('',(-358.55,588.3,1033.05623475));
#2154=DIRECTION('',(0.,-1.,0.));
#2155=VECTOR('',#2154,4.);
#2156=LINE('',#2153,#2155);
#2157=EDGE_CURVE('',#2152,#568,#2156,.T.);
#2158=ORIENTED_EDGE('',*,*,#2157,.F.);
#2159=CARTESIAN_POINT('',(-453.95,588.3,1033.05623475));
#2160=VERTEX_POINT('',#2159);
#2161=CARTESIAN_POINT('',(-358.55,588.3,1033.05623475));
#2162=DIRECTION('',(-1.,0.,0.));
#2163=VECTOR('',#2162,95.4);
#2164=LINE('',#2161,#2163);
#2165=EDGE_CURVE('',#2152,#2160,#2164,.T.);
#2166=ORIENTED_EDGE('',*,*,#2165,.T.);
#2167=CARTESIAN_POINT('',(-453.95,584.3,1033.05623475));
#2168=DIRECTION('',(-0.,1.,-0.));
#2169=VECTOR('',#2168,4.);
#2170=LINE('',#2167,#2169);
#2171=EDGE_CURVE('',#570,#2160,#2170,.T.);
#2172=ORIENTED_EDGE('',*,*,#2171,.F.);
#2173=EDGE_LOOP('',(#2150,#2158,#2166,#2172));
#2174=FACE_BOUND('',#2173,.T.);
#2175=ADVANCED_FACE('',(#2174),#2149,.F.);
#2176=CARTESIAN_POINT('',(-458.25,587.3,1037.55623475));
#2177=DIRECTION('',(-1.,0.,0.));
#2178=DIRECTION('',(0.,0.,-1.));
#2179=AXIS2_PLACEMENT_3D('',#2176,#2177,#2178);
#2180=PLANE('',#2179);
#2181=ORIENTED_EDGE('',*,*,#592,.F.);
#2182=CARTESIAN_POINT('',(-458.25,588.3,1037.35623475));
#2183=VERTEX_POINT('',#2182);
#2184=CARTESIAN_POINT('',(-458.25,588.3,1037.35623475));
#2185=DIRECTION('',(0.,-1.,0.));
#2186=VECTOR('',#2185,4.);
#2187=LINE('',#2184,#2186);
#2188=EDGE_CURVE('',#2183,#578,#2187,.T.);
#2189=ORIENTED_EDGE('',*,*,#2188,.F.);
#2190=CARTESIAN_POINT('',(-458.25,588.3,1037.75623475));
#2191=VERTEX_POINT('',#2190);
#2192=CARTESIAN_POINT('',(-458.25,588.3,1037.35623475));
#2193=DIRECTION('',(0.,0.,1.));
#2194=VECTOR('',#2193,0.4);
#2195=LINE('',#2192,#2194);
#2196=EDGE_CURVE('',#2183,#2191,#2195,.T.);
#2197=ORIENTED_EDGE('',*,*,#2196,.T.);
#2198=CARTESIAN_POINT('',(-458.25,584.3,1037.75623475));
#2199=DIRECTION('',(-0.,1.,-0.));
#2200=VECTOR('',#2199,4.);
#2201=LINE('',#2198,#2200);
#2202=EDGE_CURVE('',#587,#2191,#2201,.T.);
#2203=ORIENTED_EDGE('',*,*,#2202,.F.);
#2204=EDGE_LOOP('',(#2181,#2189,#2197,#2203));
#2205=FACE_BOUND('',#2204,.T.);
#2206=ADVANCED_FACE('',(#2205),#2180,.F.);
#2207=CARTESIAN_POINT('',(-406.25,587.3,1042.05623475));
#2208=DIRECTION('',(0.,0.,1.));
#2209=DIRECTION('',(-1.,0.,0.));
#2210=AXIS2_PLACEMENT_3D('',#2207,#2208,#2209);
#2211=PLANE('',#2210);
#2212=CARTESIAN_POINT('',(-453.95,588.3,1042.05623475));
#2213=VERTEX_POINT('',#2212);
#2214=CARTESIAN_POINT('',(-358.55,588.3,1042.05623475));
#2215=VERTEX_POINT('',#2214);
#2216=CARTESIAN_POINT('',(-453.95,588.3,1042.05623475));
#2217=DIRECTION('',(1.,0.,-0.));
#2218=VECTOR('',#2217,95.4);
#2219=LINE('',#2216,#2218);
#2220=EDGE_CURVE('',#2213,#2215,#2219,.T.);
#2221=ORIENTED_EDGE('',*,*,#2220,.T.);
#2222=CARTESIAN_POINT('',(-358.55,584.3,1042.05623475));
#2223=DIRECTION('',(-0.,1.,-0.));
#2224=VECTOR('',#2223,4.);
#2225=LINE('',#2222,#2224);
#2226=EDGE_CURVE('',#604,#2215,#2225,.T.);
#2227=ORIENTED_EDGE('',*,*,#2226,.F.);
#2228=ORIENTED_EDGE('',*,*,#609,.F.);
#2229=CARTESIAN_POINT('',(-453.95,588.3,1042.05623475));
#2230=DIRECTION('',(0.,-1.,0.));
#2231=VECTOR('',#2230,4.);
#2232=LINE('',#2229,#2231);
#2233=EDGE_CURVE('',#2213,#595,#2232,.T.);
#2234=ORIENTED_EDGE('',*,*,#2233,.F.);
#2235=EDGE_LOOP('',(#2221,#2227,#2228,#2234));
#2236=FACE_BOUND('',#2235,.T.);
#2237=ADVANCED_FACE('',(#2236),#2211,.F.);
#2238=CARTESIAN_POINT('',(-354.25,587.3,1037.55623475));
#2239=DIRECTION('',(1.,0.,0.));
#2240=DIRECTION('',(0.,0.,1.));
#2241=AXIS2_PLACEMENT_3D('',#2238,#2239,#2240);
#2242=PLANE('',#2241);
#2243=CARTESIAN_POINT('',(-354.25,588.3,1037.75623475));
#2244=VERTEX_POINT('',#2243);
#2245=CARTESIAN_POINT('',(-354.25,588.3,1037.35623475));
#2246=VERTEX_POINT('',#2245);
#2247=CARTESIAN_POINT('',(-354.25,588.3,1037.75623475));
#2248=DIRECTION('',(0.,0.,-1.));
#2249=VECTOR('',#2248,0.4);
#2250=LINE('',#2247,#2249);
#2251=EDGE_CURVE('',#2244,#2246,#2250,.T.);
#2252=ORIENTED_EDGE('',*,*,#2251,.T.);
#2253=CARTESIAN_POINT('',(-354.25,584.3,1037.35623475));
#2254=DIRECTION('',(-0.,1.,-0.));
#2255=VECTOR('',#2254,4.);
#2256=LINE('',#2253,#2255);
#2257=EDGE_CURVE('',#621,#2246,#2256,.T.);
#2258=ORIENTED_EDGE('',*,*,#2257,.F.);
#2259=ORIENTED_EDGE('',*,*,#626,.F.);
#2260=CARTESIAN_POINT('',(-354.25,588.3,1037.75623475));
#2261=DIRECTION('',(0.,-1.,0.));
#2262=VECTOR('',#2261,4.);
#2263=LINE('',#2260,#2262);
#2264=EDGE_CURVE('',#2244,#612,#2263,.T.);
#2265=ORIENTED_EDGE('',*,*,#2264,.F.);
#2266=EDGE_LOOP('',(#2252,#2258,#2259,#2265));
#2267=FACE_BOUND('',#2266,.T.);
#2268=ADVANCED_FACE('',(#2267),#2242,.F.);
#2269=CARTESIAN_POINT('',(-943.,588.3,-270.94376525));
#2270=DIRECTION('',(0.,-1.,0.));
#2271=DIRECTION('',(-1.,0.,0.));
#2272=AXIS2_PLACEMENT_3D('',#2269,#2270,#2271);
#2273=PLANE('',#2272);
#2274=ORIENTED_EDGE('',*,*,#80,.T.);
#2275=ORIENTED_EDGE('',*,*,#245,.F.);
#2276=ORIENTED_EDGE('',*,*,#120,.T.);
#2277=ORIENTED_EDGE('',*,*,#269,.F.);
#2278=ORIENTED_EDGE('',*,*,#160,.T.);
#2279=ORIENTED_EDGE('',*,*,#197,.F.);
#2280=ORIENTED_EDGE('',*,*,#40,.T.);
#2281=ORIENTED_EDGE('',*,*,#221,.F.);
#2282=EDGE_LOOP('',(#2274,#2275,#2276,#2277,#2278,#2279,#2280,#2281));
#2283=FACE_BOUND('',#2282,.T.);
#2284=ORIENTED_EDGE('',*,*,#2196,.F.);
#2285=CARTESIAN_POINT('',(-453.95,588.3,1037.35623475));
#2286=DIRECTION('',(0.,1.,0.));
#2287=DIRECTION('',(0.,0.,-1.));
#2288=AXIS2_PLACEMENT_3D('',#2285,#2286,#2287);
#2289=CIRCLE('',#2288,4.3);
#2290=EDGE_CURVE('',#2160,#2183,#2289,.T.);
#2291=ORIENTED_EDGE('',*,*,#2290,.F.);
#2292=ORIENTED_EDGE('',*,*,#2165,.F.);
#2293=CARTESIAN_POINT('',(-358.55,588.3,1037.35623475));
#2294=DIRECTION('',(0.,1.,0.));
#2295=DIRECTION('',(0.,0.,-1.));
#2296=AXIS2_PLACEMENT_3D('',#2293,#2294,#2295);
#2297=CIRCLE('',#2296,4.3);
#2298=EDGE_CURVE('',#2246,#2152,#2297,.T.);
#2299=ORIENTED_EDGE('',*,*,#2298,.F.);
#2300=ORIENTED_EDGE('',*,*,#2251,.F.);
#2301=CARTESIAN_POINT('',(-358.55,588.3,1037.75623475));
#2302=DIRECTION('',(0.,1.,0.));
#2303=DIRECTION('',(0.,0.,-1.));
#2304=AXIS2_PLACEMENT_3D('',#2301,#2302,#2303);
#2305=CIRCLE('',#2304,4.3);
#2306=EDGE_CURVE('',#2215,#2244,#2305,.T.);
#2307=ORIENTED_EDGE('',*,*,#2306,.F.);
#2308=ORIENTED_EDGE('',*,*,#2220,.F.);
#2309=CARTESIAN_POINT('',(-453.95,588.3,1037.75623475));
#2310=DIRECTION('',(0.,1.,0.));
#2311=DIRECTION('',(0.,0.,-1.));
#2312=AXIS2_PLACEMENT_3D('',#2309,#2310,#2311);
#2313=CIRCLE('',#2312,4.3);
#2314=EDGE_CURVE('',#2191,#2213,#2313,.T.);
#2315=ORIENTED_EDGE('',*,*,#2314,.F.);
#2316=EDGE_LOOP('',(#2284,#2291,#2292,#2299,#2300,#2307,#2308,#2315));
#2317=FACE_BOUND('',#2316,.T.);
#2318=ADVANCED_FACE('',(#2283,#2317),#2273,.T.);
#2319=CARTESIAN_POINT('',(-453.95,587.3,1037.75623475));
#2320=DIRECTION('',(0.,1.,0.));
#2321=DIRECTION('',(0.,-0.,1.));
#2322=AXIS2_PLACEMENT_3D('',#2319,#2320,#2321);
#2323=CYLINDRICAL_SURFACE('',#2322,4.3);
#2324=ORIENTED_EDGE('',*,*,#2314,.T.);
#2325=ORIENTED_EDGE('',*,*,#2233,.T.);
#2326=ORIENTED_EDGE('',*,*,#601,.T.);
#2327=ORIENTED_EDGE('',*,*,#2202,.T.);
#2328=EDGE_LOOP('',(#2324,#2325,#2326,#2327));
#2329=FACE_BOUND('',#2328,.T.);
#2330=ADVANCED_FACE('',(#2329),#2323,.F.);
#2331=CARTESIAN_POINT('',(-358.55,587.3,1037.75623475));
#2332=DIRECTION('',(0.,1.,0.));
#2333=DIRECTION('',(0.,-0.,1.));
#2334=AXIS2_PLACEMENT_3D('',#2331,#2332,#2333);
#2335=CYLINDRICAL_SURFACE('',#2334,4.3);
#2336=ORIENTED_EDGE('',*,*,#2306,.T.);
#2337=ORIENTED_EDGE('',*,*,#2264,.T.);
#2338=ORIENTED_EDGE('',*,*,#618,.T.);
#2339=ORIENTED_EDGE('',*,*,#2226,.T.);
#2340=EDGE_LOOP('',(#2336,#2337,#2338,#2339));
#2341=FACE_BOUND('',#2340,.T.);
#2342=ADVANCED_FACE('',(#2341),#2335,.F.);
#2343=CARTESIAN_POINT('',(-453.95,587.3,1037.35623475));
#2344=DIRECTION('',(0.,1.,0.));
#2345=DIRECTION('',(0.,-0.,1.));
#2346=AXIS2_PLACEMENT_3D('',#2343,#2344,#2345);
#2347=CYLINDRICAL_SURFACE('',#2346,4.3);
#2348=ORIENTED_EDGE('',*,*,#2290,.T.);
#2349=ORIENTED_EDGE('',*,*,#2188,.T.);
#2350=ORIENTED_EDGE('',*,*,#584,.T.);
#2351=ORIENTED_EDGE('',*,*,#2171,.T.);
#2352=EDGE_LOOP('',(#2348,#2349,#2350,#2351));
#2353=FACE_BOUND('',#2352,.T.);
#2354=ADVANCED_FACE('',(#2353),#2347,.F.);
#2355=CARTESIAN_POINT('',(-358.55,587.3,1037.35623475));
#2356=DIRECTION('',(0.,1.,0.));
#2357=DIRECTION('',(0.,-0.,1.));
#2358=AXIS2_PLACEMENT_3D('',#2355,#2356,#2357);
#2359=CYLINDRICAL_SURFACE('',#2358,4.3);
#2360=ORIENTED_EDGE('',*,*,#2298,.T.);
#2361=ORIENTED_EDGE('',*,*,#2157,.T.);
#2362=ORIENTED_EDGE('',*,*,#633,.T.);
#2363=ORIENTED_EDGE('',*,*,#2257,.T.);
#2364=EDGE_LOOP('',(#2360,#2361,#2362,#2363));
#2365=FACE_BOUND('',#2364,.T.);
#2366=ADVANCED_FACE('',(#2365),#2359,.F.);
#2367=CLOSED_SHELL('',(#66,#106,#146,#186,#210,#234,#258,#282,#324,#366,#408,#450,#490,#530,#561,#662,#693,#724,#792,#823,#872,#903,#962,#1034,#1085,#1109,
#1328,#1352,#1374,#1391,#1403,#1420,#1437,#1464,#1483,#1496,#1527,#1551,#1575,#1599,#1623,#1640,#1658,#1689,#1713,#1737,#1761,#1785,#1802,#1820,#1851,
#1875,#1899,#1923,#1947,#1964,#1982,#2013,#2037,#2061,#2085,#2109,#2126,#2144,#2175,#2206,#2237,#2268,#2318,#2330,#2342,#2354,#2366));
#2368=MANIFOLD_SOLID_BREP('Body 140 (2)',#2367);
#2369=COLOUR_RGB('',0.627451003,0.627451003,0.643137276);
#2370=FILL_AREA_STYLE_COLOUR('',#2369);
#2371=FILL_AREA_STYLE('',(#2370));
#2372=SURFACE_STYLE_FILL_AREA(#2371);
#2373=SURFACE_SIDE_STYLE('',(#2372));
#2374=SURFACE_STYLE_USAGE(.BOTH.,#2373);
#2375=PRESENTATION_STYLE_ASSIGNMENT((#2374));
#26=STYLED_ITEM('',(#2375),#2368);
#2377=CARTESIAN_POINT('',(-639.75,589.3,1035.00623475));
#2378=DIRECTION('',(0.,0.,-1.));
#2379=DIRECTION('',(-1.,0.,0.));
#2380=AXIS2_PLACEMENT_3D('',#2377,#2378,#2379);
#2381=PLANE('',#2380);
#2382=CARTESIAN_POINT('',(-687.25,588.3,1035.00623475));
#2383=VERTEX_POINT('',#2382);
#2384=CARTESIAN_POINT('',(-592.25,588.3,1035.00623475));
#2385=VERTEX_POINT('',#2384);
#2386=CARTESIAN_POINT('',(-687.25,588.3,1035.00623475));
#2387=DIRECTION('',(1.,0.,-0.));
#2388=VECTOR('',#2387,95.);
#2389=LINE('',#2386,#2388);
#2390=EDGE_CURVE('',#2383,#2385,#2389,.T.);
#2391=ORIENTED_EDGE('',*,*,#2390,.T.);
#2392=CARTESIAN_POINT('',(-592.25,589.3,1035.00623475));
#2393=VERTEX_POINT('',#2392);
#2394=CARTESIAN_POINT('',(-592.25,588.3,1035.00623475));
#2395=DIRECTION('',(-0.,1.,-0.));
#2396=VECTOR('',#2395,1.);
#2397=LINE('',#2394,#2396);
#2398=EDGE_CURVE('',#2385,#2393,#2397,.T.);
#2399=ORIENTED_EDGE('',*,*,#2398,.T.);
#2400=CARTESIAN_POINT('',(-687.25,589.3,1035.00623475));
#2401=VERTEX_POINT('',#2400);
#2402=CARTESIAN_POINT('',(-687.25,589.3,1035.00623475));
#2403=DIRECTION('',(1.,0.,-0.));
#2404=VECTOR('',#2403,95.);
#2405=LINE('',#2402,#2404);
#2406=EDGE_CURVE('',#2401,#2393,#2405,.T.);
#2407=ORIENTED_EDGE('',*,*,#2406,.F.);
#2408=CARTESIAN_POINT('',(-687.25,589.3,1035.00623475));
#2409=DIRECTION('',(0.,-1.,0.));
#2410=VECTOR('',#2409,1.);
#2411=LINE('',#2408,#2410);
#2412=EDGE_CURVE('',#2401,#2383,#2411,.T.);
#2413=ORIENTED_EDGE('',*,*,#2412,.T.);
#2414=EDGE_LOOP('',(#2391,#2399,#2407,#2413));
#2415=FACE_BOUND('',#2414,.T.);
#2416=ADVANCED_FACE('',(#2415),#2381,.F.);
#2417=CARTESIAN_POINT('',(-589.75,589.3,1036.23123475));
#2418=DIRECTION('',(1.,0.,0.));
#2419=DIRECTION('',(0.,0.,-1.));
#2420=AXIS2_PLACEMENT_3D('',#2417,#2418,#2419);
#2421=PLANE('',#2420);
#2422=CARTESIAN_POINT('',(-589.75,588.3,1037.50623475));
#2423=VERTEX_POINT('',#2422);
#2424=CARTESIAN_POINT('',(-589.75,588.3,1037.60623475));
#2425=VERTEX_POINT('',#2424);
#2426=CARTESIAN_POINT('',(-589.75,588.3,1037.50623475));
#2427=DIRECTION('',(0.,0.,1.));
#2428=VECTOR('',#2427,0.1);
#2429=LINE('',#2426,#2428);
#2430=EDGE_CURVE('',#2423,#2425,#2429,.T.);
#2431=ORIENTED_EDGE('',*,*,#2430,.T.);
#2432=CARTESIAN_POINT('',(-589.75,589.3,1037.60623475));
#2433=VERTEX_POINT('',#2432);
#2434=CARTESIAN_POINT('',(-589.75,588.3,1037.60623475));
#2435=DIRECTION('',(-0.,1.,-0.));
#2436=VECTOR('',#2435,1.);
#2437=LINE('',#2434,#2436);
#2438=EDGE_CURVE('',#2425,#2433,#2437,.T.);
#2439=ORIENTED_EDGE('',*,*,#2438,.T.);
#2440=CARTESIAN_POINT('',(-589.75,589.3,1037.50623475));
#2441=VERTEX_POINT('',#2440);
#2442=CARTESIAN_POINT('',(-589.75,589.3,1037.50623475));
#2443=DIRECTION('',(0.,0.,1.));
#2444=VECTOR('',#2443,0.1);
#2445=LINE('',#2442,#2444);
#2446=EDGE_CURVE('',#2441,#2433,#2445,.T.);
#2447=ORIENTED_EDGE('',*,*,#2446,.F.);
#2448=CARTESIAN_POINT('',(-589.75,589.3,1037.50623475));
#2449=DIRECTION('',(0.,-1.,0.));
#2450=VECTOR('',#2449,1.);
#2451=LINE('',#2448,#2450);
#2452=EDGE_CURVE('',#2441,#2423,#2451,.T.);
#2453=ORIENTED_EDGE('',*,*,#2452,.T.);
#2454=EDGE_LOOP('',(#2431,#2439,#2447,#2453));
#2455=FACE_BOUND('',#2454,.T.);
#2456=ADVANCED_FACE('',(#2455),#2421,.F.);
#2457=CARTESIAN_POINT('',(-639.75,589.3,1040.10623475));
#2458=DIRECTION('',(0.,0.,1.));
#2459=DIRECTION('',(1.,0.,0.));
#2460=AXIS2_PLACEMENT_3D('',#2457,#2458,#2459);
#2461=PLANE('',#2460);
#2462=CARTESIAN_POINT('',(-592.25,588.3,1040.10623475));
#2463=VERTEX_POINT('',#2462);
#2464=CARTESIAN_POINT('',(-687.25,588.3,1040.10623475));
#2465=VERTEX_POINT('',#2464);
#2466=CARTESIAN_POINT('',(-592.25,588.3,1040.10623475));
#2467=DIRECTION('',(-1.,0.,0.));
#2468=VECTOR('',#2467,95.);
#2469=LINE('',#2466,#2468);
#2470=EDGE_CURVE('',#2463,#2465,#2469,.T.);
#2471=ORIENTED_EDGE('',*,*,#2470,.T.);
#2472=CARTESIAN_POINT('',(-687.25,589.3,1040.10623475));
#2473=VERTEX_POINT('',#2472);
#2474=CARTESIAN_POINT('',(-687.25,588.3,1040.10623475));
#2475=DIRECTION('',(-0.,1.,-0.));
#2476=VECTOR('',#2475,1.);
#2477=LINE('',#2474,#2476);
#2478=EDGE_CURVE('',#2465,#2473,#2477,.T.);
#2479=ORIENTED_EDGE('',*,*,#2478,.T.);
#2480=CARTESIAN_POINT('',(-592.25,589.3,1040.10623475));
#2481=VERTEX_POINT('',#2480);
#2482=CARTESIAN_POINT('',(-592.25,589.3,1040.10623475));
#2483=DIRECTION('',(-1.,0.,0.));
#2484=VECTOR('',#2483,95.);
#2485=LINE('',#2482,#2484);
#2486=EDGE_CURVE('',#2481,#2473,#2485,.T.);
#2487=ORIENTED_EDGE('',*,*,#2486,.F.);
#2488=CARTESIAN_POINT('',(-592.25,589.3,1040.10623475));
#2489=DIRECTION('',(0.,-1.,0.));
#2490=VECTOR('',#2489,1.);
#2491=LINE('',#2488,#2490);
#2492=EDGE_CURVE('',#2481,#2463,#2491,.T.);
#2493=ORIENTED_EDGE('',*,*,#2492,.T.);
#2494=EDGE_LOOP('',(#2471,#2479,#2487,#2493));
#2495=FACE_BOUND('',#2494,.T.);
#2496=ADVANCED_FACE('',(#2495),#2461,.F.);
#2497=CARTESIAN_POINT('',(-689.75,589.3,1036.23123475));
#2498=DIRECTION('',(-1.,0.,0.));
#2499=DIRECTION('',(0.,0.,1.));
#2500=AXIS2_PLACEMENT_3D('',#2497,#2498,#2499);
#2501=PLANE('',#2500);
#2502=CARTESIAN_POINT('',(-689.75,588.3,1037.60623475));
#2503=VERTEX_POINT('',#2502);
#2504=CARTESIAN_POINT('',(-689.75,588.3,1037.50623475));
#2505=VERTEX_POINT('',#2504);
#2506=CARTESIAN_POINT('',(-689.75,588.3,1037.60623475));
#2507=DIRECTION('',(0.,0.,-1.));
#2508=VECTOR('',#2507,0.1);
#2509=LINE('',#2506,#2508);
#2510=EDGE_CURVE('',#2503,#2505,#2509,.T.);
#2511=ORIENTED_EDGE('',*,*,#2510,.T.);
#2512=CARTESIAN_POINT('',(-689.75,589.3,1037.50623475));
#2513=VERTEX_POINT('',#2512);
#2514=CARTESIAN_POINT('',(-689.75,588.3,1037.50623475));
#2515=DIRECTION('',(-0.,1.,-0.));
#2516=VECTOR('',#2515,1.);
#2517=LINE('',#2514,#2516);
#2518=EDGE_CURVE('',#2505,#2513,#2517,.T.);
#2519=ORIENTED_EDGE('',*,*,#2518,.T.);
#2520=CARTESIAN_POINT('',(-689.75,589.3,1037.60623475));
#2521=VERTEX_POINT('',#2520);
#2522=CARTESIAN_POINT('',(-689.75,589.3,1037.60623475));
#2523=DIRECTION('',(0.,0.,-1.));
#2524=VECTOR('',#2523,0.1);
#2525=LINE('',#2522,#2524);
#2526=EDGE_CURVE('',#2521,#2513,#2525,.T.);
#2527=ORIENTED_EDGE('',*,*,#2526,.F.);
#2528=CARTESIAN_POINT('',(-689.75,589.3,1037.60623475));
#2529=DIRECTION('',(0.,-1.,0.));
#2530=VECTOR('',#2529,1.);
#2531=LINE('',#2528,#2530);
#2532=EDGE_CURVE('',#2521,#2503,#2531,.T.);
#2533=ORIENTED_EDGE('',*,*,#2532,.T.);
#2534=EDGE_LOOP('',(#2511,#2519,#2527,#2533));
#2535=FACE_BOUND('',#2534,.T.);
#2536=ADVANCED_FACE('',(#2535),#2501,.F.);
#2537=CARTESIAN_POINT('',(-687.25,589.3,1037.50623475));
#2538=DIRECTION('',(0.,1.,0.));
#2539=DIRECTION('',(0.,-0.,1.));
#2540=AXIS2_PLACEMENT_3D('',#2537,#2538,#2539);
#2541=CYLINDRICAL_SURFACE('',#2540,2.5);
#2542=CARTESIAN_POINT('',(-687.25,588.3,1037.50623475));
#2543=DIRECTION('',(-0.,1.,-0.));
#2544=DIRECTION('',(0.,0.,-1.));
#2545=AXIS2_PLACEMENT_3D('',#2542,#2543,#2544);
#2546=CIRCLE('',#2545,2.5);
#2547=EDGE_CURVE('',#2383,#2505,#2546,.T.);
#2548=ORIENTED_EDGE('',*,*,#2547,.F.);
#2549=ORIENTED_EDGE('',*,*,#2412,.F.);
#2550=CARTESIAN_POINT('',(-687.25,589.3,1037.50623475));
#2551=DIRECTION('',(0.,-1.,0.));
#2552=DIRECTION('',(0.,0.,-1.));
#2553=AXIS2_PLACEMENT_3D('',#2550,#2551,#2552);
#2554=CIRCLE('',#2553,2.5);
#2555=EDGE_CURVE('',#2513,#2401,#2554,.T.);
#2556=ORIENTED_EDGE('',*,*,#2555,.F.);
#2557=ORIENTED_EDGE('',*,*,#2518,.F.);
#2558=EDGE_LOOP('',(#2548,#2549,#2556,#2557));
#2559=FACE_BOUND('',#2558,.T.);
#2560=ADVANCED_FACE('',(#2559),#2541,.F.);
#2561=CARTESIAN_POINT('',(-592.25,589.3,1037.50623475));
#2562=DIRECTION('',(0.,1.,0.));
#2563=DIRECTION('',(0.,-0.,1.));
#2564=AXIS2_PLACEMENT_3D('',#2561,#2562,#2563);
#2565=CYLINDRICAL_SURFACE('',#2564,2.5);
#2566=CARTESIAN_POINT('',(-592.25,588.3,1037.50623475));
#2567=DIRECTION('',(-0.,1.,-0.));
#2568=DIRECTION('',(0.,0.,-1.));
#2569=AXIS2_PLACEMENT_3D('',#2566,#2567,#2568);
#2570=CIRCLE('',#2569,2.5);
#2571=EDGE_CURVE('',#2423,#2385,#2570,.T.);
#2572=ORIENTED_EDGE('',*,*,#2571,.F.);
#2573=ORIENTED_EDGE('',*,*,#2452,.F.);
#2574=CARTESIAN_POINT('',(-592.25,589.3,1037.50623475));
#2575=DIRECTION('',(0.,-1.,0.));
#2576=DIRECTION('',(0.,0.,-1.));
#2577=AXIS2_PLACEMENT_3D('',#2574,#2575,#2576);
#2578=CIRCLE('',#2577,2.5);
#2579=EDGE_CURVE('',#2393,#2441,#2578,.T.);
#2580=ORIENTED_EDGE('',*,*,#2579,.F.);
#2581=ORIENTED_EDGE('',*,*,#2398,.F.);
#2582=EDGE_LOOP('',(#2572,#2573,#2580,#2581));
#2583=FACE_BOUND('',#2582,.T.);
#2584=ADVANCED_FACE('',(#2583),#2565,.F.);
#2585=CARTESIAN_POINT('',(-592.25,589.3,1037.60623475));
#2586=DIRECTION('',(0.,1.,0.));
#2587=DIRECTION('',(0.,-0.,1.));
#2588=AXIS2_PLACEMENT_3D('',#2585,#2586,#2587);
#2589=CYLINDRICAL_SURFACE('',#2588,2.5);
#2590=CARTESIAN_POINT('',(-592.25,588.3,1037.60623475));
#2591=DIRECTION('',(-0.,1.,-0.));
#2592=DIRECTION('',(0.,0.,-1.));
#2593=AXIS2_PLACEMENT_3D('',#2590,#2591,#2592);
#2594=CIRCLE('',#2593,2.5);
#2595=EDGE_CURVE('',#2463,#2425,#2594,.T.);
#2596=ORIENTED_EDGE('',*,*,#2595,.F.);
#2597=ORIENTED_EDGE('',*,*,#2492,.F.);
#2598=CARTESIAN_POINT('',(-592.25,589.3,1037.60623475));
#2599=DIRECTION('',(0.,-1.,0.));
#2600=DIRECTION('',(0.,0.,-1.));
#2601=AXIS2_PLACEMENT_3D('',#2598,#2599,#2600);
#2602=CIRCLE('',#2601,2.5);
#2603=EDGE_CURVE('',#2433,#2481,#2602,.T.);
#2604=ORIENTED_EDGE('',*,*,#2603,.F.);
#2605=ORIENTED_EDGE('',*,*,#2438,.F.);
#2606=EDGE_LOOP('',(#2596,#2597,#2604,#2605));
#2607=FACE_BOUND('',#2606,.T.);
#2608=ADVANCED_FACE('',(#2607),#2589,.F.);
#2609=CARTESIAN_POINT('',(-687.25,589.3,1037.60623475));
#2610=DIRECTION('',(0.,1.,0.));
#2611=DIRECTION('',(0.,-0.,1.));
#2612=AXIS2_PLACEMENT_3D('',#2609,#2610,#2611);
#2613=CYLINDRICAL_SURFACE('',#2612,2.5);
#2614=CARTESIAN_POINT('',(-687.25,588.3,1037.60623475));
#2615=DIRECTION('',(-0.,1.,-0.));
#2616=DIRECTION('',(0.,0.,-1.));
#2617=AXIS2_PLACEMENT_3D('',#2614,#2615,#2616);
#2618=CIRCLE('',#2617,2.5);
#2619=EDGE_CURVE('',#2503,#2465,#2618,.T.);
#2620=ORIENTED_EDGE('',*,*,#2619,.F.);
#2621=ORIENTED_EDGE('',*,*,#2532,.F.);
#2622=CARTESIAN_POINT('',(-687.25,589.3,1037.60623475));
#2623=DIRECTION('',(0.,-1.,0.));
#2624=DIRECTION('',(0.,0.,-1.));
#2625=AXIS2_PLACEMENT_3D('',#2622,#2623,#2624);
#2626=CIRCLE('',#2625,2.5);
#2627=EDGE_CURVE('',#2473,#2521,#2626,.T.);
#2628=ORIENTED_EDGE('',*,*,#2627,.F.);
#2629=ORIENTED_EDGE('',*,*,#2478,.F.);
#2630=EDGE_LOOP('',(#2620,#2621,#2628,#2629));
#2631=FACE_BOUND('',#2630,.T.);
#2632=ADVANCED_FACE('',(#2631),#2613,.F.);
#2633=CARTESIAN_POINT('',(-544.,519.3,994.05623475));
#2634=DIRECTION('',(1.,0.,0.));
#2635=DIRECTION('',(0.,0.,-1.));
#2636=AXIS2_PLACEMENT_3D('',#2633,#2634,#2635);
#2637=CYLINDRICAL_SURFACE('',#2636,1.7);
#2638=CARTESIAN_POINT('',(-523.,519.3,992.35623475));
#2639=VERTEX_POINT('',#2638);
#2640=CARTESIAN_POINT('',(-525.,519.3,992.35623475));
#2641=VERTEX_POINT('',#2640);
#2642=CARTESIAN_POINT('',(-523.,519.3,992.35623475));
#2643=DIRECTION('',(-1.,-0.,0.));
#2644=VECTOR('',#2643,2.);
#2645=LINE('',#2642,#2644);
#2646=EDGE_CURVE('',#2639,#2641,#2645,.T.);
#2647=ORIENTED_EDGE('',*,*,#2646,.F.);
#2648=CARTESIAN_POINT('',(-523.,519.3,994.05623475));
#2649=DIRECTION('',(1.,0.,0.));
#2650=DIRECTION('',(0.,0.,-1.));
#2651=AXIS2_PLACEMENT_3D('',#2648,#2649,#2650);
#2652=CIRCLE('',#2651,1.7);
#2653=EDGE_CURVE('',#2639,#2639,#2652,.T.);
#2654=ORIENTED_EDGE('',*,*,#2653,.T.);
#2655=ORIENTED_EDGE('',*,*,#2646,.T.);
#2656=CARTESIAN_POINT('',(-525.,519.3,995.75623475));
#2657=VERTEX_POINT('',#2656);
#2658=CARTESIAN_POINT('',(-525.,519.3,994.05623475));
#2659=DIRECTION('',(-1.,0.,0.));
#2660=DIRECTION('',(0.,0.,1.));
#2661=AXIS2_PLACEMENT_3D('',#2658,#2659,#2660);
#2662=CIRCLE('',#2661,1.7);
#2663=EDGE_CURVE('',#2641,#2657,#2662,.T.);
#2664=ORIENTED_EDGE('',*,*,#2663,.T.);
#2665=CARTESIAN_POINT('',(-525.,519.3,994.05623475));
#2666=DIRECTION('',(-1.,0.,0.));
#2667=DIRECTION('',(0.,0.,1.));
#2668=AXIS2_PLACEMENT_3D('',#2665,#2666,#2667);
#2669=CIRCLE('',#2668,1.7);
#2670=EDGE_CURVE('',#2657,#2641,#2669,.T.);
#2671=ORIENTED_EDGE('',*,*,#2670,.T.);
#2672=EDGE_LOOP('',(#2647,#2654,#2655,#2664,#2671));
#2673=FACE_BOUND('',#2672,.T.);
#2674=ADVANCED_FACE('',(#2673),#2637,.F.);
#2675=CARTESIAN_POINT('',(-544.,559.3,1044.05623475));
#2676=DIRECTION('',(1.,0.,0.));
#2677=DIRECTION('',(0.,0.,-1.));
#2678=AXIS2_PLACEMENT_3D('',#2675,#2676,#2677);
#2679=CYLINDRICAL_SURFACE('',#2678,1.7);
#2680=CARTESIAN_POINT('',(-523.,559.3,1042.35623475));
#2681=VERTEX_POINT('',#2680);
#2682=CARTESIAN_POINT('',(-525.,559.3,1042.35623475));
#2683=VERTEX_POINT('',#2682);
#2684=CARTESIAN_POINT('',(-523.,559.3,1042.35623475));
#2685=DIRECTION('',(-1.,-0.,0.));
#2686=VECTOR('',#2685,2.);
#2687=LINE('',#2684,#2686);
#2688=EDGE_CURVE('',#2681,#2683,#2687,.T.);
#2689=ORIENTED_EDGE('',*,*,#2688,.F.);
#2690=CARTESIAN_POINT('',(-523.,559.3,1044.05623475));
#2691=DIRECTION('',(1.,0.,0.));
#2692=DIRECTION('',(0.,0.,-1.));
#2693=AXIS2_PLACEMENT_3D('',#2690,#2691,#2692);
#2694=CIRCLE('',#2693,1.7);
#2695=EDGE_CURVE('',#2681,#2681,#2694,.T.);
#2696=ORIENTED_EDGE('',*,*,#2695,.T.);
#2697=ORIENTED_EDGE('',*,*,#2688,.T.);
#2698=CARTESIAN_POINT('',(-525.,559.3,1045.75623475));
#2699=VERTEX_POINT('',#2698);
#2700=CARTESIAN_POINT('',(-525.,559.3,1044.05623475));
#2701=DIRECTION('',(-1.,0.,0.));
#2702=DIRECTION('',(0.,0.,1.));
#2703=AXIS2_PLACEMENT_3D('',#2700,#2701,#2702);
#2704=CIRCLE('',#2703,1.7);
#2705=EDGE_CURVE('',#2683,#2699,#2704,.T.);
#2706=ORIENTED_EDGE('',*,*,#2705,.T.);
#2707=CARTESIAN_POINT('',(-525.,559.3,1044.05623475));
#2708=DIRECTION('',(-1.,0.,0.));
#2709=DIRECTION('',(0.,0.,1.));
#2710=AXIS2_PLACEMENT_3D('',#2707,#2708,#2709);
#2711=CIRCLE('',#2710,1.7);
#2712=EDGE_CURVE('',#2699,#2683,#2711,.T.);
#2713=ORIENTED_EDGE('',*,*,#2712,.T.);
#2714=EDGE_LOOP('',(#2689,#2696,#2697,#2706,#2713));
#2715=FACE_BOUND('',#2714,.T.);
#2716=ADVANCED_FACE('',(#2715),#2679,.F.);
#2717=CARTESIAN_POINT('',(-544.,519.3,1044.05623475));
#2718=DIRECTION('',(1.,0.,0.));
#2719=DIRECTION('',(0.,0.,-1.));
#2720=AXIS2_PLACEMENT_3D('',#2717,#2718,#2719);
#2721=CYLINDRICAL_SURFACE('',#2720,1.7);
#2722=CARTESIAN_POINT('',(-523.,519.3,1042.35623475));
#2723=VERTEX_POINT('',#2722);
#2724=CARTESIAN_POINT('',(-525.,519.3,1042.35623475));
#2725=VERTEX_POINT('',#2724);
#2726=CARTESIAN_POINT('',(-523.,519.3,1042.35623475));
#2727=DIRECTION('',(-1.,-0.,0.));
#2728=VECTOR('',#2727,2.);
#2729=LINE('',#2726,#2728);
#2730=EDGE_CURVE('',#2723,#2725,#2729,.T.);
#2731=ORIENTED_EDGE('',*,*,#2730,.F.);
#2732=CARTESIAN_POINT('',(-523.,519.3,1044.05623475));
#2733=DIRECTION('',(1.,0.,0.));
#2734=DIRECTION('',(0.,0.,-1.));
#2735=AXIS2_PLACEMENT_3D('',#2732,#2733,#2734);
#2736=CIRCLE('',#2735,1.7);
#2737=EDGE_CURVE('',#2723,#2723,#2736,.T.);
#2738=ORIENTED_EDGE('',*,*,#2737,.T.);
#2739=ORIENTED_EDGE('',*,*,#2730,.T.);
#2740=CARTESIAN_POINT('',(-525.,519.3,1045.75623475));
#2741=VERTEX_POINT('',#2740);
#2742=CARTESIAN_POINT('',(-525.,519.3,1044.05623475));
#2743=DIRECTION('',(-1.,0.,0.));
#2744=DIRECTION('',(0.,0.,1.));
#2745=AXIS2_PLACEMENT_3D('',#2742,#2743,#2744);
#2746=CIRCLE('',#2745,1.7);
#2747=EDGE_CURVE('',#2725,#2741,#2746,.T.);
#2748=ORIENTED_EDGE('',*,*,#2747,.T.);
#2749=CARTESIAN_POINT('',(-525.,519.3,1044.05623475));
#2750=DIRECTION('',(-1.,0.,0.));
#2751=DIRECTION('',(0.,0.,1.));
#2752=AXIS2_PLACEMENT_3D('',#2749,#2750,#2751);
#2753=CIRCLE('',#2752,1.7);
#2754=EDGE_CURVE('',#2741,#2725,#2753,.T.);
#2755=ORIENTED_EDGE('',*,*,#2754,.T.);
#2756=EDGE_LOOP('',(#2731,#2738,#2739,#2748,#2755));
#2757=FACE_BOUND('',#2756,.T.);
#2758=ADVANCED_FACE('',(#2757),#2721,.F.);
#2759=CARTESIAN_POINT('',(-544.,559.3,994.05623475));
#2760=DIRECTION('',(1.,0.,0.));
#2761=DIRECTION('',(0.,0.,-1.));
#2762=AXIS2_PLACEMENT_3D('',#2759,#2760,#2761);
#2763=CYLINDRICAL_SURFACE('',#2762,1.7);
#2764=CARTESIAN_POINT('',(-523.,559.3,992.35623475));
#2765=VERTEX_POINT('',#2764);
#2766=CARTESIAN_POINT('',(-525.,559.3,992.35623475));
#2767=VERTEX_POINT('',#2766);
#2768=CARTESIAN_POINT('',(-523.,559.3,992.35623475));
#2769=DIRECTION('',(-1.,-0.,0.));
#2770=VECTOR('',#2769,2.);
#2771=LINE('',#2768,#2770);
#2772=EDGE_CURVE('',#2765,#2767,#2771,.T.);
#2773=ORIENTED_EDGE('',*,*,#2772,.F.);
#2774=CARTESIAN_POINT('',(-523.,559.3,994.05623475));
#2775=DIRECTION('',(1.,0.,0.));
#2776=DIRECTION('',(0.,0.,-1.));
#2777=AXIS2_PLACEMENT_3D('',#2774,#2775,#2776);
#2778=CIRCLE('',#2777,1.7);
#2779=EDGE_CURVE('',#2765,#2765,#2778,.T.);
#2780=ORIENTED_EDGE('',*,*,#2779,.T.);
#2781=ORIENTED_EDGE('',*,*,#2772,.T.);
#2782=CARTESIAN_POINT('',(-525.,559.3,995.75623475));
#2783=VERTEX_POINT('',#2782);
#2784=CARTESIAN_POINT('',(-525.,559.3,994.05623475));
#2785=DIRECTION('',(-1.,0.,0.));
#2786=DIRECTION('',(0.,0.,1.));
#2787=AXIS2_PLACEMENT_3D('',#2784,#2785,#2786);
#2788=CIRCLE('',#2787,1.7);
#2789=EDGE_CURVE('',#2767,#2783,#2788,.T.);
#2790=ORIENTED_EDGE('',*,*,#2789,.T.);
#2791=CARTESIAN_POINT('',(-525.,559.3,994.05623475));
#2792=DIRECTION('',(-1.,0.,0.));
#2793=DIRECTION('',(0.,0.,1.));
#2794=AXIS2_PLACEMENT_3D('',#2791,#2792,#2793);
#2795=CIRCLE('',#2794,1.7);
#2796=EDGE_CURVE('',#2783,#2767,#2795,.T.);
#2797=ORIENTED_EDGE('',*,*,#2796,.T.);
#2798=EDGE_LOOP('',(#2773,#2780,#2781,#2790,#2797));
#2799=FACE_BOUND('',#2798,.T.);
#2800=ADVANCED_FACE('',(#2799),#2763,.F.);
#2801=CARTESIAN_POINT('',(-554.5,577.714213562,980.642021187));
#2802=DIRECTION('',(0.,0.707106781,-0.707106781));
#2803=DIRECTION('',(-1.,0.,0.));
#2804=AXIS2_PLACEMENT_3D('',#2801,#2802,#2803);
#2805=PLANE('',#2804);
#2806=CARTESIAN_POINT('',(-683.,584.3,987.227807625));
#2807=VERTEX_POINT('',#2806);
#2808=CARTESIAN_POINT('',(-683.,579.128427125,982.05623475));
#2809=VERTEX_POINT('',#2808);
#2810=CARTESIAN_POINT('',(-683.,584.3,987.227807625));
#2811=DIRECTION('',(-0.,-0.707106781,-0.707106781));
#2812=VECTOR('',#2811,7.313708499);
#2813=LINE('',#2810,#2812);
#2814=EDGE_CURVE('',#2807,#2809,#2813,.T.);
#2815=ORIENTED_EDGE('',*,*,#2814,.T.);
#2816=CARTESIAN_POINT('',(-529.,579.128427125,982.05623475));
#2817=VERTEX_POINT('',#2816);
#2818=CARTESIAN_POINT('',(-529.,579.128427125,982.05623475));
#2819=DIRECTION('',(-1.,0.,0.));
#2820=VECTOR('',#2819,154.);
#2821=LINE('',#2818,#2820);
#2822=EDGE_CURVE('',#2817,#2809,#2821,.T.);
#2823=ORIENTED_EDGE('',*,*,#2822,.F.);
#2824=CARTESIAN_POINT('',(-529.,584.3,987.227807625));
#2825=VERTEX_POINT('',#2824);
#2826=CARTESIAN_POINT('',(-529.,584.3,987.227807625));
#2827=DIRECTION('',(0.,-0.707106781,-0.707106781));
#2828=VECTOR('',#2827,7.313708499);
#2829=LINE('',#2826,#2828);
#2830=EDGE_CURVE('',#2825,#2817,#2829,.T.);
#2831=ORIENTED_EDGE('',*,*,#2830,.F.);
#2832=CARTESIAN_POINT('',(-683.,584.3,987.227807625));
#2833=DIRECTION('',(1.,0.,-0.));
#2834=VECTOR('',#2833,154.);
#2835=LINE('',#2832,#2834);
#2836=EDGE_CURVE('',#2807,#2825,#2835,.T.);
#2837=ORIENTED_EDGE('',*,*,#2836,.F.);
#2838=EDGE_LOOP('',(#2815,#2823,#2831,#2837));
#2839=FACE_BOUND('',#2838,.T.);
#2840=ADVANCED_FACE('',(#2839),#2805,.F.);
#2841=CARTESIAN_POINT('',(-103.,585.714213562,1049.470448312));
#2842=DIRECTION('',(0.,-0.707106781,-0.707106781));
#2843=DIRECTION('',(1.,0.,0.));
#2844=AXIS2_PLACEMENT_3D('',#2841,#2842,#2843);
#2845=PLANE('',#2844);
#2846=CARTESIAN_POINT('',(-529.,579.128427125,1056.05623475));
#2847=VERTEX_POINT('',#2846);
#2848=CARTESIAN_POINT('',(-529.,584.3,1050.884661875));
#2849=VERTEX_POINT('',#2848);
#2850=CARTESIAN_POINT('',(-529.,579.128427125,1056.05623475));
#2851=DIRECTION('',(-0.,0.707106781,-0.707106781));
#2852=VECTOR('',#2851,7.313708499);
#2853=LINE('',#2850,#2852);
#2854=EDGE_CURVE('',#2847,#2849,#2853,.T.);
#2855=ORIENTED_EDGE('',*,*,#2854,.F.);
#2856=CARTESIAN_POINT('',(-720.,579.128427125,1056.05623475));
#2857=VERTEX_POINT('',#2856);
#2858=CARTESIAN_POINT('',(-720.,579.128427125,1056.05623475));
#2859=DIRECTION('',(1.,-0.,-0.));
#2860=VECTOR('',#2859,191.);
#2861=LINE('',#2858,#2860);
#2862=EDGE_CURVE('',#2857,#2847,#2861,.T.);
#2863=ORIENTED_EDGE('',*,*,#2862,.F.);
#2864=CARTESIAN_POINT('',(-714.828427125,584.3,1050.884661875));
#2865=VERTEX_POINT('',#2864);
#2866=CARTESIAN_POINT('',(-714.828427125,584.3,1050.884661875));
#2867=DIRECTION('',(-0.577350269,-0.577350269,0.577350269));
#2868=VECTOR('',#2867,8.957426975);
#2869=LINE('',#2866,#2868);
#2870=EDGE_CURVE('',#2865,#2857,#2869,.T.);
#2871=ORIENTED_EDGE('',*,*,#2870,.F.);
#2872=CARTESIAN_POINT('',(-529.,584.3,1050.884661875));
#2873=DIRECTION('',(-1.,-0.,0.));
#2874=VECTOR('',#2873,185.828427125);
#2875=LINE('',#2872,#2874);
#2876=EDGE_CURVE('',#2849,#2865,#2875,.T.);
#2877=ORIENTED_EDGE('',*,*,#2876,.F.);
#2878=EDGE_LOOP('',(#2855,#2863,#2871,#2877));
#2879=FACE_BOUND('',#2878,.T.);
#2880=ADVANCED_FACE('',(#2879),#2845,.T.);
#2881=CARTESIAN_POINT('',(-554.5,504.3,982.05623475));
#2882=DIRECTION('',(0.,0.,-1.));
#2883=DIRECTION('',(-1.,0.,0.));
#2884=AXIS2_PLACEMENT_3D('',#2881,#2882,#2883);
#2885=PLANE('',#2884);
#2886=CARTESIAN_POINT('',(-529.,506.3,982.05623475));
#2887=VERTEX_POINT('',#2886);
#2888=CARTESIAN_POINT('',(-529.,506.3,982.05623475));
#2889=DIRECTION('',(0.,1.,0.));
#2890=VECTOR('',#2889,72.828427125);
#2891=LINE('',#2888,#2890);
#2892=EDGE_CURVE('',#2887,#2817,#2891,.T.);
#2893=ORIENTED_EDGE('',*,*,#2892,.T.);
#2894=ORIENTED_EDGE('',*,*,#2822,.T.);
#2895=CARTESIAN_POINT('',(-683.,506.3,982.05623475));
#2896=VERTEX_POINT('',#2895);
#2897=CARTESIAN_POINT('',(-683.,506.3,982.05623475));
#2898=DIRECTION('',(0.,1.,0.));
#2899=VECTOR('',#2898,72.828427125);
#2900=LINE('',#2897,#2899);
#2901=EDGE_CURVE('',#2896,#2809,#2900,.T.);
#2902=ORIENTED_EDGE('',*,*,#2901,.F.);
#2903=CARTESIAN_POINT('',(-529.,506.3,982.05623475));
#2904=DIRECTION('',(-1.,0.,0.));
#2905=VECTOR('',#2904,154.);
#2906=LINE('',#2903,#2905);
#2907=EDGE_CURVE('',#2887,#2896,#2906,.T.);
#2908=ORIENTED_EDGE('',*,*,#2907,.F.);
#2909=EDGE_LOOP('',(#2893,#2894,#2902,#2908));
#2910=FACE_BOUND('',#2909,.T.);
#2911=ADVANCED_FACE('',(#2910),#2885,.F.);
#2912=CARTESIAN_POINT('',(-103.,584.3,-270.94376525));
#2913=DIRECTION('',(0.,-1.,0.));
#2914=DIRECTION('',(1.,0.,0.));
#2915=AXIS2_PLACEMENT_3D('',#2912,#2913,#2914);
#2916=PLANE('',#2915);
#2917=CARTESIAN_POINT('',(-687.45,584.3,1033.05623475));
#2918=VERTEX_POINT('',#2917);
#2919=CARTESIAN_POINT('',(-592.05,584.3,1033.05623475));
#2920=VERTEX_POINT('',#2919);
#2921=CARTESIAN_POINT('',(-687.45,584.3,1033.05623475));
#2922=DIRECTION('',(1.,0.,-0.));
#2923=VECTOR('',#2922,95.4);
#2924=LINE('',#2921,#2923);
#2925=EDGE_CURVE('',#2918,#2920,#2924,.T.);
#2926=ORIENTED_EDGE('',*,*,#2925,.F.);
#2927=CARTESIAN_POINT('',(-691.75,584.3,1037.35623475));
#2928=VERTEX_POINT('',#2927);
#2929=CARTESIAN_POINT('',(-687.45,584.3,1037.35623475));
#2930=DIRECTION('',(-0.,1.,-0.));
#2931=DIRECTION('',(0.,0.,-1.));
#2932=AXIS2_PLACEMENT_3D('',#2929,#2930,#2931);
#2933=CIRCLE('',#2932,4.3);
#2934=EDGE_CURVE('',#2918,#2928,#2933,.T.);
#2935=ORIENTED_EDGE('',*,*,#2934,.T.);
#2936=CARTESIAN_POINT('',(-691.75,584.3,1037.75623475));
#2937=VERTEX_POINT('',#2936);
#2938=CARTESIAN_POINT('',(-691.75,584.3,1037.75623475));
#2939=DIRECTION('',(0.,0.,-1.));
#2940=VECTOR('',#2939,0.4);
#2941=LINE('',#2938,#2940);
#2942=EDGE_CURVE('',#2937,#2928,#2941,.T.);
#2943=ORIENTED_EDGE('',*,*,#2942,.F.);
#2944=CARTESIAN_POINT('',(-687.45,584.3,1042.05623475));
#2945=VERTEX_POINT('',#2944);
#2946=CARTESIAN_POINT('',(-687.45,584.3,1037.75623475));
#2947=DIRECTION('',(-0.,1.,-0.));
#2948=DIRECTION('',(0.,0.,-1.));
#2949=AXIS2_PLACEMENT_3D('',#2946,#2947,#2948);
#2950=CIRCLE('',#2949,4.3);
#2951=EDGE_CURVE('',#2937,#2945,#2950,.T.);
#2952=ORIENTED_EDGE('',*,*,#2951,.T.);
#2953=CARTESIAN_POINT('',(-592.05,584.3,1042.05623475));
#2954=VERTEX_POINT('',#2953);
#2955=CARTESIAN_POINT('',(-592.05,584.3,1042.05623475));
#2956=DIRECTION('',(-1.,0.,0.));
#2957=VECTOR('',#2956,95.4);
#2958=LINE('',#2955,#2957);
#2959=EDGE_CURVE('',#2954,#2945,#2958,.T.);
#2960=ORIENTED_EDGE('',*,*,#2959,.F.);
#2961=CARTESIAN_POINT('',(-587.75,584.3,1037.75623475));
#2962=VERTEX_POINT('',#2961);
#2963=CARTESIAN_POINT('',(-592.05,584.3,1037.75623475));
#2964=DIRECTION('',(-0.,1.,-0.));
#2965=DIRECTION('',(0.,0.,-1.));
#2966=AXIS2_PLACEMENT_3D('',#2963,#2964,#2965);
#2967=CIRCLE('',#2966,4.3);
#2968=EDGE_CURVE('',#2954,#2962,#2967,.T.);
#2969=ORIENTED_EDGE('',*,*,#2968,.T.);
#2970=CARTESIAN_POINT('',(-587.75,584.3,1037.35623475));
#2971=VERTEX_POINT('',#2970);
#2972=CARTESIAN_POINT('',(-587.75,584.3,1037.35623475));
#2973=DIRECTION('',(0.,0.,1.));
#2974=VECTOR('',#2973,0.4);
#2975=LINE('',#2972,#2974);
#2976=EDGE_CURVE('',#2971,#2962,#2975,.T.);
#2977=ORIENTED_EDGE('',*,*,#2976,.F.);
#2978=CARTESIAN_POINT('',(-592.05,584.3,1037.35623475));
#2979=DIRECTION('',(-0.,1.,-0.));
#2980=DIRECTION('',(0.,0.,-1.));
#2981=AXIS2_PLACEMENT_3D('',#2978,#2979,#2980);
#2982=CIRCLE('',#2981,4.3);
#2983=EDGE_CURVE('',#2971,#2920,#2982,.T.);
#2984=ORIENTED_EDGE('',*,*,#2983,.T.);
#2985=EDGE_LOOP('',(#2926,#2935,#2943,#2952,#2960,#2969,#2977,#2984));
#2986=FACE_BOUND('',#2985,.T.);
#2987=CARTESIAN_POINT('',(-714.828427125,584.3,1019.05623475));
#2988=VERTEX_POINT('',#2987);
#2989=CARTESIAN_POINT('',(-683.,584.3,1019.05623475));
#2990=DIRECTION('',(0.,-1.,0.));
#2991=DIRECTION('',(0.,0.,-1.));
#2992=AXIS2_PLACEMENT_3D('',#2989,#2990,#2991);
#2993=CIRCLE('',#2992,31.828427125);
#2994=EDGE_CURVE('',#2988,#2807,#2993,.T.);
#2995=ORIENTED_EDGE('',*,*,#2994,.T.);
#2996=ORIENTED_EDGE('',*,*,#2836,.T.);
#2997=CARTESIAN_POINT('',(-529.,584.3,987.227807625));
#2998=DIRECTION('',(0.,0.,1.));
#2999=VECTOR('',#2998,63.656854249);
#3000=LINE('',#2997,#2999);
#3001=EDGE_CURVE('',#2825,#2849,#3000,.T.);
#3002=ORIENTED_EDGE('',*,*,#3001,.T.);
#3003=ORIENTED_EDGE('',*,*,#2876,.T.);
#3004=CARTESIAN_POINT('',(-714.828427125,584.3,1050.884661875));
#3005=DIRECTION('',(-0.,-0.,-1.));
#3006=VECTOR('',#3005,31.828427125);
#3007=LINE('',#3004,#3006);
#3008=EDGE_CURVE('',#2865,#2988,#3007,.T.);
#3009=ORIENTED_EDGE('',*,*,#3008,.T.);
#3010=EDGE_LOOP('',(#2995,#2996,#3002,#3003,#3009));
#3011=FACE_BOUND('',#3010,.T.);
#3012=ADVANCED_FACE('',(#2986,#3011),#2916,.T.);
#3013=CARTESIAN_POINT('',(-559.5,504.3,1056.05623475));
#3014=DIRECTION('',(0.,0.,-1.));
#3015=DIRECTION('',(-1.,0.,0.));
#3016=AXIS2_PLACEMENT_3D('',#3013,#3014,#3015);
#3017=PLANE('',#3016);
#3018=CARTESIAN_POINT('',(-720.,506.3,1056.05623475));
#3019=VERTEX_POINT('',#3018);
#3020=CARTESIAN_POINT('',(-720.,579.128427125,1056.05623475));
#3021=DIRECTION('',(0.,-1.,0.));
#3022=VECTOR('',#3021,72.828427125);
#3023=LINE('',#3020,#3022);
#3024=EDGE_CURVE('',#2857,#3019,#3023,.T.);
#3025=ORIENTED_EDGE('',*,*,#3024,.F.);
#3026=ORIENTED_EDGE('',*,*,#2862,.T.);
#3027=CARTESIAN_POINT('',(-529.,506.3,1056.05623475));
#3028=VERTEX_POINT('',#3027);
#3029=CARTESIAN_POINT('',(-529.,506.3,1056.05623475));
#3030=DIRECTION('',(0.,1.,0.));
#3031=VECTOR('',#3030,72.828427125);
#3032=LINE('',#3029,#3031);
#3033=EDGE_CURVE('',#3028,#2847,#3032,.T.);
#3034=ORIENTED_EDGE('',*,*,#3033,.F.);
#3035=CARTESIAN_POINT('',(-529.,506.3,1056.05623475));
#3036=DIRECTION('',(-1.,0.,0.));
#3037=VECTOR('',#3036,191.);
#3038=LINE('',#3035,#3037);
#3039=EDGE_CURVE('',#3028,#3019,#3038,.T.);
#3040=ORIENTED_EDGE('',*,*,#3039,.T.);
#3041=EDGE_LOOP('',(#3025,#3026,#3034,#3040));
#3042=FACE_BOUND('',#3041,.T.);
#3043=ADVANCED_FACE('',(#3042),#3017,.T.);
#3044=CARTESIAN_POINT('',(-720.,504.3,1044.569401769));
#3045=DIRECTION('',(1.,0.,0.));
#3046=DIRECTION('',(0.,0.,-1.));
#3047=AXIS2_PLACEMENT_3D('',#3044,#3045,#3046);
#3048=PLANE('',#3047);
#3049=CARTESIAN_POINT('',(-720.,506.3,1019.05623475));
#3050=VERTEX_POINT('',#3049);
#3051=CARTESIAN_POINT('',(-720.,579.128427125,1019.05623475));
#3052=VERTEX_POINT('',#3051);
#3053=CARTESIAN_POINT('',(-720.,506.3,1019.05623475));
#3054=DIRECTION('',(-0.,1.,-0.));
#3055=VECTOR('',#3054,72.828427125);
#3056=LINE('',#3053,#3055);
#3057=EDGE_CURVE('',#3050,#3052,#3056,.T.);
#3058=ORIENTED_EDGE('',*,*,#3057,.T.);
#3059=CARTESIAN_POINT('',(-720.,579.128427125,1019.05623475));
#3060=DIRECTION('',(-0.,-0.,1.));
#3061=VECTOR('',#3060,37.);
#3062=LINE('',#3059,#3061);
#3063=EDGE_CURVE('',#3052,#2857,#3062,.T.);
#3064=ORIENTED_EDGE('',*,*,#3063,.T.);
#3065=ORIENTED_EDGE('',*,*,#3024,.T.);
#3066=CARTESIAN_POINT('',(-720.,506.3,1056.05623475));
#3067=DIRECTION('',(0.,0.,-1.));
#3068=VECTOR('',#3067,37.);
#3069=LINE('',#3066,#3068);
#3070=EDGE_CURVE('',#3019,#3050,#3069,.T.);
#3071=ORIENTED_EDGE('',*,*,#3070,.T.);
#3072=EDGE_LOOP('',(#3058,#3064,#3065,#3071));
#3073=FACE_BOUND('',#3072,.T.);
#3074=ADVANCED_FACE('',(#3073),#3048,.T.);
#3075=CARTESIAN_POINT('',(-523.,589.3,1019.05623475));
#3076=DIRECTION('',(-1.,0.,0.));
#3077=DIRECTION('',(0.,0.,1.));
#3078=AXIS2_PLACEMENT_3D('',#3075,#3076,#3077);
#3079=PLANE('',#3078);
#3080=ORIENTED_EDGE('',*,*,#2653,.F.);
#3081=EDGE_LOOP('',(#3080));
#3082=FACE_BOUND('',#3081,.T.);
#3083=ORIENTED_EDGE('',*,*,#2737,.F.);
#3084=EDGE_LOOP('',(#3083));
#3085=FACE_BOUND('',#3084,.T.);
#3086=ORIENTED_EDGE('',*,*,#2779,.F.);
#3087=EDGE_LOOP('',(#3086));
#3088=FACE_BOUND('',#3087,.T.);
#3089=ORIENTED_EDGE('',*,*,#2695,.F.);
#3090=EDGE_LOOP('',(#3089));
#3091=FACE_BOUND('',#3090,.T.);
#3092=CARTESIAN_POINT('',(-523.,589.3,1049.05623475));
#3093=VERTEX_POINT('',#3092);
#3094=CARTESIAN_POINT('',(-523.,589.3,984.813594063));
#3095=VERTEX_POINT('',#3094);
#3096=CARTESIAN_POINT('',(-523.,589.3,1049.05623475));
#3097=DIRECTION('',(0.,0.,-1.));
#3098=VECTOR('',#3097,64.242640687);
#3099=LINE('',#3096,#3098);
#3100=EDGE_CURVE('',#3093,#3095,#3099,.T.);
#3101=ORIENTED_EDGE('',*,*,#3100,.F.);
#3102=CARTESIAN_POINT('',(-523.,579.3,1059.05623475));
#3103=VERTEX_POINT('',#3102);
#3104=CARTESIAN_POINT('',(-523.,589.3,1049.05623475));
#3105=DIRECTION('',(-0.,-0.707106781,0.707106781));
#3106=VECTOR('',#3105,14.142135624);
#3107=LINE('',#3104,#3106);
#3108=EDGE_CURVE('',#3093,#3103,#3107,.T.);
#3109=ORIENTED_EDGE('',*,*,#3108,.T.);
#3110=CARTESIAN_POINT('',(-523.,506.3,1059.05623475));
#3111=VERTEX_POINT('',#3110);
#3112=CARTESIAN_POINT('',(-523.,579.3,1059.05623475));
#3113=DIRECTION('',(0.,-1.,0.));
#3114=VECTOR('',#3113,73.);
#3115=LINE('',#3112,#3114);
#3116=EDGE_CURVE('',#3103,#3111,#3115,.T.);
#3117=ORIENTED_EDGE('',*,*,#3116,.T.);
#3118=CARTESIAN_POINT('',(-523.,506.3,979.05623475));
#3119=VERTEX_POINT('',#3118);
#3120=CARTESIAN_POINT('',(-523.,506.3,1059.05623475));
#3121=DIRECTION('',(0.,0.,-1.));
#3122=VECTOR('',#3121,80.);
#3123=LINE('',#3120,#3122);
#3124=EDGE_CURVE('',#3111,#3119,#3123,.T.);
#3125=ORIENTED_EDGE('',*,*,#3124,.T.);
#3126=CARTESIAN_POINT('',(-523.,583.542640687,979.05623475));
#3127=VERTEX_POINT('',#3126);
#3128=CARTESIAN_POINT('',(-523.,583.542640687,979.05623475));
#3129=DIRECTION('',(0.,-1.,0.));
#3130=VECTOR('',#3129,77.242640687);
#3131=LINE('',#3128,#3130);
#3132=EDGE_CURVE('',#3127,#3119,#3131,.T.);
#3133=ORIENTED_EDGE('',*,*,#3132,.F.);
#3134=CARTESIAN_POINT('',(-523.,583.542640687,979.05623475));
#3135=DIRECTION('',(-0.,0.707106781,0.707106781));
#3136=VECTOR('',#3135,8.142135624);
#3137=LINE('',#3134,#3136);
#3138=EDGE_CURVE('',#3127,#3095,#3137,.T.);
#3139=ORIENTED_EDGE('',*,*,#3138,.T.);
#3140=EDGE_LOOP('',(#3101,#3109,#3117,#3125,#3133,#3139));
#3141=FACE_BOUND('',#3140,.T.);
#3142=ADVANCED_FACE('',(#3082,#3085,#3088,#3091,#3141),#3079,.F.);
#3143=CARTESIAN_POINT('',(-573.,589.3,1059.05623475));
#3144=DIRECTION('',(0.,0.,-1.));
#3145=DIRECTION('',(-1.,0.,0.));
#3146=AXIS2_PLACEMENT_3D('',#3143,#3144,#3145);
#3147=PLANE('',#3146);
#3148=ORIENTED_EDGE('',*,*,#3116,.F.);
#3149=CARTESIAN_POINT('',(-686.759242673,579.3,1059.05623475));
#3150=VERTEX_POINT('',#3149);
#3151=CARTESIAN_POINT('',(-523.,579.3,1059.05623475));
#3152=DIRECTION('',(-1.,0.,0.));
#3153=VECTOR('',#3152,163.759242673);
#3154=LINE('',#3151,#3153);
#3155=EDGE_CURVE('',#3103,#3150,#3154,.T.);
#3156=ORIENTED_EDGE('',*,*,#3155,.T.);
#3157=CARTESIAN_POINT('',(-686.759242673,506.3,1059.05623475));
#3158=VERTEX_POINT('',#3157);
#3159=CARTESIAN_POINT('',(-686.759242673,579.3,1059.05623475));
#3160=DIRECTION('',(0.,-1.,0.));
#3161=VECTOR('',#3160,73.);
#3162=LINE('',#3159,#3161);
#3163=EDGE_CURVE('',#3150,#3158,#3162,.T.);
#3164=ORIENTED_EDGE('',*,*,#3163,.T.);
#3165=CARTESIAN_POINT('',(-686.759242673,506.3,1059.05623475));
#3166=DIRECTION('',(1.,0.,-0.));
#3167=VECTOR('',#3166,163.759242673);
#3168=LINE('',#3165,#3167);
#3169=EDGE_CURVE('',#3158,#3111,#3168,.T.);
#3170=ORIENTED_EDGE('',*,*,#3169,.T.);
#3171=EDGE_LOOP('',(#3148,#3156,#3164,#3170));
#3172=FACE_BOUND('',#3171,.T.);
#3173=ADVANCED_FACE('',(#3172),#3147,.F.);
#3174=CARTESIAN_POINT('',(-723.,589.3,1019.05623475));
#3175=DIRECTION('',(1.,0.,0.));
#3176=DIRECTION('',(0.,0.,-1.));
#3177=AXIS2_PLACEMENT_3D('',#3174,#3175,#3176);
#3178=PLANE('',#3177);
#3179=CARTESIAN_POINT('',(-723.,506.3,1078.1017836));
#3180=VERTEX_POINT('',#3179);
#3181=CARTESIAN_POINT('',(-723.,581.237438845,1078.1017836));
#3182=VERTEX_POINT('',#3181);
#3183=CARTESIAN_POINT('',(-723.,506.3,1078.1017836));
#3184=DIRECTION('',(-0.,1.,-0.));
#3185=VECTOR('',#3184,74.937438845);
#3186=LINE('',#3183,#3185);
#3187=EDGE_CURVE('',#3180,#3182,#3186,.T.);
#3188=ORIENTED_EDGE('',*,*,#3187,.T.);
#3189=CARTESIAN_POINT('',(-723.,583.542640687,1072.546890692));
#3190=VERTEX_POINT('',#3189);
#3191=CARTESIAN_POINT('',(-723.,583.542640687,1072.546890692));
#3192=CARTESIAN_POINT('',(-723.,582.670644197,1074.35553084));
#3193=CARTESIAN_POINT('',(-723.,581.889152175,1076.201729061));
#3194=CARTESIAN_POINT('',(-723.,581.237438845,1078.1017836));
#3195=B_SPLINE_CURVE_WITH_KNOTS('',3,(#3191,#3192,#3193,#3194),.UNSPECIFIED.,.F.,.F.,(4,4),(0.,0.006014216),.UNSPECIFIED.);
#3196=EDGE_CURVE('',#3190,#3182,#3195,.T.);
#3197=ORIENTED_EDGE('',*,*,#3196,.F.);
#3198=CARTESIAN_POINT('',(-723.,583.542640687,1019.05623475));
#3199=VERTEX_POINT('',#3198);
#3200=CARTESIAN_POINT('',(-723.,583.542640687,1072.546890692));
#3201=DIRECTION('',(-0.,-0.,-1.));
#3202=VECTOR('',#3201,53.490655942);
#3203=LINE('',#3200,#3202);
#3204=EDGE_CURVE('',#3190,#3199,#3203,.T.);
#3205=ORIENTED_EDGE('',*,*,#3204,.T.);
#3206=CARTESIAN_POINT('',(-723.,506.3,1019.05623475));
#3207=VERTEX_POINT('',#3206);
#3208=CARTESIAN_POINT('',(-723.,583.542640687,1019.05623475));
#3209=DIRECTION('',(0.,-1.,0.));
#3210=VECTOR('',#3209,77.242640687);
#3211=LINE('',#3208,#3210);
#3212=EDGE_CURVE('',#3199,#3207,#3211,.T.);
#3213=ORIENTED_EDGE('',*,*,#3212,.T.);
#3214=CARTESIAN_POINT('',(-723.,506.3,1019.05623475));
#3215=DIRECTION('',(0.,0.,1.));
#3216=VECTOR('',#3215,59.04554885);
#3217=LINE('',#3214,#3216);
#3218=EDGE_CURVE('',#3207,#3180,#3217,.T.);
#3219=ORIENTED_EDGE('',*,*,#3218,.T.);
#3220=EDGE_LOOP('',(#3188,#3197,#3205,#3213,#3219));
#3221=FACE_BOUND('',#3220,.T.);
#3222=ADVANCED_FACE('',(#3221),#3178,.F.);
#3223=CARTESIAN_POINT('',(-573.,589.3,979.05623475));
#3224=DIRECTION('',(0.,0.,1.));
#3225=DIRECTION('',(1.,0.,0.));
#3226=AXIS2_PLACEMENT_3D('',#3223,#3224,#3225);
#3227=PLANE('',#3226);
#3228=CARTESIAN_POINT('',(-683.,506.3,979.05623475));
#3229=VERTEX_POINT('',#3228);
#3230=CARTESIAN_POINT('',(-683.,583.542640687,979.05623475));
#3231=VERTEX_POINT('',#3230);
#3232=CARTESIAN_POINT('',(-683.,506.3,979.05623475));
#3233=DIRECTION('',(-0.,1.,-0.));
#3234=VECTOR('',#3233,77.242640687);
#3235=LINE('',#3232,#3234);
#3236=EDGE_CURVE('',#3229,#3231,#3235,.T.);
#3237=ORIENTED_EDGE('',*,*,#3236,.T.);
#3238=CARTESIAN_POINT('',(-683.,583.542640687,979.05623475));
#3239=DIRECTION('',(1.,-0.,-0.));
#3240=VECTOR('',#3239,160.);
#3241=LINE('',#3238,#3240);
#3242=EDGE_CURVE('',#3231,#3127,#3241,.T.);
#3243=ORIENTED_EDGE('',*,*,#3242,.T.);
#3244=ORIENTED_EDGE('',*,*,#3132,.T.);
#3245=CARTESIAN_POINT('',(-523.,506.3,979.05623475));
#3246=DIRECTION('',(-1.,0.,0.));
#3247=VECTOR('',#3246,160.);
#3248=LINE('',#3245,#3247);
#3249=EDGE_CURVE('',#3119,#3229,#3248,.T.);
#3250=ORIENTED_EDGE('',*,*,#3249,.T.);
#3251=EDGE_LOOP('',(#3237,#3243,#3244,#3250));
#3252=FACE_BOUND('',#3251,.T.);
#3253=ADVANCED_FACE('',(#3252),#3227,.F.);
#3254=CARTESIAN_POINT('',(-103.,589.3,-270.94376525));
#3255=DIRECTION('',(0.,-1.,0.));
#3256=DIRECTION('',(1.,0.,0.));
#3257=AXIS2_PLACEMENT_3D('',#3254,#3255,#3256);
#3258=PLANE('',#3257);
#3259=ORIENTED_EDGE('',*,*,#2486,.T.);
#3260=ORIENTED_EDGE('',*,*,#2627,.T.);
#3261=ORIENTED_EDGE('',*,*,#2526,.T.);
#3262=ORIENTED_EDGE('',*,*,#2555,.T.);
#3263=ORIENTED_EDGE('',*,*,#2406,.T.);
#3264=ORIENTED_EDGE('',*,*,#2579,.T.);
#3265=ORIENTED_EDGE('',*,*,#2446,.T.);
#3266=ORIENTED_EDGE('',*,*,#2603,.T.);
#3267=EDGE_LOOP('',(#3259,#3260,#3261,#3262,#3263,#3264,#3265,#3266));
#3268=FACE_BOUND('',#3267,.T.);
#3269=CARTESIAN_POINT('',(-717.242640687,589.3,1057.239660885));
#3270=VERTEX_POINT('',#3269);
#3271=CARTESIAN_POINT('',(-693.,589.3,1049.05623475));
#3272=VERTEX_POINT('',#3271);
#3273=CARTESIAN_POINT('',(-693.,589.3,1089.05623475));
#3274=DIRECTION('',(0.,-1.,0.));
#3275=DIRECTION('',(0.,0.,-1.));
#3276=AXIS2_PLACEMENT_3D('',#3273,#3274,#3275);
#3277=CIRCLE('',#3276,40.);
#3278=EDGE_CURVE('',#3270,#3272,#3277,.T.);
#3279=ORIENTED_EDGE('',*,*,#3278,.T.);
#3280=CARTESIAN_POINT('',(-693.,589.3,1049.05623475));
#3281=DIRECTION('',(1.,0.,-0.));
#3282=VECTOR('',#3281,170.);
#3283=LINE('',#3280,#3282);
#3284=EDGE_CURVE('',#3272,#3093,#3283,.T.);
#3285=ORIENTED_EDGE('',*,*,#3284,.T.);
#3286=ORIENTED_EDGE('',*,*,#3100,.T.);
#3287=CARTESIAN_POINT('',(-683.,589.3,984.813594063));
#3288=VERTEX_POINT('',#3287);
#3289=CARTESIAN_POINT('',(-523.,589.3,984.813594063));
#3290=DIRECTION('',(-1.,-0.,0.));
#3291=VECTOR('',#3290,160.);
#3292=LINE('',#3289,#3291);
#3293=EDGE_CURVE('',#3095,#3288,#3292,.T.);
#3294=ORIENTED_EDGE('',*,*,#3293,.T.);
#3295=CARTESIAN_POINT('',(-717.242640687,589.3,1019.05623475));
#3296=VERTEX_POINT('',#3295);
#3297=CARTESIAN_POINT('',(-683.,589.3,1019.05623475));
#3298=DIRECTION('',(-0.,1.,-0.));
#3299=DIRECTION('',(0.,0.,-1.));
#3300=AXIS2_PLACEMENT_3D('',#3297,#3298,#3299);
#3301=CIRCLE('',#3300,34.242640687);
#3302=EDGE_CURVE('',#3288,#3296,#3301,.T.);
#3303=ORIENTED_EDGE('',*,*,#3302,.T.);
#3304=CARTESIAN_POINT('',(-717.242640687,589.3,1019.05623475));
#3305=DIRECTION('',(-0.,-0.,1.));
#3306=VECTOR('',#3305,38.183426135);
#3307=LINE('',#3304,#3306);
#3308=EDGE_CURVE('',#3296,#3270,#3307,.T.);
#3309=ORIENTED_EDGE('',*,*,#3308,.T.);
#3310=EDGE_LOOP('',(#3279,#3285,#3286,#3294,#3303,#3309));
#3311=FACE_BOUND('',#3310,.T.);
#3312=ADVANCED_FACE('',(#3268,#3311),#3258,.F.);
#3313=CARTESIAN_POINT('',(-686.759242673,589.3,1099.05623475));
#3314=DIRECTION('',(0.,-1.,0.));
#3315=DIRECTION('',(0.,0.,-1.));
#3316=AXIS2_PLACEMENT_3D('',#3313,#3314,#3315);
#3317=CYLINDRICAL_SURFACE('',#3316,40.);
#3318=ORIENTED_EDGE('',*,*,#3163,.F.);
#3319=CARTESIAN_POINT('',(-693.,578.810162591,1059.546072159));
#3320=VERTEX_POINT('',#3319);
#3321=CARTESIAN_POINT('',(-686.759242673,539.3,1099.05623475));
#3322=DIRECTION('',(-0.,0.707106781,0.707106781));
#3323=DIRECTION('',(0.,-0.707106781,0.707106781));
#3324=AXIS2_PLACEMENT_3D('',#3321,#3322,#3323);
#3325=ELLIPSE('',#3324,56.568542495,40.);
#3326=EDGE_CURVE('',#3150,#3320,#3325,.T.);
#3327=ORIENTED_EDGE('',*,*,#3326,.T.);
#3328=CARTESIAN_POINT('',(-721.140471298,579.315828652,1078.612871078));
#3329=VERTEX_POINT('',#3328);
#3330=CARTESIAN_POINT('',(-693.,578.810162591,1059.546072159));
#3331=CARTESIAN_POINT('',(-694.446863602,578.581625829,1059.774608921));
#3332=CARTESIAN_POINT('',(-695.871224441,578.381540979,1060.080795189));
#3333=CARTESIAN_POINT('',(-697.273755049,578.210957011,1060.462905929));
#3334=CARTESIAN_POINT('',(-698.676285657,578.040373043,1060.845016669));
#3335=CARTESIAN_POINT('',(-700.056984575,577.899293847,1061.303057557));
#3336=CARTESIAN_POINT('',(-701.415678097,577.789472075,1061.838108781));
#3337=CARTESIAN_POINT('',(-702.095024857,577.734561189,1062.105634393));
#3338=CARTESIAN_POINT('',(-702.768856826,577.687470344,1062.392455427));
#3339=CARTESIAN_POINT('',(-703.437071354,577.648498692,1062.698979209));
#3340=CARTESIAN_POINT('',(-703.771178617,577.629012865,1062.852241099));
#3341=CARTESIAN_POINT('',(-704.103879885,577.611549799,1063.010431466));
#3342=CARTESIAN_POINT('',(-704.435157337,577.596158206,1063.173620007));
#3343=CARTESIAN_POINT('',(-704.766434789,577.580766614,1063.336808549));
#3344=CARTESIAN_POINT('',(-705.096856188,577.567425178,1063.505301656));
#3345=CARTESIAN_POINT('',(-705.42412106,577.556248983,1063.677960134));
#3346=CARTESIAN_POINT('',(-706.73318055,577.511544202,1064.368594047));
#3347=CARTESIAN_POINT('',(-707.992093874,577.501273184,1065.125353196));
#3348=CARTESIAN_POINT('',(-709.202630237,577.52433099,1065.94589868));
#3349=CARTESIAN_POINT('',(-710.4131666,577.547388797,1066.766444165));
#3350=CARTESIAN_POINT('',(-711.5753159,577.603787102,1067.650789048));
#3351=CARTESIAN_POINT('',(-712.689066105,577.692930845,1068.598981808));
#3352=CARTESIAN_POINT('',(-713.245941207,577.737502717,1069.073078188));
#3353=CARTESIAN_POINT('',(-713.790689521,577.790281878,1069.563172031));
#3354=CARTESIAN_POINT('',(-714.323144531,577.851233452,1070.06949098));
#3355=CARTESIAN_POINT('',(-714.85559954,577.912185027,1070.575809929));
#3356=CARTESIAN_POINT('',(-715.377196833,577.981560237,1071.099950682));
#3357=CARTESIAN_POINT('',(-715.881468225,578.058357618,1071.635513044));
#3358=CARTESIAN_POINT('',(-716.890011008,578.21195238,1072.706637767));
#3359=CARTESIAN_POINT('',(-717.831276796,578.395139297,1073.824330433));
#3360=CARTESIAN_POINT('',(-718.707459581,578.605411219,1074.987345362));
#3361=CARTESIAN_POINT('',(-719.583642366,578.815683141,1076.15036029));
#3362=CARTESIAN_POINT('',(-720.394733041,579.053043931,1077.358703812));
#3363=CARTESIAN_POINT('',(-721.140471298,579.315828652,1078.612871078));
#3364=B_SPLINE_CURVE_WITH_KNOTS('',3,(#3330,#3331,#3332,#3333,#3334,#3335,#3336,#3337,#3338,#3339,#3340,#3341,#3342,#3343,#3344,#3345,#3346,#3347,#3348,#3349,#3350,#3351,#3352,#3353,#3354,#3355,
#3356,#3357,#3358,#3359,#3360,#3361,#3362,#3363),.UNSPECIFIED.,.F.,.F.,(4,3,3,3,3,3,3,3,3,3,3,4),(0.,0.00438452,0.008769039,0.010961299,0.012057429,0.013153559,0.017538079,0.021922598,0.024114858,0.026307118,0.030691637,0.035076157),.UNSPECIFIED.);
#3365=EDGE_CURVE('',#3320,#3329,#3364,.T.);
#3366=ORIENTED_EDGE('',*,*,#3365,.T.);
#3367=CARTESIAN_POINT('',(-721.140471298,506.3,1078.612871078));
#3368=VERTEX_POINT('',#3367);
#3369=CARTESIAN_POINT('',(-721.140471298,579.315828652,1078.612871078));
#3370=DIRECTION('',(0.,-1.,0.));
#3371=VECTOR('',#3370,73.015828652);
#3372=LINE('',#3369,#3371);
#3373=EDGE_CURVE('',#3329,#3368,#3372,.T.);
#3374=ORIENTED_EDGE('',*,*,#3373,.T.);
#3375=CARTESIAN_POINT('',(-686.759242673,506.3,1099.05623475));
#3376=DIRECTION('',(0.,-1.,0.));
#3377=DIRECTION('',(0.,0.,-1.));
#3378=AXIS2_PLACEMENT_3D('',#3375,#3376,#3377);
#3379=CIRCLE('',#3378,40.);
#3380=EDGE_CURVE('',#3368,#3158,#3379,.T.);
#3381=ORIENTED_EDGE('',*,*,#3380,.T.);
#3382=EDGE_LOOP('',(#3318,#3327,#3366,#3374,#3381));
#3383=FACE_BOUND('',#3382,.T.);
#3384=ADVANCED_FACE('',(#3383),#3317,.F.);
#3385=CARTESIAN_POINT('',(-722.,589.3,1078.1017836));
#3386=DIRECTION('',(0.,-1.,0.));
#3387=DIRECTION('',(0.,0.,-1.));
#3388=AXIS2_PLACEMENT_3D('',#3385,#3386,#3387);
#3389=CYLINDRICAL_SURFACE('',#3388,1.);
#3390=ORIENTED_EDGE('',*,*,#3373,.F.);
#3391=CARTESIAN_POINT('',(-721.140471298,579.315828652,1078.612871078));
#3392=CARTESIAN_POINT('',(-721.174764663,579.327913197,1078.670544431));
#3393=CARTESIAN_POINT('',(-721.214934626,579.347029869,1078.724488563));
#3394=CARTESIAN_POINT('',(-721.257788464,579.371068098,1078.771949278));
#3395=CARTESIAN_POINT('',(-721.300642303,579.395106327,1078.819409993));
#3396=CARTESIAN_POINT('',(-721.347170162,579.424552988,1078.861668921));
#3397=CARTESIAN_POINT('',(-721.395026126,579.457364844,1078.898028921));
#3398=CARTESIAN_POINT('',(-721.442882089,579.4901767,1078.934388921));
#3399=CARTESIAN_POINT('',(-721.491896977,579.526168911,1078.964913333));
#3400=CARTESIAN_POINT('',(-721.541875494,579.564735544,1078.990671634));
#3401=CARTESIAN_POINT('',(-721.59185401,579.603302177,1079.016429934));
#3402=CARTESIAN_POINT('',(-721.643157576,579.644770729,1079.037469019));
#3403=CARTESIAN_POINT('',(-721.693921459,579.687333421,1079.053789864));
#3404=CARTESIAN_POINT('',(-721.795449226,579.772458804,1079.086431554));
#3405=CARTESIAN_POINT('',(-721.895860418,579.862558787,1079.101320187));
#3406=CARTESIAN_POINT('',(-721.995450609,579.956605483,1079.101773251));
#3407=CARTESIAN_POINT('',(-722.095040799,580.050652178,1079.102226315));
#3408=CARTESIAN_POINT('',(-722.191446187,580.146493967,1079.088001441));
#3409=CARTESIAN_POINT('',(-722.283802424,580.242728895,1079.060666379));
#3410=CARTESIAN_POINT('',(-722.37615866,580.338963822,1079.033331317));
#3411=CARTESIAN_POINT('',(-722.465149386,580.436418387,1078.992334327));
#3412=CARTESIAN_POINT('',(-722.546530014,580.530615752,1078.939223117));
#3413=CARTESIAN_POINT('',(-722.627910641,580.624813116,1078.886111906));
#3414=CARTESIAN_POINT('',(-722.702760994,580.716788749,1078.820829134));
#3415=CARTESIAN_POINT('',(-722.769443278,580.806097224,1078.74049875));
#3416=CARTESIAN_POINT('',(-722.836125561,580.895405699,1078.660168365));
#3417=CARTESIAN_POINT('',(-722.892236951,580.978777672,1078.567821963));
#3418=CARTESIAN_POINT('',(-722.933543774,581.053613949,1078.460247019));
#3419=CARTESIAN_POINT('',(-722.974850596,581.128450227,1078.352672074));
#3420=CARTESIAN_POINT('',(-722.99999999,581.192946028,1078.231501317));
#3421=CARTESIAN_POINT('',(-723.,581.237438845,1078.1017836));
#3422=B_SPLINE_CURVE_WITH_KNOTS('',3,(#3391,#3392,#3393,#3394,#3395,#3396,#3397,#3398,#3399,#3400,#3401,#3402,#3403,#3404,#3405,#3406,#3407,#3408,#3409,#3410,#3411,#3412,#3413,#3414,#3415,#3416,
#3417,#3418,#3419,#3420,#3421),.UNSPECIFIED.,.F.,.F.,(4,3,3,3,3,3,3,3,3,3,4),(0.000175433,0.000379578,0.000583722,0.000787867,0.000992012,0.001400302,0.001808591,0.002216881,0.00262517,0.00303346,0.00344175),.UNSPECIFIED.);
#3423=EDGE_CURVE('',#3329,#3182,#3422,.T.);
#3424=ORIENTED_EDGE('',*,*,#3423,.T.);
#3425=ORIENTED_EDGE('',*,*,#3187,.F.);
#3426=CARTESIAN_POINT('',(-722.,506.3,1078.1017836));
#3427=DIRECTION('',(0.,-1.,0.));
#3428=DIRECTION('',(0.,0.,-1.));
#3429=AXIS2_PLACEMENT_3D('',#3426,#3427,#3428);
#3430=CIRCLE('',#3429,1.);
#3431=EDGE_CURVE('',#3368,#3180,#3430,.T.);
#3432=ORIENTED_EDGE('',*,*,#3431,.F.);
#3433=EDGE_LOOP('',(#3390,#3424,#3425,#3432));
#3434=FACE_BOUND('',#3433,.T.);
#3435=ADVANCED_FACE('',(#3434),#3389,.T.);
#3436=CARTESIAN_POINT('',(-683.,589.3,1019.05623475));
#3437=DIRECTION('',(0.,-1.,0.));
#3438=DIRECTION('',(0.,0.,-1.));
#3439=AXIS2_PLACEMENT_3D('',#3436,#3437,#3438);
#3440=CYLINDRICAL_SURFACE('',#3439,40.);
#3441=ORIENTED_EDGE('',*,*,#3212,.F.);
#3442=CARTESIAN_POINT('',(-683.,583.542640687,1019.05623475));
#3443=DIRECTION('',(0.,-1.,0.));
#3444=DIRECTION('',(0.,0.,-1.));
#3445=AXIS2_PLACEMENT_3D('',#3442,#3443,#3444);
#3446=CIRCLE('',#3445,40.);
#3447=EDGE_CURVE('',#3199,#3231,#3446,.T.);
#3448=ORIENTED_EDGE('',*,*,#3447,.T.);
#3449=ORIENTED_EDGE('',*,*,#3236,.F.);
#3450=CARTESIAN_POINT('',(-683.,506.3,1019.05623475));
#3451=DIRECTION('',(0.,-1.,0.));
#3452=DIRECTION('',(0.,0.,-1.));
#3453=AXIS2_PLACEMENT_3D('',#3450,#3451,#3452);
#3454=CIRCLE('',#3453,40.);
#3455=EDGE_CURVE('',#3207,#3229,#3454,.T.);
#3456=ORIENTED_EDGE('',*,*,#3455,.F.);
#3457=EDGE_LOOP('',(#3441,#3448,#3449,#3456));
#3458=FACE_BOUND('',#3457,.T.);
#3459=ADVANCED_FACE('',(#3458),#3440,.T.);
#3460=CARTESIAN_POINT('',(-529.,504.3,1019.05623475));
#3461=DIRECTION('',(-1.,0.,0.));
#3462=DIRECTION('',(0.,0.,1.));
#3463=AXIS2_PLACEMENT_3D('',#3460,#3461,#3462);
#3464=PLANE('',#3463);
#3465=CARTESIAN_POINT('',(-529.,517.65,991.198350917));
#3466=VERTEX_POINT('',#3465);
#3467=CARTESIAN_POINT('',(-529.,516.,994.05623475));
#3468=VERTEX_POINT('',#3467);
#3469=CARTESIAN_POINT('',(-529.,517.65,991.198350917));
#3470=DIRECTION('',(0.,-0.5,0.866025404));
#3471=VECTOR('',#3470,3.3);
#3472=LINE('',#3469,#3471);
#3473=EDGE_CURVE('',#3466,#3468,#3472,.T.);
#3474=ORIENTED_EDGE('',*,*,#3473,.F.);
#3475=CARTESIAN_POINT('',(-529.,520.95,991.198350917));
#3476=VERTEX_POINT('',#3475);
#3477=CARTESIAN_POINT('',(-529.,520.95,991.198350917));
#3478=DIRECTION('',(0.,-1.,0.));
#3479=VECTOR('',#3478,3.3);
#3480=LINE('',#3477,#3479);
#3481=EDGE_CURVE('',#3476,#3466,#3480,.T.);
#3482=ORIENTED_EDGE('',*,*,#3481,.F.);
#3483=CARTESIAN_POINT('',(-529.,522.6,994.05623475));
#3484=VERTEX_POINT('',#3483);
#3485=CARTESIAN_POINT('',(-529.,522.6,994.05623475));
#3486=DIRECTION('',(0.,-0.5,-0.866025404));
#3487=VECTOR('',#3486,3.3);
#3488=LINE('',#3485,#3487);
#3489=EDGE_CURVE('',#3484,#3476,#3488,.T.);
#3490=ORIENTED_EDGE('',*,*,#3489,.F.);
#3491=CARTESIAN_POINT('',(-529.,520.95,996.914118582));
#3492=VERTEX_POINT('',#3491);
#3493=CARTESIAN_POINT('',(-529.,520.95,996.914118582));
#3494=DIRECTION('',(0.,0.5,-0.866025404));
#3495=VECTOR('',#3494,3.3);
#3496=LINE('',#3493,#3495);
#3497=EDGE_CURVE('',#3492,#3484,#3496,.T.);
#3498=ORIENTED_EDGE('',*,*,#3497,.F.);
#3499=CARTESIAN_POINT('',(-529.,517.65,996.914118582));
#3500=VERTEX_POINT('',#3499);
#3501=CARTESIAN_POINT('',(-529.,517.65,996.914118582));
#3502=DIRECTION('',(0.,1.,0.));
#3503=VECTOR('',#3502,3.3);
#3504=LINE('',#3501,#3503);
#3505=EDGE_CURVE('',#3500,#3492,#3504,.T.);
#3506=ORIENTED_EDGE('',*,*,#3505,.F.);
#3507=CARTESIAN_POINT('',(-529.,516.,994.05623475));
#3508=DIRECTION('',(0.,0.5,0.866025404));
#3509=VECTOR('',#3508,3.3);
#3510=LINE('',#3507,#3509);
#3511=EDGE_CURVE('',#3468,#3500,#3510,.T.);
#3512=ORIENTED_EDGE('',*,*,#3511,.F.);
#3513=EDGE_LOOP('',(#3474,#3482,#3490,#3498,#3506,#3512));
#3514=FACE_BOUND('',#3513,.T.);
#3515=CARTESIAN_POINT('',(-529.,557.65,1041.198350917));
#3516=VERTEX_POINT('',#3515);
#3517=CARTESIAN_POINT('',(-529.,556.,1044.05623475));
#3518=VERTEX_POINT('',#3517);
#3519=CARTESIAN_POINT('',(-529.,557.65,1041.198350917));
#3520=DIRECTION('',(0.,-0.5,0.866025404));
#3521=VECTOR('',#3520,3.3);
#3522=LINE('',#3519,#3521);
#3523=EDGE_CURVE('',#3516,#3518,#3522,.T.);
#3524=ORIENTED_EDGE('',*,*,#3523,.F.);
#3525=CARTESIAN_POINT('',(-529.,560.95,1041.198350917));
#3526=VERTEX_POINT('',#3525);
#3527=CARTESIAN_POINT('',(-529.,560.95,1041.198350917));
#3528=DIRECTION('',(0.,-1.,-0.));
#3529=VECTOR('',#3528,3.3);
#3530=LINE('',#3527,#3529);
#3531=EDGE_CURVE('',#3526,#3516,#3530,.T.);
#3532=ORIENTED_EDGE('',*,*,#3531,.F.);
#3533=CARTESIAN_POINT('',(-529.,562.6,1044.05623475));
#3534=VERTEX_POINT('',#3533);
#3535=CARTESIAN_POINT('',(-529.,562.6,1044.05623475));
#3536=DIRECTION('',(0.,-0.5,-0.866025404));
#3537=VECTOR('',#3536,3.3);
#3538=LINE('',#3535,#3537);
#3539=EDGE_CURVE('',#3534,#3526,#3538,.T.);
#3540=ORIENTED_EDGE('',*,*,#3539,.F.);
#3541=CARTESIAN_POINT('',(-529.,560.95,1046.914118582));
#3542=VERTEX_POINT('',#3541);
#3543=CARTESIAN_POINT('',(-529.,560.95,1046.914118582));
#3544=DIRECTION('',(0.,0.5,-0.866025404));
#3545=VECTOR('',#3544,3.3);
#3546=LINE('',#3543,#3545);
#3547=EDGE_CURVE('',#3542,#3534,#3546,.T.);
#3548=ORIENTED_EDGE('',*,*,#3547,.F.);
#3549=CARTESIAN_POINT('',(-529.,557.65,1046.914118582));
#3550=VERTEX_POINT('',#3549);
#3551=CARTESIAN_POINT('',(-529.,557.65,1046.914118582));
#3552=DIRECTION('',(0.,1.,0.));
#3553=VECTOR('',#3552,3.3);
#3554=LINE('',#3551,#3553);
#3555=EDGE_CURVE('',#3550,#3542,#3554,.T.);
#3556=ORIENTED_EDGE('',*,*,#3555,.F.);
#3557=CARTESIAN_POINT('',(-529.,556.,1044.05623475));
#3558=DIRECTION('',(0.,0.5,0.866025404));
#3559=VECTOR('',#3558,3.3);
#3560=LINE('',#3557,#3559);
#3561=EDGE_CURVE('',#3518,#3550,#3560,.T.);
#3562=ORIENTED_EDGE('',*,*,#3561,.F.);
#3563=EDGE_LOOP('',(#3524,#3532,#3540,#3548,#3556,#3562));
#3564=FACE_BOUND('',#3563,.T.);
#3565=CARTESIAN_POINT('',(-529.,517.65,1041.198350917));
#3566=VERTEX_POINT('',#3565);
#3567=CARTESIAN_POINT('',(-529.,516.,1044.05623475));
#3568=VERTEX_POINT('',#3567);
#3569=CARTESIAN_POINT('',(-529.,517.65,1041.198350917));
#3570=DIRECTION('',(0.,-0.5,0.866025404));
#3571=VECTOR('',#3570,3.3);
#3572=LINE('',#3569,#3571);
#3573=EDGE_CURVE('',#3566,#3568,#3572,.T.);
#3574=ORIENTED_EDGE('',*,*,#3573,.F.);
#3575=CARTESIAN_POINT('',(-529.,520.95,1041.198350917));
#3576=VERTEX_POINT('',#3575);
#3577=CARTESIAN_POINT('',(-529.,520.95,1041.198350917));
#3578=DIRECTION('',(0.,-1.,0.));
#3579=VECTOR('',#3578,3.3);
#3580=LINE('',#3577,#3579);
#3581=EDGE_CURVE('',#3576,#3566,#3580,.T.);
#3582=ORIENTED_EDGE('',*,*,#3581,.F.);
#3583=CARTESIAN_POINT('',(-529.,522.6,1044.05623475));
#3584=VERTEX_POINT('',#3583);
#3585=CARTESIAN_POINT('',(-529.,522.6,1044.05623475));
#3586=DIRECTION('',(0.,-0.5,-0.866025404));
#3587=VECTOR('',#3586,3.3);
#3588=LINE('',#3585,#3587);
#3589=EDGE_CURVE('',#3584,#3576,#3588,.T.);
#3590=ORIENTED_EDGE('',*,*,#3589,.F.);
#3591=CARTESIAN_POINT('',(-529.,520.95,1046.914118582));
#3592=VERTEX_POINT('',#3591);
#3593=CARTESIAN_POINT('',(-529.,520.95,1046.914118582));
#3594=DIRECTION('',(0.,0.5,-0.866025404));
#3595=VECTOR('',#3594,3.3);
#3596=LINE('',#3593,#3595);
#3597=EDGE_CURVE('',#3592,#3584,#3596,.T.);
#3598=ORIENTED_EDGE('',*,*,#3597,.F.);
#3599=CARTESIAN_POINT('',(-529.,517.65,1046.914118582));
#3600=VERTEX_POINT('',#3599);
#3601=CARTESIAN_POINT('',(-529.,517.65,1046.914118582));
#3602=DIRECTION('',(0.,1.,-0.));
#3603=VECTOR('',#3602,3.3);
#3604=LINE('',#3601,#3603);
#3605=EDGE_CURVE('',#3600,#3592,#3604,.T.);
#3606=ORIENTED_EDGE('',*,*,#3605,.F.);
#3607=CARTESIAN_POINT('',(-529.,516.,1044.05623475));
#3608=DIRECTION('',(0.,0.5,0.866025404));
#3609=VECTOR('',#3608,3.3);
#3610=LINE('',#3607,#3609);
#3611=EDGE_CURVE('',#3568,#3600,#3610,.T.);
#3612=ORIENTED_EDGE('',*,*,#3611,.F.);
#3613=EDGE_LOOP('',(#3574,#3582,#3590,#3598,#3606,#3612));
#3614=FACE_BOUND('',#3613,.T.);
#3615=CARTESIAN_POINT('',(-529.,557.65,991.198350917));
#3616=VERTEX_POINT('',#3615);
#3617=CARTESIAN_POINT('',(-529.,556.,994.05623475));
#3618=VERTEX_POINT('',#3617);
#3619=CARTESIAN_POINT('',(-529.,557.65,991.198350917));
#3620=DIRECTION('',(0.,-0.5,0.866025404));
#3621=VECTOR('',#3620,3.3);
#3622=LINE('',#3619,#3621);
#3623=EDGE_CURVE('',#3616,#3618,#3622,.T.);
#3624=ORIENTED_EDGE('',*,*,#3623,.F.);
#3625=CARTESIAN_POINT('',(-529.,560.95,991.198350917));
#3626=VERTEX_POINT('',#3625);
#3627=CARTESIAN_POINT('',(-529.,560.95,991.198350917));
#3628=DIRECTION('',(0.,-1.,-0.));
#3629=VECTOR('',#3628,3.3);
#3630=LINE('',#3627,#3629);
#3631=EDGE_CURVE('',#3626,#3616,#3630,.T.);
#3632=ORIENTED_EDGE('',*,*,#3631,.F.);
#3633=CARTESIAN_POINT('',(-529.,562.6,994.05623475));
#3634=VERTEX_POINT('',#3633);
#3635=CARTESIAN_POINT('',(-529.,562.6,994.05623475));
#3636=DIRECTION('',(0.,-0.5,-0.866025404));
#3637=VECTOR('',#3636,3.3);
#3638=LINE('',#3635,#3637);
#3639=EDGE_CURVE('',#3634,#3626,#3638,.T.);
#3640=ORIENTED_EDGE('',*,*,#3639,.F.);
#3641=CARTESIAN_POINT('',(-529.,560.95,996.914118582));
#3642=VERTEX_POINT('',#3641);
#3643=CARTESIAN_POINT('',(-529.,560.95,996.914118582));
#3644=DIRECTION('',(0.,0.5,-0.866025404));
#3645=VECTOR('',#3644,3.3);
#3646=LINE('',#3643,#3645);
#3647=EDGE_CURVE('',#3642,#3634,#3646,.T.);
#3648=ORIENTED_EDGE('',*,*,#3647,.F.);
#3649=CARTESIAN_POINT('',(-529.,557.65,996.914118582));
#3650=VERTEX_POINT('',#3649);
#3651=CARTESIAN_POINT('',(-529.,557.65,996.914118582));
#3652=DIRECTION('',(0.,1.,0.));
#3653=VECTOR('',#3652,3.3);
#3654=LINE('',#3651,#3653);
#3655=EDGE_CURVE('',#3650,#3642,#3654,.T.);
#3656=ORIENTED_EDGE('',*,*,#3655,.F.);
#3657=CARTESIAN_POINT('',(-529.,556.,994.05623475));
#3658=DIRECTION('',(0.,0.5,0.866025404));
#3659=VECTOR('',#3658,3.3);
#3660=LINE('',#3657,#3659);
#3661=EDGE_CURVE('',#3618,#3650,#3660,.T.);
#3662=ORIENTED_EDGE('',*,*,#3661,.F.);
#3663=EDGE_LOOP('',(#3624,#3632,#3640,#3648,#3656,#3662));
#3664=FACE_BOUND('',#3663,.T.);
#3665=ORIENTED_EDGE('',*,*,#3001,.F.);
#3666=ORIENTED_EDGE('',*,*,#2830,.T.);
#3667=ORIENTED_EDGE('',*,*,#2892,.F.);
#3668=CARTESIAN_POINT('',(-529.,506.3,982.05623475));
#3669=DIRECTION('',(0.,0.,1.));
#3670=VECTOR('',#3669,74.);
#3671=LINE('',#3668,#3670);
#3672=EDGE_CURVE('',#2887,#3028,#3671,.T.);
#3673=ORIENTED_EDGE('',*,*,#3672,.T.);
#3674=ORIENTED_EDGE('',*,*,#3033,.T.);
#3675=ORIENTED_EDGE('',*,*,#2854,.T.);
#3676=EDGE_LOOP('',(#3665,#3666,#3667,#3673,#3674,#3675));
#3677=FACE_BOUND('',#3676,.T.);
#3678=ADVANCED_FACE('',(#3514,#3564,#3614,#3664,#3677),#3464,.T.);
#3679=CARTESIAN_POINT('',(-683.,504.3,1019.05623475));
#3680=DIRECTION('',(0.,-1.,0.));
#3681=DIRECTION('',(0.,0.,-1.));
#3682=AXIS2_PLACEMENT_3D('',#3679,#3680,#3681);
#3683=CYLINDRICAL_SURFACE('',#3682,37.);
#3684=ORIENTED_EDGE('',*,*,#2901,.T.);
#3685=CARTESIAN_POINT('',(-683.,579.128427125,1019.05623475));
#3686=DIRECTION('',(-0.,1.,-0.));
#3687=DIRECTION('',(0.,0.,-1.));
#3688=AXIS2_PLACEMENT_3D('',#3685,#3686,#3687);
#3689=CIRCLE('',#3688,37.);
#3690=EDGE_CURVE('',#2809,#3052,#3689,.T.);
#3691=ORIENTED_EDGE('',*,*,#3690,.T.);
#3692=ORIENTED_EDGE('',*,*,#3057,.F.);
#3693=CARTESIAN_POINT('',(-683.,506.3,1019.05623475));
#3694=DIRECTION('',(0.,-1.,0.));
#3695=DIRECTION('',(0.,0.,-1.));
#3696=AXIS2_PLACEMENT_3D('',#3693,#3694,#3695);
#3697=CIRCLE('',#3696,37.);
#3698=EDGE_CURVE('',#3050,#2896,#3697,.T.);
#3699=ORIENTED_EDGE('',*,*,#3698,.T.);
#3700=EDGE_LOOP('',(#3684,#3691,#3692,#3699));
#3701=FACE_BOUND('',#3700,.T.);
#3702=ADVANCED_FACE('',(#3701),#3683,.F.);
#3703=CARTESIAN_POINT('',(-103.,506.3,-270.94376525));
#3704=DIRECTION('',(0.,-1.,0.));
#3705=DIRECTION('',(1.,0.,0.));
#3706=AXIS2_PLACEMENT_3D('',#3703,#3704,#3705);
#3707=PLANE('',#3706);
#3708=ORIENTED_EDGE('',*,*,#3070,.F.);
#3709=ORIENTED_EDGE('',*,*,#3039,.F.);
#3710=ORIENTED_EDGE('',*,*,#3672,.F.);
#3711=ORIENTED_EDGE('',*,*,#2907,.T.);
#3712=ORIENTED_EDGE('',*,*,#3698,.F.);
#3713=EDGE_LOOP('',(#3708,#3709,#3710,#3711,#3712));
#3714=FACE_BOUND('',#3713,.T.);
#3715=ORIENTED_EDGE('',*,*,#3124,.F.);
#3716=ORIENTED_EDGE('',*,*,#3169,.F.);
#3717=ORIENTED_EDGE('',*,*,#3380,.F.);
#3718=ORIENTED_EDGE('',*,*,#3431,.T.);
#3719=ORIENTED_EDGE('',*,*,#3218,.F.);
#3720=ORIENTED_EDGE('',*,*,#3455,.T.);
#3721=ORIENTED_EDGE('',*,*,#3249,.F.);
#3722=EDGE_LOOP('',(#3715,#3716,#3717,#3718,#3719,#3720,#3721));
#3723=FACE_BOUND('',#3722,.T.);
#3724=ADVANCED_FACE('',(#3714,#3723),#3707,.T.);
#3725=CARTESIAN_POINT('',(-713.414213562,585.714213562,-270.94376525));
#3726=DIRECTION('',(0.707106781,-0.707106781,0.));
#3727=DIRECTION('',(0.,0.,1.));
#3728=AXIS2_PLACEMENT_3D('',#3725,#3726,#3727);
#3729=PLANE('',#3728);
#3730=ORIENTED_EDGE('',*,*,#2870,.T.);
#3731=ORIENTED_EDGE('',*,*,#3063,.F.);
#3732=CARTESIAN_POINT('',(-714.828427125,584.3,1019.05623475));
#3733=DIRECTION('',(-0.707106781,-0.707106781,-0.));
#3734=VECTOR('',#3733,7.313708499);
#3735=LINE('',#3732,#3734);
#3736=EDGE_CURVE('',#2988,#3052,#3735,.T.);
#3737=ORIENTED_EDGE('',*,*,#3736,.F.);
#3738=ORIENTED_EDGE('',*,*,#3008,.F.);
#3739=EDGE_LOOP('',(#3730,#3731,#3737,#3738));
#3740=FACE_BOUND('',#3739,.T.);
#3741=ADVANCED_FACE('',(#3740),#3729,.T.);
#3742=CARTESIAN_POINT('',(-683.,585.714213562,1019.05623475));
#3743=DIRECTION('',(0.,-1.,0.));
#3744=DIRECTION('',(0.,0.,-1.));
#3745=AXIS2_PLACEMENT_3D('',#3742,#3743,#3744);
#3746=CONICAL_SURFACE('',#3745,30.414213562,45.);
#3747=ORIENTED_EDGE('',*,*,#3736,.T.);
#3748=ORIENTED_EDGE('',*,*,#3690,.F.);
#3749=ORIENTED_EDGE('',*,*,#2814,.F.);
#3750=ORIENTED_EDGE('',*,*,#2994,.F.);
#3751=EDGE_LOOP('',(#3747,#3748,#3749,#3750));
#3752=FACE_BOUND('',#3751,.T.);
#3753=ADVANCED_FACE('',(#3752),#3746,.F.);
#3754=CARTESIAN_POINT('',(-103.,591.421320344,986.934914406));
#3755=DIRECTION('',(0.,-0.707106781,0.707106781));
#3756=DIRECTION('',(-1.,0.,0.));
#3757=AXIS2_PLACEMENT_3D('',#3754,#3755,#3756);
#3758=PLANE('',#3757);
#3759=ORIENTED_EDGE('',*,*,#3138,.F.);
#3760=ORIENTED_EDGE('',*,*,#3242,.F.);
#3761=CARTESIAN_POINT('',(-683.,589.3,984.813594063));
#3762=DIRECTION('',(0.,-0.707106781,-0.707106781));
#3763=VECTOR('',#3762,8.142135624);
#3764=LINE('',#3761,#3763);
#3765=EDGE_CURVE('',#3288,#3231,#3764,.T.);
#3766=ORIENTED_EDGE('',*,*,#3765,.F.);
#3767=ORIENTED_EDGE('',*,*,#3293,.F.);
#3768=EDGE_LOOP('',(#3759,#3760,#3766,#3767));
#3769=FACE_BOUND('',#3768,.T.);
#3770=ADVANCED_FACE('',(#3769),#3758,.F.);
#3771=CARTESIAN_POINT('',(-683.,591.421320344,1019.05623475));
#3772=DIRECTION('',(0.,-1.,0.));
#3773=DIRECTION('',(0.,0.,-1.));
#3774=AXIS2_PLACEMENT_3D('',#3771,#3772,#3773);
#3775=CONICAL_SURFACE('',#3774,32.121320344,45.);
#3776=ORIENTED_EDGE('',*,*,#3765,.T.);
#3777=ORIENTED_EDGE('',*,*,#3447,.F.);
#3778=CARTESIAN_POINT('',(-717.242640687,589.3,1019.05623475));
#3779=DIRECTION('',(-0.707106781,-0.707106781,0.));
#3780=VECTOR('',#3779,8.142135624);
#3781=LINE('',#3778,#3780);
#3782=EDGE_CURVE('',#3296,#3199,#3781,.T.);
#3783=ORIENTED_EDGE('',*,*,#3782,.F.);
#3784=ORIENTED_EDGE('',*,*,#3302,.F.);
#3785=EDGE_LOOP('',(#3776,#3777,#3783,#3784));
#3786=FACE_BOUND('',#3785,.T.);
#3787=ADVANCED_FACE('',(#3786),#3775,.T.);
#3788=CARTESIAN_POINT('',(-715.121320344,591.421320344,-270.94376525));
#3789=DIRECTION('',(0.707106781,-0.707106781,0.));
#3790=DIRECTION('',(0.,0.,1.));
#3791=AXIS2_PLACEMENT_3D('',#3788,#3789,#3790);
#3792=PLANE('',#3791);
#3793=ORIENTED_EDGE('',*,*,#3204,.F.);
#3794=CARTESIAN_POINT('',(-717.242640687,589.3,1057.239660885));
#3795=CARTESIAN_POINT('',(-717.832916022,588.709724666,1058.431523732));
#3796=CARTESIAN_POINT('',(-718.400274749,588.142365938,1059.643965872));
#3797=CARTESIAN_POINT('',(-718.942107332,587.600533355,1060.879330689));
#3798=CARTESIAN_POINT('',(-719.213023624,587.329617064,1061.497013098));
#3799=CARTESIAN_POINT('',(-719.477551705,587.065088982,1062.120432169));
#3800=CARTESIAN_POINT('',(-719.735318049,586.807322638,1062.749923334));
#3801=CARTESIAN_POINT('',(-719.993084393,586.549556294,1063.379414498));
#3802=CARTESIAN_POINT('',(-720.244315582,586.298325105,1064.015576532));
#3803=CARTESIAN_POINT('',(-720.487854661,586.054786026,1064.656805617));
#3804=CARTESIAN_POINT('',(-721.462010974,585.080629713,1067.221721959));
#3805=CARTESIAN_POINT('',(-722.306519576,584.236121112,1069.848357567));
#3806=CARTESIAN_POINT('',(-723.,583.542640687,1072.546890692));
#3807=B_SPLINE_CURVE_WITH_KNOTS('',3,(#3794,#3795,#3796,#3797,#3798,#3799,#3800,#3801,#3802,#3803,#3804,#3805,#3806),.UNSPECIFIED.,.F.,.F.,(4,3,3,3,4),(0.10124755,0.105564002,0.107722227,0.109880453,0.118513356),.UNSPECIFIED.);
#3808=EDGE_CURVE('',#3270,#3190,#3807,.T.);
#3809=ORIENTED_EDGE('',*,*,#3808,.F.);
#3810=ORIENTED_EDGE('',*,*,#3308,.F.);
#3811=ORIENTED_EDGE('',*,*,#3782,.T.);
#3812=EDGE_LOOP('',(#3793,#3809,#3810,#3811));
#3813=FACE_BOUND('',#3812,.T.);
#3814=ADVANCED_FACE('',(#3813),#3792,.F.);
#3815=CARTESIAN_POINT('',(-693.,589.3,1089.05623475));
#3816=DIRECTION('',(0.,1.,0.));
#3817=DIRECTION('',(0.,-0.,1.));
#3818=AXIS2_PLACEMENT_3D('',#3815,#3816,#3817);
#3819=CONICAL_SURFACE('',#3818,40.,45.);
#3820=ORIENTED_EDGE('',*,*,#3423,.F.);
#3821=ORIENTED_EDGE('',*,*,#3365,.F.);
#3822=CARTESIAN_POINT('',(-693.,589.3,1049.05623475));
#3823=DIRECTION('',(0.,-0.707106781,0.707106781));
#3824=VECTOR('',#3823,14.834870331);
#3825=LINE('',#3822,#3824);
#3826=EDGE_CURVE('',#3272,#3320,#3825,.T.);
#3827=ORIENTED_EDGE('',*,*,#3826,.F.);
#3828=ORIENTED_EDGE('',*,*,#3278,.F.);
#3829=ORIENTED_EDGE('',*,*,#3808,.T.);
#3830=ORIENTED_EDGE('',*,*,#3196,.T.);
#3831=EDGE_LOOP('',(#3820,#3821,#3827,#3828,#3829,#3830));
#3832=FACE_BOUND('',#3831,.T.);
#3833=ADVANCED_FACE('',(#3832),#3819,.F.);
#3834=CARTESIAN_POINT('',(-103.,589.3,1049.05623475));
#3835=DIRECTION('',(0.,-0.707106781,-0.707106781));
#3836=DIRECTION('',(1.,0.,0.));
#3837=AXIS2_PLACEMENT_3D('',#3834,#3835,#3836);
#3838=PLANE('',#3837);
#3839=ORIENTED_EDGE('',*,*,#3826,.T.);
#3840=ORIENTED_EDGE('',*,*,#3326,.F.);
#3841=ORIENTED_EDGE('',*,*,#3155,.F.);
#3842=ORIENTED_EDGE('',*,*,#3108,.F.);
#3843=ORIENTED_EDGE('',*,*,#3284,.F.);
#3844=EDGE_LOOP('',(#3839,#3840,#3841,#3842,#3843));
#3845=FACE_BOUND('',#3844,.T.);
#3846=ADVANCED_FACE('',(#3845),#3838,.F.);
#3847=CARTESIAN_POINT('',(-526.,556.825,992.627292834));
#3848=DIRECTION('',(0.,-0.866025404,-0.5));
#3849=DIRECTION('',(0.,0.5,-0.866025404));
#3850=AXIS2_PLACEMENT_3D('',#3847,#3848,#3849);
#3851=PLANE('',#3850);
#3852=ORIENTED_EDGE('',*,*,#3623,.T.);
#3853=CARTESIAN_POINT('',(-525.,556.,994.05623475));
#3854=VERTEX_POINT('',#3853);
#3855=CARTESIAN_POINT('',(-525.,556.,994.05623475));
#3856=DIRECTION('',(-1.,0.,0.));
#3857=VECTOR('',#3856,4.);
#3858=LINE('',#3855,#3857);
#3859=EDGE_CURVE('',#3854,#3618,#3858,.T.);
#3860=ORIENTED_EDGE('',*,*,#3859,.F.);
#3861=CARTESIAN_POINT('',(-525.,557.65,991.198350917));
#3862=VERTEX_POINT('',#3861);
#3863=CARTESIAN_POINT('',(-525.,557.65,991.198350917));
#3864=DIRECTION('',(0.,-0.5,0.866025404));
#3865=VECTOR('',#3864,3.3);
#3866=LINE('',#3863,#3865);
#3867=EDGE_CURVE('',#3862,#3854,#3866,.T.);
#3868=ORIENTED_EDGE('',*,*,#3867,.F.);
#3869=CARTESIAN_POINT('',(-525.,557.65,991.198350917));
#3870=DIRECTION('',(-1.,0.,0.));
#3871=VECTOR('',#3870,4.);
#3872=LINE('',#3869,#3871);
#3873=EDGE_CURVE('',#3862,#3616,#3872,.T.);
#3874=ORIENTED_EDGE('',*,*,#3873,.T.);
#3875=EDGE_LOOP('',(#3852,#3860,#3868,#3874));
#3876=FACE_BOUND('',#3875,.T.);
#3877=ADVANCED_FACE('',(#3876),#3851,.F.);
#3878=CARTESIAN_POINT('',(-526.,556.825,995.485176666));
#3879=DIRECTION('',(0.,-0.866025404,0.5));
#3880=DIRECTION('',(0.,-0.5,-0.866025404));
#3881=AXIS2_PLACEMENT_3D('',#3878,#3879,#3880);
#3882=PLANE('',#3881);
#3883=ORIENTED_EDGE('',*,*,#3661,.T.);
#3884=CARTESIAN_POINT('',(-525.,557.65,996.914118582));
#3885=VERTEX_POINT('',#3884);
#3886=CARTESIAN_POINT('',(-525.,557.65,996.914118582));
#3887=DIRECTION('',(-1.,0.,0.));
#3888=VECTOR('',#3887,4.);
#3889=LINE('',#3886,#3888);
#3890=EDGE_CURVE('',#3885,#3650,#3889,.T.);
#3891=ORIENTED_EDGE('',*,*,#3890,.F.);
#3892=CARTESIAN_POINT('',(-525.,556.,994.05623475));
#3893=DIRECTION('',(0.,0.5,0.866025404));
#3894=VECTOR('',#3893,3.3);
#3895=LINE('',#3892,#3894);
#3896=EDGE_CURVE('',#3854,#3885,#3895,.T.);
#3897=ORIENTED_EDGE('',*,*,#3896,.F.);
#3898=ORIENTED_EDGE('',*,*,#3859,.T.);
#3899=EDGE_LOOP('',(#3883,#3891,#3897,#3898));
#3900=FACE_BOUND('',#3899,.T.);
#3901=ADVANCED_FACE('',(#3900),#3882,.F.);
#3902=CARTESIAN_POINT('',(-526.,559.3,996.914118582));
#3903=DIRECTION('',(0.,-0.,1.));
#3904=DIRECTION('',(0.,-1.,-0.));
#3905=AXIS2_PLACEMENT_3D('',#3902,#3903,#3904);
#3906=PLANE('',#3905);
#3907=ORIENTED_EDGE('',*,*,#3655,.T.);
#3908=CARTESIAN_POINT('',(-525.,560.95,996.914118582));
#3909=VERTEX_POINT('',#3908);
#3910=CARTESIAN_POINT('',(-525.,560.95,996.914118582));
#3911=DIRECTION('',(-1.,0.,0.));
#3912=VECTOR('',#3911,4.);
#3913=LINE('',#3910,#3912);
#3914=EDGE_CURVE('',#3909,#3642,#3913,.T.);
#3915=ORIENTED_EDGE('',*,*,#3914,.F.);
#3916=CARTESIAN_POINT('',(-525.,557.65,996.914118582));
#3917=DIRECTION('',(0.,1.,0.));
#3918=VECTOR('',#3917,3.3);
#3919=LINE('',#3916,#3918);
#3920=EDGE_CURVE('',#3885,#3909,#3919,.T.);
#3921=ORIENTED_EDGE('',*,*,#3920,.F.);
#3922=ORIENTED_EDGE('',*,*,#3890,.T.);
#3923=EDGE_LOOP('',(#3907,#3915,#3921,#3922));
#3924=FACE_BOUND('',#3923,.T.);
#3925=ADVANCED_FACE('',(#3924),#3906,.F.);
#3926=CARTESIAN_POINT('',(-526.,561.775,995.485176666));
#3927=DIRECTION('',(0.,0.866025404,0.5));
#3928=DIRECTION('',(0.,-0.5,0.866025404));
#3929=AXIS2_PLACEMENT_3D('',#3926,#3927,#3928);
#3930=PLANE('',#3929);
#3931=ORIENTED_EDGE('',*,*,#3647,.T.);
#3932=CARTESIAN_POINT('',(-525.,562.6,994.05623475));
#3933=VERTEX_POINT('',#3932);
#3934=CARTESIAN_POINT('',(-525.,562.6,994.05623475));
#3935=DIRECTION('',(-1.,0.,0.));
#3936=VECTOR('',#3935,4.);
#3937=LINE('',#3934,#3936);
#3938=EDGE_CURVE('',#3933,#3634,#3937,.T.);
#3939=ORIENTED_EDGE('',*,*,#3938,.F.);
#3940=CARTESIAN_POINT('',(-525.,560.95,996.914118582));
#3941=DIRECTION('',(0.,0.5,-0.866025404));
#3942=VECTOR('',#3941,3.3);
#3943=LINE('',#3940,#3942);
#3944=EDGE_CURVE('',#3909,#3933,#3943,.T.);
#3945=ORIENTED_EDGE('',*,*,#3944,.F.);
#3946=ORIENTED_EDGE('',*,*,#3914,.T.);
#3947=EDGE_LOOP('',(#3931,#3939,#3945,#3946));
#3948=FACE_BOUND('',#3947,.T.);
#3949=ADVANCED_FACE('',(#3948),#3930,.F.);
#3950=CARTESIAN_POINT('',(-526.,561.775,992.627292834));
#3951=DIRECTION('',(0.,0.866025404,-0.5));
#3952=DIRECTION('',(0.,0.5,0.866025404));
#3953=AXIS2_PLACEMENT_3D('',#3950,#3951,#3952);
#3954=PLANE('',#3953);
#3955=ORIENTED_EDGE('',*,*,#3639,.T.);
#3956=CARTESIAN_POINT('',(-525.,560.95,991.198350917));
#3957=VERTEX_POINT('',#3956);
#3958=CARTESIAN_POINT('',(-525.,560.95,991.198350917));
#3959=DIRECTION('',(-1.,0.,0.));
#3960=VECTOR('',#3959,4.);
#3961=LINE('',#3958,#3960);
#3962=EDGE_CURVE('',#3957,#3626,#3961,.T.);
#3963=ORIENTED_EDGE('',*,*,#3962,.F.);
#3964=CARTESIAN_POINT('',(-525.,562.6,994.05623475));
#3965=DIRECTION('',(0.,-0.5,-0.866025404));
#3966=VECTOR('',#3965,3.3);
#3967=LINE('',#3964,#3966);
#3968=EDGE_CURVE('',#3933,#3957,#3967,.T.);
#3969=ORIENTED_EDGE('',*,*,#3968,.F.);
#3970=ORIENTED_EDGE('',*,*,#3938,.T.);
#3971=EDGE_LOOP('',(#3955,#3963,#3969,#3970));
#3972=FACE_BOUND('',#3971,.T.);
#3973=ADVANCED_FACE('',(#3972),#3954,.F.);
#3974=CARTESIAN_POINT('',(-526.,559.3,991.198350917));
#3975=DIRECTION('',(0.,0.,-1.));
#3976=DIRECTION('',(0.,1.,0.));
#3977=AXIS2_PLACEMENT_3D('',#3974,#3975,#3976);
#3978=PLANE('',#3977);
#3979=ORIENTED_EDGE('',*,*,#3631,.T.);
#3980=ORIENTED_EDGE('',*,*,#3873,.F.);
#3981=CARTESIAN_POINT('',(-525.,560.95,991.198350917));
#3982=DIRECTION('',(0.,-1.,-0.));
#3983=VECTOR('',#3982,3.3);
#3984=LINE('',#3981,#3983);
#3985=EDGE_CURVE('',#3957,#3862,#3984,.T.);
#3986=ORIENTED_EDGE('',*,*,#3985,.F.);
#3987=ORIENTED_EDGE('',*,*,#3962,.T.);
#3988=EDGE_LOOP('',(#3979,#3980,#3986,#3987));
#3989=FACE_BOUND('',#3988,.T.);
#3990=ADVANCED_FACE('',(#3989),#3978,.F.);
#3991=CARTESIAN_POINT('',(-525.,0.,-180.));
#3992=DIRECTION('',(-1.,0.,0.));
#3993=DIRECTION('',(0.,-1.,0.));
#3994=AXIS2_PLACEMENT_3D('',#3991,#3992,#3993);
#3995=PLANE('',#3994);
#3996=ORIENTED_EDGE('',*,*,#2789,.F.);
#3997=ORIENTED_EDGE('',*,*,#2796,.F.);
#3998=EDGE_LOOP('',(#3996,#3997));
#3999=FACE_BOUND('',#3998,.T.);
#4000=ORIENTED_EDGE('',*,*,#3867,.T.);
#4001=ORIENTED_EDGE('',*,*,#3896,.T.);
#4002=ORIENTED_EDGE('',*,*,#3920,.T.);
#4003=ORIENTED_EDGE('',*,*,#3944,.T.);
#4004=ORIENTED_EDGE('',*,*,#3968,.T.);
#4005=ORIENTED_EDGE('',*,*,#3985,.T.);
#4006=EDGE_LOOP('',(#4000,#4001,#4002,#4003,#4004,#4005));
#4007=FACE_BOUND('',#4006,.T.);
#4008=ADVANCED_FACE('',(#3999,#4007),#3995,.T.);
#4009=CARTESIAN_POINT('',(-526.,516.825,1042.627292834));
#4010=DIRECTION('',(0.,-0.866025404,-0.5));
#4011=DIRECTION('',(0.,0.5,-0.866025404));
#4012=AXIS2_PLACEMENT_3D('',#4009,#4010,#4011);
#4013=PLANE('',#4012);
#4014=ORIENTED_EDGE('',*,*,#3573,.T.);
#4015=CARTESIAN_POINT('',(-525.,516.,1044.05623475));
#4016=VERTEX_POINT('',#4015);
#4017=CARTESIAN_POINT('',(-525.,516.,1044.05623475));
#4018=DIRECTION('',(-1.,0.,0.));
#4019=VECTOR('',#4018,4.);
#4020=LINE('',#4017,#4019);
#4021=EDGE_CURVE('',#4016,#3568,#4020,.T.);
#4022=ORIENTED_EDGE('',*,*,#4021,.F.);
#4023=CARTESIAN_POINT('',(-525.,517.65,1041.198350917));
#4024=VERTEX_POINT('',#4023);
#4025=CARTESIAN_POINT('',(-525.,517.65,1041.198350917));
#4026=DIRECTION('',(0.,-0.5,0.866025404));
#4027=VECTOR('',#4026,3.3);
#4028=LINE('',#4025,#4027);
#4029=EDGE_CURVE('',#4024,#4016,#4028,.T.);
#4030=ORIENTED_EDGE('',*,*,#4029,.F.);
#4031=CARTESIAN_POINT('',(-525.,517.65,1041.198350917));
#4032=DIRECTION('',(-1.,0.,0.));
#4033=VECTOR('',#4032,4.);
#4034=LINE('',#4031,#4033);
#4035=EDGE_CURVE('',#4024,#3566,#4034,.T.);
#4036=ORIENTED_EDGE('',*,*,#4035,.T.);
#4037=EDGE_LOOP('',(#4014,#4022,#4030,#4036));
#4038=FACE_BOUND('',#4037,.T.);
#4039=ADVANCED_FACE('',(#4038),#4013,.F.);
#4040=CARTESIAN_POINT('',(-526.,516.825,1045.485176666));
#4041=DIRECTION('',(0.,-0.866025404,0.5));
#4042=DIRECTION('',(0.,-0.5,-0.866025404));
#4043=AXIS2_PLACEMENT_3D('',#4040,#4041,#4042);
#4044=PLANE('',#4043);
#4045=ORIENTED_EDGE('',*,*,#3611,.T.);
#4046=CARTESIAN_POINT('',(-525.,517.65,1046.914118582));
#4047=VERTEX_POINT('',#4046);
#4048=CARTESIAN_POINT('',(-525.,517.65,1046.914118582));
#4049=DIRECTION('',(-1.,0.,0.));
#4050=VECTOR('',#4049,4.);
#4051=LINE('',#4048,#4050);
#4052=EDGE_CURVE('',#4047,#3600,#4051,.T.);
#4053=ORIENTED_EDGE('',*,*,#4052,.F.);
#4054=CARTESIAN_POINT('',(-525.,516.,1044.05623475));
#4055=DIRECTION('',(0.,0.5,0.866025404));
#4056=VECTOR('',#4055,3.3);
#4057=LINE('',#4054,#4056);
#4058=EDGE_CURVE('',#4016,#4047,#4057,.T.);
#4059=ORIENTED_EDGE('',*,*,#4058,.F.);
#4060=ORIENTED_EDGE('',*,*,#4021,.T.);
#4061=EDGE_LOOP('',(#4045,#4053,#4059,#4060));
#4062=FACE_BOUND('',#4061,.T.);
#4063=ADVANCED_FACE('',(#4062),#4044,.F.);
#4064=CARTESIAN_POINT('',(-526.,519.3,1046.914118582));
#4065=DIRECTION('',(0.,0.,1.));
#4066=DIRECTION('',(0.,-1.,0.));
#4067=AXIS2_PLACEMENT_3D('',#4064,#4065,#4066);
#4068=PLANE('',#4067);
#4069=ORIENTED_EDGE('',*,*,#3605,.T.);
#4070=CARTESIAN_POINT('',(-525.,520.95,1046.914118582));
#4071=VERTEX_POINT('',#4070);
#4072=CARTESIAN_POINT('',(-525.,520.95,1046.914118582));
#4073=DIRECTION('',(-1.,0.,0.));
#4074=VECTOR('',#4073,4.);
#4075=LINE('',#4072,#4074);
#4076=EDGE_CURVE('',#4071,#3592,#4075,.T.);
#4077=ORIENTED_EDGE('',*,*,#4076,.F.);
#4078=CARTESIAN_POINT('',(-525.,517.65,1046.914118582));
#4079=DIRECTION('',(0.,1.,-0.));
#4080=VECTOR('',#4079,3.3);
#4081=LINE('',#4078,#4080);
#4082=EDGE_CURVE('',#4047,#4071,#4081,.T.);
#4083=ORIENTED_EDGE('',*,*,#4082,.F.);
#4084=ORIENTED_EDGE('',*,*,#4052,.T.);
#4085=EDGE_LOOP('',(#4069,#4077,#4083,#4084));
#4086=FACE_BOUND('',#4085,.T.);
#4087=ADVANCED_FACE('',(#4086),#4068,.F.);
#4088=CARTESIAN_POINT('',(-526.,521.775,1045.485176666));
#4089=DIRECTION('',(0.,0.866025404,0.5));
#4090=DIRECTION('',(0.,-0.5,0.866025404));
#4091=AXIS2_PLACEMENT_3D('',#4088,#4089,#4090);
#4092=PLANE('',#4091);
#4093=ORIENTED_EDGE('',*,*,#3597,.T.);
#4094=CARTESIAN_POINT('',(-525.,522.6,1044.05623475));
#4095=VERTEX_POINT('',#4094);
#4096=CARTESIAN_POINT('',(-525.,522.6,1044.05623475));
#4097=DIRECTION('',(-1.,0.,0.));
#4098=VECTOR('',#4097,4.);
#4099=LINE('',#4096,#4098);
#4100=EDGE_CURVE('',#4095,#3584,#4099,.T.);
#4101=ORIENTED_EDGE('',*,*,#4100,.F.);
#4102=CARTESIAN_POINT('',(-525.,520.95,1046.914118582));
#4103=DIRECTION('',(0.,0.5,-0.866025404));
#4104=VECTOR('',#4103,3.3);
#4105=LINE('',#4102,#4104);
#4106=EDGE_CURVE('',#4071,#4095,#4105,.T.);
#4107=ORIENTED_EDGE('',*,*,#4106,.F.);
#4108=ORIENTED_EDGE('',*,*,#4076,.T.);
#4109=EDGE_LOOP('',(#4093,#4101,#4107,#4108));
#4110=FACE_BOUND('',#4109,.T.);
#4111=ADVANCED_FACE('',(#4110),#4092,.F.);
#4112=CARTESIAN_POINT('',(-526.,521.775,1042.627292834));
#4113=DIRECTION('',(0.,0.866025404,-0.5));
#4114=DIRECTION('',(0.,0.5,0.866025404));
#4115=AXIS2_PLACEMENT_3D('',#4112,#4113,#4114);
#4116=PLANE('',#4115);
#4117=ORIENTED_EDGE('',*,*,#3589,.T.);
#4118=CARTESIAN_POINT('',(-525.,520.95,1041.198350917));
#4119=VERTEX_POINT('',#4118);
#4120=CARTESIAN_POINT('',(-525.,520.95,1041.198350917));
#4121=DIRECTION('',(-1.,0.,0.));
#4122=VECTOR('',#4121,4.);
#4123=LINE('',#4120,#4122);
#4124=EDGE_CURVE('',#4119,#3576,#4123,.T.);
#4125=ORIENTED_EDGE('',*,*,#4124,.F.);
#4126=CARTESIAN_POINT('',(-525.,522.6,1044.05623475));
#4127=DIRECTION('',(0.,-0.5,-0.866025404));
#4128=VECTOR('',#4127,3.3);
#4129=LINE('',#4126,#4128);
#4130=EDGE_CURVE('',#4095,#4119,#4129,.T.);
#4131=ORIENTED_EDGE('',*,*,#4130,.F.);
#4132=ORIENTED_EDGE('',*,*,#4100,.T.);
#4133=EDGE_LOOP('',(#4117,#4125,#4131,#4132));
#4134=FACE_BOUND('',#4133,.T.);
#4135=ADVANCED_FACE('',(#4134),#4116,.F.);
#4136=CARTESIAN_POINT('',(-526.,519.3,1041.198350917));
#4137=DIRECTION('',(0.,-0.,-1.));
#4138=DIRECTION('',(0.,1.,-0.));
#4139=AXIS2_PLACEMENT_3D('',#4136,#4137,#4138);
#4140=PLANE('',#4139);
#4141=ORIENTED_EDGE('',*,*,#3581,.T.);
#4142=ORIENTED_EDGE('',*,*,#4035,.F.);
#4143=CARTESIAN_POINT('',(-525.,520.95,1041.198350917));
#4144=DIRECTION('',(0.,-1.,0.));
#4145=VECTOR('',#4144,3.3);
#4146=LINE('',#4143,#4145);
#4147=EDGE_CURVE('',#4119,#4024,#4146,.T.);
#4148=ORIENTED_EDGE('',*,*,#4147,.F.);
#4149=ORIENTED_EDGE('',*,*,#4124,.T.);
#4150=EDGE_LOOP('',(#4141,#4142,#4148,#4149));
#4151=FACE_BOUND('',#4150,.T.);
#4152=ADVANCED_FACE('',(#4151),#4140,.F.);
#4153=CARTESIAN_POINT('',(-525.,0.,-180.));
#4154=DIRECTION('',(-1.,0.,0.));
#4155=DIRECTION('',(0.,-1.,0.));
#4156=AXIS2_PLACEMENT_3D('',#4153,#4154,#4155);
#4157=PLANE('',#4156);
#4158=ORIENTED_EDGE('',*,*,#2747,.F.);
#4159=ORIENTED_EDGE('',*,*,#2754,.F.);
#4160=EDGE_LOOP('',(#4158,#4159));
#4161=FACE_BOUND('',#4160,.T.);
#4162=ORIENTED_EDGE('',*,*,#4029,.T.);
#4163=ORIENTED_EDGE('',*,*,#4058,.T.);
#4164=ORIENTED_EDGE('',*,*,#4082,.T.);
#4165=ORIENTED_EDGE('',*,*,#4106,.T.);
#4166=ORIENTED_EDGE('',*,*,#4130,.T.);
#4167=ORIENTED_EDGE('',*,*,#4147,.T.);
#4168=EDGE_LOOP('',(#4162,#4163,#4164,#4165,#4166,#4167));
#4169=FACE_BOUND('',#4168,.T.);
#4170=ADVANCED_FACE('',(#4161,#4169),#4157,.T.);
#4171=CARTESIAN_POINT('',(-526.,556.825,1042.627292834));
#4172=DIRECTION('',(0.,-0.866025404,-0.5));
#4173=DIRECTION('',(0.,0.5,-0.866025404));
#4174=AXIS2_PLACEMENT_3D('',#4171,#4172,#4173);
#4175=PLANE('',#4174);
#4176=ORIENTED_EDGE('',*,*,#3523,.T.);
#4177=CARTESIAN_POINT('',(-525.,556.,1044.05623475));
#4178=VERTEX_POINT('',#4177);
#4179=CARTESIAN_POINT('',(-525.,556.,1044.05623475));
#4180=DIRECTION('',(-1.,0.,0.));
#4181=VECTOR('',#4180,4.);
#4182=LINE('',#4179,#4181);
#4183=EDGE_CURVE('',#4178,#3518,#4182,.T.);
#4184=ORIENTED_EDGE('',*,*,#4183,.F.);
#4185=CARTESIAN_POINT('',(-525.,557.65,1041.198350917));
#4186=VERTEX_POINT('',#4185);
#4187=CARTESIAN_POINT('',(-525.,557.65,1041.198350917));
#4188=DIRECTION('',(0.,-0.5,0.866025404));
#4189=VECTOR('',#4188,3.3);
#4190=LINE('',#4187,#4189);
#4191=EDGE_CURVE('',#4186,#4178,#4190,.T.);
#4192=ORIENTED_EDGE('',*,*,#4191,.F.);
#4193=CARTESIAN_POINT('',(-525.,557.65,1041.198350917));
#4194=DIRECTION('',(-1.,0.,0.));
#4195=VECTOR('',#4194,4.);
#4196=LINE('',#4193,#4195);
#4197=EDGE_CURVE('',#4186,#3516,#4196,.T.);
#4198=ORIENTED_EDGE('',*,*,#4197,.T.);
#4199=EDGE_LOOP('',(#4176,#4184,#4192,#4198));
#4200=FACE_BOUND('',#4199,.T.);
#4201=ADVANCED_FACE('',(#4200),#4175,.F.);
#4202=CARTESIAN_POINT('',(-526.,556.825,1045.485176666));
#4203=DIRECTION('',(0.,-0.866025404,0.5));
#4204=DIRECTION('',(0.,-0.5,-0.866025404));
#4205=AXIS2_PLACEMENT_3D('',#4202,#4203,#4204);
#4206=PLANE('',#4205);
#4207=ORIENTED_EDGE('',*,*,#3561,.T.);
#4208=CARTESIAN_POINT('',(-525.,557.65,1046.914118582));
#4209=VERTEX_POINT('',#4208);
#4210=CARTESIAN_POINT('',(-525.,557.65,1046.914118582));
#4211=DIRECTION('',(-1.,0.,0.));
#4212=VECTOR('',#4211,4.);
#4213=LINE('',#4210,#4212);
#4214=EDGE_CURVE('',#4209,#3550,#4213,.T.);
#4215=ORIENTED_EDGE('',*,*,#4214,.F.);
#4216=CARTESIAN_POINT('',(-525.,556.,1044.05623475));
#4217=DIRECTION('',(0.,0.5,0.866025404));
#4218=VECTOR('',#4217,3.3);
#4219=LINE('',#4216,#4218);
#4220=EDGE_CURVE('',#4178,#4209,#4219,.T.);
#4221=ORIENTED_EDGE('',*,*,#4220,.F.);
#4222=ORIENTED_EDGE('',*,*,#4183,.T.);
#4223=EDGE_LOOP('',(#4207,#4215,#4221,#4222));
#4224=FACE_BOUND('',#4223,.T.);
#4225=ADVANCED_FACE('',(#4224),#4206,.F.);
#4226=CARTESIAN_POINT('',(-526.,559.3,1046.914118582));
#4227=DIRECTION('',(0.,-0.,1.));
#4228=DIRECTION('',(0.,-1.,-0.));
#4229=AXIS2_PLACEMENT_3D('',#4226,#4227,#4228);
#4230=PLANE('',#4229);
#4231=ORIENTED_EDGE('',*,*,#3555,.T.);
#4232=CARTESIAN_POINT('',(-525.,560.95,1046.914118582));
#4233=VERTEX_POINT('',#4232);
#4234=CARTESIAN_POINT('',(-525.,560.95,1046.914118582));
#4235=DIRECTION('',(-1.,0.,0.));
#4236=VECTOR('',#4235,4.);
#4237=LINE('',#4234,#4236);
#4238=EDGE_CURVE('',#4233,#3542,#4237,.T.);
#4239=ORIENTED_EDGE('',*,*,#4238,.F.);
#4240=CARTESIAN_POINT('',(-525.,557.65,1046.914118582));
#4241=DIRECTION('',(0.,1.,0.));
#4242=VECTOR('',#4241,3.3);
#4243=LINE('',#4240,#4242);
#4244=EDGE_CURVE('',#4209,#4233,#4243,.T.);
#4245=ORIENTED_EDGE('',*,*,#4244,.F.);
#4246=ORIENTED_EDGE('',*,*,#4214,.T.);
#4247=EDGE_LOOP('',(#4231,#4239,#4245,#4246));
#4248=FACE_BOUND('',#4247,.T.);
#4249=ADVANCED_FACE('',(#4248),#4230,.F.);
#4250=CARTESIAN_POINT('',(-526.,561.775,1045.485176666));
#4251=DIRECTION('',(0.,0.866025404,0.5));
#4252=DIRECTION('',(0.,-0.5,0.866025404));
#4253=AXIS2_PLACEMENT_3D('',#4250,#4251,#4252);
#4254=PLANE('',#4253);
#4255=ORIENTED_EDGE('',*,*,#3547,.T.);
#4256=CARTESIAN_POINT('',(-525.,562.6,1044.05623475));
#4257=VERTEX_POINT('',#4256);
#4258=CARTESIAN_POINT('',(-525.,562.6,1044.05623475));
#4259=DIRECTION('',(-1.,0.,0.));
#4260=VECTOR('',#4259,4.);
#4261=LINE('',#4258,#4260);
#4262=EDGE_CURVE('',#4257,#3534,#4261,.T.);
#4263=ORIENTED_EDGE('',*,*,#4262,.F.);
#4264=CARTESIAN_POINT('',(-525.,560.95,1046.914118582));
#4265=DIRECTION('',(0.,0.5,-0.866025404));
#4266=VECTOR('',#4265,3.3);
#4267=LINE('',#4264,#4266);
#4268=EDGE_CURVE('',#4233,#4257,#4267,.T.);
#4269=ORIENTED_EDGE('',*,*,#4268,.F.);
#4270=ORIENTED_EDGE('',*,*,#4238,.T.);
#4271=EDGE_LOOP('',(#4255,#4263,#4269,#4270));
#4272=FACE_BOUND('',#4271,.T.);
#4273=ADVANCED_FACE('',(#4272),#4254,.F.);
#4274=CARTESIAN_POINT('',(-526.,561.775,1042.627292834));
#4275=DIRECTION('',(0.,0.866025404,-0.5));
#4276=DIRECTION('',(0.,0.5,0.866025404));
#4277=AXIS2_PLACEMENT_3D('',#4274,#4275,#4276);
#4278=PLANE('',#4277);
#4279=ORIENTED_EDGE('',*,*,#3539,.T.);
#4280=CARTESIAN_POINT('',(-525.,560.95,1041.198350917));
#4281=VERTEX_POINT('',#4280);
#4282=CARTESIAN_POINT('',(-525.,560.95,1041.198350917));
#4283=DIRECTION('',(-1.,0.,0.));
#4284=VECTOR('',#4283,4.);
#4285=LINE('',#4282,#4284);
#4286=EDGE_CURVE('',#4281,#3526,#4285,.T.);
#4287=ORIENTED_EDGE('',*,*,#4286,.F.);
#4288=CARTESIAN_POINT('',(-525.,562.6,1044.05623475));
#4289=DIRECTION('',(0.,-0.5,-0.866025404));
#4290=VECTOR('',#4289,3.3);
#4291=LINE('',#4288,#4290);
#4292=EDGE_CURVE('',#4257,#4281,#4291,.T.);
#4293=ORIENTED_EDGE('',*,*,#4292,.F.);
#4294=ORIENTED_EDGE('',*,*,#4262,.T.);
#4295=EDGE_LOOP('',(#4279,#4287,#4293,#4294));
#4296=FACE_BOUND('',#4295,.T.);
#4297=ADVANCED_FACE('',(#4296),#4278,.F.);
#4298=CARTESIAN_POINT('',(-526.,559.3,1041.198350917));
#4299=DIRECTION('',(0.,0.,-1.));
#4300=DIRECTION('',(0.,1.,0.));
#4301=AXIS2_PLACEMENT_3D('',#4298,#4299,#4300);
#4302=PLANE('',#4301);
#4303=ORIENTED_EDGE('',*,*,#3531,.T.);
#4304=ORIENTED_EDGE('',*,*,#4197,.F.);
#4305=CARTESIAN_POINT('',(-525.,560.95,1041.198350917));
#4306=DIRECTION('',(0.,-1.,-0.));
#4307=VECTOR('',#4306,3.3);
#4308=LINE('',#4305,#4307);
#4309=EDGE_CURVE('',#4281,#4186,#4308,.T.);
#4310=ORIENTED_EDGE('',*,*,#4309,.F.);
#4311=ORIENTED_EDGE('',*,*,#4286,.T.);
#4312=EDGE_LOOP('',(#4303,#4304,#4310,#4311));
#4313=FACE_BOUND('',#4312,.T.);
#4314=ADVANCED_FACE('',(#4313),#4302,.F.);
#4315=CARTESIAN_POINT('',(-525.,0.,-180.));
#4316=DIRECTION('',(-1.,0.,0.));
#4317=DIRECTION('',(0.,-1.,0.));
#4318=AXIS2_PLACEMENT_3D('',#4315,#4316,#4317);
#4319=PLANE('',#4318);
#4320=ORIENTED_EDGE('',*,*,#2705,.F.);
#4321=ORIENTED_EDGE('',*,*,#2712,.F.);
#4322=EDGE_LOOP('',(#4320,#4321));
#4323=FACE_BOUND('',#4322,.T.);
#4324=ORIENTED_EDGE('',*,*,#4191,.T.);
#4325=ORIENTED_EDGE('',*,*,#4220,.T.);
#4326=ORIENTED_EDGE('',*,*,#4244,.T.);
#4327=ORIENTED_EDGE('',*,*,#4268,.T.);
#4328=ORIENTED_EDGE('',*,*,#4292,.T.);
#4329=ORIENTED_EDGE('',*,*,#4309,.T.);
#4330=EDGE_LOOP('',(#4324,#4325,#4326,#4327,#4328,#4329));
#4331=FACE_BOUND('',#4330,.T.);
#4332=ADVANCED_FACE('',(#4323,#4331),#4319,.T.);
#4333=CARTESIAN_POINT('',(-526.,516.825,992.627292834));
#4334=DIRECTION('',(0.,-0.866025404,-0.5));
#4335=DIRECTION('',(0.,0.5,-0.866025404));
#4336=AXIS2_PLACEMENT_3D('',#4333,#4334,#4335);
#4337=PLANE('',#4336);
#4338=ORIENTED_EDGE('',*,*,#3473,.T.);
#4339=CARTESIAN_POINT('',(-525.,516.,994.05623475));
#4340=VERTEX_POINT('',#4339);
#4341=CARTESIAN_POINT('',(-525.,516.,994.05623475));
#4342=DIRECTION('',(-1.,0.,0.));
#4343=VECTOR('',#4342,4.);
#4344=LINE('',#4341,#4343);
#4345=EDGE_CURVE('',#4340,#3468,#4344,.T.);
#4346=ORIENTED_EDGE('',*,*,#4345,.F.);
#4347=CARTESIAN_POINT('',(-525.,517.65,991.198350917));
#4348=VERTEX_POINT('',#4347);
#4349=CARTESIAN_POINT('',(-525.,517.65,991.198350917));
#4350=DIRECTION('',(0.,-0.5,0.866025404));
#4351=VECTOR('',#4350,3.3);
#4352=LINE('',#4349,#4351);
#4353=EDGE_CURVE('',#4348,#4340,#4352,.T.);
#4354=ORIENTED_EDGE('',*,*,#4353,.F.);
#4355=CARTESIAN_POINT('',(-525.,517.65,991.198350917));
#4356=DIRECTION('',(-1.,0.,0.));
#4357=VECTOR('',#4356,4.);
#4358=LINE('',#4355,#4357);
#4359=EDGE_CURVE('',#4348,#3466,#4358,.T.);
#4360=ORIENTED_EDGE('',*,*,#4359,.T.);
#4361=EDGE_LOOP('',(#4338,#4346,#4354,#4360));
#4362=FACE_BOUND('',#4361,.T.);
#4363=ADVANCED_FACE('',(#4362),#4337,.F.);
#4364=CARTESIAN_POINT('',(-526.,516.825,995.485176666));
#4365=DIRECTION('',(0.,-0.866025404,0.5));
#4366=DIRECTION('',(0.,-0.5,-0.866025404));
#4367=AXIS2_PLACEMENT_3D('',#4364,#4365,#4366);
#4368=PLANE('',#4367);
#4369=ORIENTED_EDGE('',*,*,#3511,.T.);
#4370=CARTESIAN_POINT('',(-525.,517.65,996.914118582));
#4371=VERTEX_POINT('',#4370);
#4372=CARTESIAN_POINT('',(-525.,517.65,996.914118582));
#4373=DIRECTION('',(-1.,0.,0.));
#4374=VECTOR('',#4373,4.);
#4375=LINE('',#4372,#4374);
#4376=EDGE_CURVE('',#4371,#3500,#4375,.T.);
#4377=ORIENTED_EDGE('',*,*,#4376,.F.);
#4378=CARTESIAN_POINT('',(-525.,516.,994.05623475));
#4379=DIRECTION('',(0.,0.5,0.866025404));
#4380=VECTOR('',#4379,3.3);
#4381=LINE('',#4378,#4380);
#4382=EDGE_CURVE('',#4340,#4371,#4381,.T.);
#4383=ORIENTED_EDGE('',*,*,#4382,.F.);
#4384=ORIENTED_EDGE('',*,*,#4345,.T.);
#4385=EDGE_LOOP('',(#4369,#4377,#4383,#4384));
#4386=FACE_BOUND('',#4385,.T.);
#4387=ADVANCED_FACE('',(#4386),#4368,.F.);
#4388=CARTESIAN_POINT('',(-526.,519.3,996.914118582));
#4389=DIRECTION('',(0.,0.,1.));
#4390=DIRECTION('',(1.,0.,0.));
#4391=AXIS2_PLACEMENT_3D('',#4388,#4389,#4390);
#4392=PLANE('',#4391);
#4393=ORIENTED_EDGE('',*,*,#3505,.T.);
#4394=CARTESIAN_POINT('',(-525.,520.95,996.914118582));
#4395=VERTEX_POINT('',#4394);
#4396=CARTESIAN_POINT('',(-525.,520.95,996.914118582));
#4397=DIRECTION('',(-1.,0.,0.));
#4398=VECTOR('',#4397,4.);
#4399=LINE('',#4396,#4398);
#4400=EDGE_CURVE('',#4395,#3492,#4399,.T.);
#4401=ORIENTED_EDGE('',*,*,#4400,.F.);
#4402=CARTESIAN_POINT('',(-525.,517.65,996.914118582));
#4403=DIRECTION('',(0.,1.,0.));
#4404=VECTOR('',#4403,3.3);
#4405=LINE('',#4402,#4404);
#4406=EDGE_CURVE('',#4371,#4395,#4405,.T.);
#4407=ORIENTED_EDGE('',*,*,#4406,.F.);
#4408=ORIENTED_EDGE('',*,*,#4376,.T.);
#4409=EDGE_LOOP('',(#4393,#4401,#4407,#4408));
#4410=FACE_BOUND('',#4409,.T.);
#4411=ADVANCED_FACE('',(#4410),#4392,.F.);
#4412=CARTESIAN_POINT('',(-526.,521.775,995.485176666));
#4413=DIRECTION('',(0.,0.866025404,0.5));
#4414=DIRECTION('',(0.,-0.5,0.866025404));
#4415=AXIS2_PLACEMENT_3D('',#4412,#4413,#4414);
#4416=PLANE('',#4415);
#4417=ORIENTED_EDGE('',*,*,#3497,.T.);
#4418=CARTESIAN_POINT('',(-525.,522.6,994.05623475));
#4419=VERTEX_POINT('',#4418);
#4420=CARTESIAN_POINT('',(-525.,522.6,994.05623475));
#4421=DIRECTION('',(-1.,0.,0.));
#4422=VECTOR('',#4421,4.);
#4423=LINE('',#4420,#4422);
#4424=EDGE_CURVE('',#4419,#3484,#4423,.T.);
#4425=ORIENTED_EDGE('',*,*,#4424,.F.);
#4426=CARTESIAN_POINT('',(-525.,520.95,996.914118582));
#4427=DIRECTION('',(0.,0.5,-0.866025404));
#4428=VECTOR('',#4427,3.3);
#4429=LINE('',#4426,#4428);
#4430=EDGE_CURVE('',#4395,#4419,#4429,.T.);
#4431=ORIENTED_EDGE('',*,*,#4430,.F.);
#4432=ORIENTED_EDGE('',*,*,#4400,.T.);
#4433=EDGE_LOOP('',(#4417,#4425,#4431,#4432));
#4434=FACE_BOUND('',#4433,.T.);
#4435=ADVANCED_FACE('',(#4434),#4416,.F.);
#4436=CARTESIAN_POINT('',(-526.,521.775,992.627292834));
#4437=DIRECTION('',(0.,0.866025404,-0.5));
#4438=DIRECTION('',(0.,0.5,0.866025404));
#4439=AXIS2_PLACEMENT_3D('',#4436,#4437,#4438);
#4440=PLANE('',#4439);
#4441=ORIENTED_EDGE('',*,*,#3489,.T.);
#4442=CARTESIAN_POINT('',(-525.,520.95,991.198350917));
#4443=VERTEX_POINT('',#4442);
#4444=CARTESIAN_POINT('',(-525.,520.95,991.198350917));
#4445=DIRECTION('',(-1.,0.,0.));
#4446=VECTOR('',#4445,4.);
#4447=LINE('',#4444,#4446);
#4448=EDGE_CURVE('',#4443,#3476,#4447,.T.);
#4449=ORIENTED_EDGE('',*,*,#4448,.F.);
#4450=CARTESIAN_POINT('',(-525.,522.6,994.05623475));
#4451=DIRECTION('',(0.,-0.5,-0.866025404));
#4452=VECTOR('',#4451,3.3);
#4453=LINE('',#4450,#4452);
#4454=EDGE_CURVE('',#4419,#4443,#4453,.T.);
#4455=ORIENTED_EDGE('',*,*,#4454,.F.);
#4456=ORIENTED_EDGE('',*,*,#4424,.T.);
#4457=EDGE_LOOP('',(#4441,#4449,#4455,#4456));
#4458=FACE_BOUND('',#4457,.T.);
#4459=ADVANCED_FACE('',(#4458),#4440,.F.);
#4460=CARTESIAN_POINT('',(-526.,519.3,991.198350917));
#4461=DIRECTION('',(0.,0.,-1.));
#4462=DIRECTION('',(-1.,0.,0.));
#4463=AXIS2_PLACEMENT_3D('',#4460,#4461,#4462);
#4464=PLANE('',#4463);
#4465=ORIENTED_EDGE('',*,*,#3481,.T.);
#4466=ORIENTED_EDGE('',*,*,#4359,.F.);
#4467=CARTESIAN_POINT('',(-525.,520.95,991.198350917));
#4468=DIRECTION('',(0.,-1.,0.));
#4469=VECTOR('',#4468,3.3);
#4470=LINE('',#4467,#4469);
#4471=EDGE_CURVE('',#4443,#4348,#4470,.T.);
#4472=ORIENTED_EDGE('',*,*,#4471,.F.);
#4473=ORIENTED_EDGE('',*,*,#4448,.T.);
#4474=EDGE_LOOP('',(#4465,#4466,#4472,#4473));
#4475=FACE_BOUND('',#4474,.T.);
#4476=ADVANCED_FACE('',(#4475),#4464,.F.);
#4477=CARTESIAN_POINT('',(-525.,0.,-180.));
#4478=DIRECTION('',(-1.,0.,0.));
#4479=DIRECTION('',(0.,-1.,0.));
#4480=AXIS2_PLACEMENT_3D('',#4477,#4478,#4479);
#4481=PLANE('',#4480);
#4482=ORIENTED_EDGE('',*,*,#2663,.F.);
#4483=ORIENTED_EDGE('',*,*,#2670,.F.);
#4484=EDGE_LOOP('',(#4482,#4483));
#4485=FACE_BOUND('',#4484,.T.);
#4486=ORIENTED_EDGE('',*,*,#4353,.T.);
#4487=ORIENTED_EDGE('',*,*,#4382,.T.);
#4488=ORIENTED_EDGE('',*,*,#4406,.T.);
#4489=ORIENTED_EDGE('',*,*,#4430,.T.);
#4490=ORIENTED_EDGE('',*,*,#4454,.T.);
#4491=ORIENTED_EDGE('',*,*,#4471,.T.);
#4492=EDGE_LOOP('',(#4486,#4487,#4488,#4489,#4490,#4491));
#4493=FACE_BOUND('',#4492,.T.);
#4494=ADVANCED_FACE('',(#4485,#4493),#4481,.T.);
#4495=CARTESIAN_POINT('',(-639.75,587.3,1033.05623475));
#4496=DIRECTION('',(0.,0.,-1.));
#4497=DIRECTION('',(-1.,0.,0.));
#4498=AXIS2_PLACEMENT_3D('',#4495,#4496,#4497);
#4499=PLANE('',#4498);
#4500=ORIENTED_EDGE('',*,*,#2925,.T.);
#4501=CARTESIAN_POINT('',(-592.05,588.3,1033.05623475));
#4502=VERTEX_POINT('',#4501);
#4503=CARTESIAN_POINT('',(-592.05,584.3,1033.05623475));
#4504=DIRECTION('',(-0.,1.,-0.));
#4505=VECTOR('',#4504,4.);
#4506=LINE('',#4503,#4505);
#4507=EDGE_CURVE('',#2920,#4502,#4506,.T.);
#4508=ORIENTED_EDGE('',*,*,#4507,.T.);
#4509=CARTESIAN_POINT('',(-687.45,588.3,1033.05623475));
#4510=VERTEX_POINT('',#4509);
#4511=CARTESIAN_POINT('',(-687.45,588.3,1033.05623475));
#4512=DIRECTION('',(1.,0.,-0.));
#4513=VECTOR('',#4512,95.4);
#4514=LINE('',#4511,#4513);
#4515=EDGE_CURVE('',#4510,#4502,#4514,.T.);
#4516=ORIENTED_EDGE('',*,*,#4515,.F.);
#4517=CARTESIAN_POINT('',(-687.45,588.3,1033.05623475));
#4518=DIRECTION('',(0.,-1.,0.));
#4519=VECTOR('',#4518,4.);
#4520=LINE('',#4517,#4519);
#4521=EDGE_CURVE('',#4510,#2918,#4520,.T.);
#4522=ORIENTED_EDGE('',*,*,#4521,.T.);
#4523=EDGE_LOOP('',(#4500,#4508,#4516,#4522));
#4524=FACE_BOUND('',#4523,.T.);
#4525=ADVANCED_FACE('',(#4524),#4499,.F.);
#4526=CARTESIAN_POINT('',(-587.75,587.3,1037.55623475));
#4527=DIRECTION('',(1.,0.,0.));
#4528=DIRECTION('',(0.,0.,-1.));
#4529=AXIS2_PLACEMENT_3D('',#4526,#4527,#4528);
#4530=PLANE('',#4529);
#4531=ORIENTED_EDGE('',*,*,#2976,.T.);
#4532=CARTESIAN_POINT('',(-587.75,588.3,1037.75623475));
#4533=VERTEX_POINT('',#4532);
#4534=CARTESIAN_POINT('',(-587.75,584.3,1037.75623475));
#4535=DIRECTION('',(-0.,1.,-0.));
#4536=VECTOR('',#4535,4.);
#4537=LINE('',#4534,#4536);
#4538=EDGE_CURVE('',#2962,#4533,#4537,.T.);
#4539=ORIENTED_EDGE('',*,*,#4538,.T.);
#4540=CARTESIAN_POINT('',(-587.75,588.3,1037.35623475));
#4541=VERTEX_POINT('',#4540);
#4542=CARTESIAN_POINT('',(-587.75,588.3,1037.35623475));
#4543=DIRECTION('',(0.,0.,1.));
#4544=VECTOR('',#4543,0.4);
#4545=LINE('',#4542,#4544);
#4546=EDGE_CURVE('',#4541,#4533,#4545,.T.);
#4547=ORIENTED_EDGE('',*,*,#4546,.F.);
#4548=CARTESIAN_POINT('',(-587.75,588.3,1037.35623475));
#4549=DIRECTION('',(0.,-1.,0.));
#4550=VECTOR('',#4549,4.);
#4551=LINE('',#4548,#4550);
#4552=EDGE_CURVE('',#4541,#2971,#4551,.T.);
#4553=ORIENTED_EDGE('',*,*,#4552,.T.);
#4554=EDGE_LOOP('',(#4531,#4539,#4547,#4553));
#4555=FACE_BOUND('',#4554,.T.);
#4556=ADVANCED_FACE('',(#4555),#4530,.F.);
#4557=CARTESIAN_POINT('',(-639.75,587.3,1042.05623475));
#4558=DIRECTION('',(0.,0.,1.));
#4559=DIRECTION('',(1.,0.,0.));
#4560=AXIS2_PLACEMENT_3D('',#4557,#4558,#4559);
#4561=PLANE('',#4560);
#4562=CARTESIAN_POINT('',(-592.05,588.3,1042.05623475));
#4563=VERTEX_POINT('',#4562);
#4564=CARTESIAN_POINT('',(-687.45,588.3,1042.05623475));
#4565=VERTEX_POINT('',#4564);
#4566=CARTESIAN_POINT('',(-592.05,588.3,1042.05623475));
#4567=DIRECTION('',(-1.,0.,0.));
#4568=VECTOR('',#4567,95.4);
#4569=LINE('',#4566,#4568);
#4570=EDGE_CURVE('',#4563,#4565,#4569,.T.);
#4571=ORIENTED_EDGE('',*,*,#4570,.F.);
#4572=CARTESIAN_POINT('',(-592.05,588.3,1042.05623475));
#4573=DIRECTION('',(0.,-1.,0.));
#4574=VECTOR('',#4573,4.);
#4575=LINE('',#4572,#4574);
#4576=EDGE_CURVE('',#4563,#2954,#4575,.T.);
#4577=ORIENTED_EDGE('',*,*,#4576,.T.);
#4578=ORIENTED_EDGE('',*,*,#2959,.T.);
#4579=CARTESIAN_POINT('',(-687.45,584.3,1042.05623475));
#4580=DIRECTION('',(-0.,1.,-0.));
#4581=VECTOR('',#4580,4.);
#4582=LINE('',#4579,#4581);
#4583=EDGE_CURVE('',#2945,#4565,#4582,.T.);
#4584=ORIENTED_EDGE('',*,*,#4583,.T.);
#4585=EDGE_LOOP('',(#4571,#4577,#4578,#4584));
#4586=FACE_BOUND('',#4585,.T.);
#4587=ADVANCED_FACE('',(#4586),#4561,.F.);
#4588=CARTESIAN_POINT('',(-691.75,587.3,1037.55623475));
#4589=DIRECTION('',(-1.,0.,0.));
#4590=DIRECTION('',(0.,0.,1.));
#4591=AXIS2_PLACEMENT_3D('',#4588,#4589,#4590);
#4592=PLANE('',#4591);
#4593=CARTESIAN_POINT('',(-691.75,588.3,1037.75623475));
#4594=VERTEX_POINT('',#4593);
#4595=CARTESIAN_POINT('',(-691.75,588.3,1037.35623475));
#4596=VERTEX_POINT('',#4595);
#4597=CARTESIAN_POINT('',(-691.75,588.3,1037.75623475));
#4598=DIRECTION('',(0.,0.,-1.));
#4599=VECTOR('',#4598,0.4);
#4600=LINE('',#4597,#4599);
#4601=EDGE_CURVE('',#4594,#4596,#4600,.T.);
#4602=ORIENTED_EDGE('',*,*,#4601,.F.);
#4603=CARTESIAN_POINT('',(-691.75,588.3,1037.75623475));
#4604=DIRECTION('',(0.,-1.,0.));
#4605=VECTOR('',#4604,4.);
#4606=LINE('',#4603,#4605);
#4607=EDGE_CURVE('',#4594,#2937,#4606,.T.);
#4608=ORIENTED_EDGE('',*,*,#4607,.T.);
#4609=ORIENTED_EDGE('',*,*,#2942,.T.);
#4610=CARTESIAN_POINT('',(-691.75,584.3,1037.35623475));
#4611=DIRECTION('',(-0.,1.,-0.));
#4612=VECTOR('',#4611,4.);
#4613=LINE('',#4610,#4612);
#4614=EDGE_CURVE('',#2928,#4596,#4613,.T.);
#4615=ORIENTED_EDGE('',*,*,#4614,.T.);
#4616=EDGE_LOOP('',(#4602,#4608,#4609,#4615));
#4617=FACE_BOUND('',#4616,.T.);
#4618=ADVANCED_FACE('',(#4617),#4592,.F.);
#4619=CARTESIAN_POINT('',(-103.,588.3,-270.94376525));
#4620=DIRECTION('',(0.,-1.,0.));
#4621=DIRECTION('',(1.,0.,0.));
#4622=AXIS2_PLACEMENT_3D('',#4619,#4620,#4621);
#4623=PLANE('',#4622);
#4624=ORIENTED_EDGE('',*,*,#2430,.F.);
#4625=ORIENTED_EDGE('',*,*,#2571,.T.);
#4626=ORIENTED_EDGE('',*,*,#2390,.F.);
#4627=ORIENTED_EDGE('',*,*,#2547,.T.);
#4628=ORIENTED_EDGE('',*,*,#2510,.F.);
#4629=ORIENTED_EDGE('',*,*,#2619,.T.);
#4630=ORIENTED_EDGE('',*,*,#2470,.F.);
#4631=ORIENTED_EDGE('',*,*,#2595,.T.);
#4632=EDGE_LOOP('',(#4624,#4625,#4626,#4627,#4628,#4629,#4630,#4631));
#4633=FACE_BOUND('',#4632,.T.);
#4634=ORIENTED_EDGE('',*,*,#4546,.T.);
#4635=CARTESIAN_POINT('',(-592.05,588.3,1037.75623475));
#4636=DIRECTION('',(0.,-1.,0.));
#4637=DIRECTION('',(0.,0.,-1.));
#4638=AXIS2_PLACEMENT_3D('',#4635,#4636,#4637);
#4639=CIRCLE('',#4638,4.3);
#4640=EDGE_CURVE('',#4533,#4563,#4639,.T.);
#4641=ORIENTED_EDGE('',*,*,#4640,.T.);
#4642=ORIENTED_EDGE('',*,*,#4570,.T.);
#4643=CARTESIAN_POINT('',(-687.45,588.3,1037.75623475));
#4644=DIRECTION('',(0.,-1.,0.));
#4645=DIRECTION('',(0.,0.,-1.));
#4646=AXIS2_PLACEMENT_3D('',#4643,#4644,#4645);
#4647=CIRCLE('',#4646,4.3);
#4648=EDGE_CURVE('',#4565,#4594,#4647,.T.);
#4649=ORIENTED_EDGE('',*,*,#4648,.T.);
#4650=ORIENTED_EDGE('',*,*,#4601,.T.);
#4651=CARTESIAN_POINT('',(-687.45,588.3,1037.35623475));
#4652=DIRECTION('',(0.,-1.,0.));
#4653=DIRECTION('',(0.,0.,-1.));
#4654=AXIS2_PLACEMENT_3D('',#4651,#4652,#4653);
#4655=CIRCLE('',#4654,4.3);
#4656=EDGE_CURVE('',#4596,#4510,#4655,.T.);
#4657=ORIENTED_EDGE('',*,*,#4656,.T.);
#4658=ORIENTED_EDGE('',*,*,#4515,.T.);
#4659=CARTESIAN_POINT('',(-592.05,588.3,1037.35623475));
#4660=DIRECTION('',(0.,-1.,0.));
#4661=DIRECTION('',(0.,0.,-1.));
#4662=AXIS2_PLACEMENT_3D('',#4659,#4660,#4661);
#4663=CIRCLE('',#4662,4.3);
#4664=EDGE_CURVE('',#4502,#4541,#4663,.T.);
#4665=ORIENTED_EDGE('',*,*,#4664,.T.);
#4666=EDGE_LOOP('',(#4634,#4641,#4642,#4649,#4650,#4657,#4658,#4665));
#4667=FACE_BOUND('',#4666,.T.);
#4668=ADVANCED_FACE('',(#4633,#4667),#4623,.T.);
#4669=CARTESIAN_POINT('',(-592.05,587.3,1037.75623475));
#4670=DIRECTION('',(0.,1.,0.));
#4671=DIRECTION('',(0.,-0.,1.));
#4672=AXIS2_PLACEMENT_3D('',#4669,#4670,#4671);
#4673=CYLINDRICAL_SURFACE('',#4672,4.3);
#4674=ORIENTED_EDGE('',*,*,#4640,.F.);
#4675=ORIENTED_EDGE('',*,*,#4538,.F.);
#4676=ORIENTED_EDGE('',*,*,#2968,.F.);
#4677=ORIENTED_EDGE('',*,*,#4576,.F.);
#4678=EDGE_LOOP('',(#4674,#4675,#4676,#4677));
#4679=FACE_BOUND('',#4678,.T.);
#4680=ADVANCED_FACE('',(#4679),#4673,.F.);
#4681=CARTESIAN_POINT('',(-687.45,587.3,1037.75623475));
#4682=DIRECTION('',(0.,1.,0.));
#4683=DIRECTION('',(0.,-0.,1.));
#4684=AXIS2_PLACEMENT_3D('',#4681,#4682,#4683);
#4685=CYLINDRICAL_SURFACE('',#4684,4.3);
#4686=ORIENTED_EDGE('',*,*,#4648,.F.);
#4687=ORIENTED_EDGE('',*,*,#4583,.F.);
#4688=ORIENTED_EDGE('',*,*,#2951,.F.);
#4689=ORIENTED_EDGE('',*,*,#4607,.F.);
#4690=EDGE_LOOP('',(#4686,#4687,#4688,#4689));
#4691=FACE_BOUND('',#4690,.T.);
#4692=ADVANCED_FACE('',(#4691),#4685,.F.);
#4693=CARTESIAN_POINT('',(-592.05,587.3,1037.35623475));
#4694=DIRECTION('',(0.,1.,0.));
#4695=DIRECTION('',(0.,-0.,1.));
#4696=AXIS2_PLACEMENT_3D('',#4693,#4694,#4695);
#4697=CYLINDRICAL_SURFACE('',#4696,4.3);
#4698=ORIENTED_EDGE('',*,*,#4664,.F.);
#4699=ORIENTED_EDGE('',*,*,#4507,.F.);
#4700=ORIENTED_EDGE('',*,*,#2983,.F.);
#4701=ORIENTED_EDGE('',*,*,#4552,.F.);
#4702=EDGE_LOOP('',(#4698,#4699,#4700,#4701));
#4703=FACE_BOUND('',#4702,.T.);
#4704=ADVANCED_FACE('',(#4703),#4697,.F.);
#4705=CARTESIAN_POINT('',(-687.45,587.3,1037.35623475));
#4706=DIRECTION('',(0.,1.,0.));
#4707=DIRECTION('',(0.,-0.,1.));
#4708=AXIS2_PLACEMENT_3D('',#4705,#4706,#4707);
#4709=CYLINDRICAL_SURFACE('',#4708,4.3);
#4710=ORIENTED_EDGE('',*,*,#4656,.F.);
#4711=ORIENTED_EDGE('',*,*,#4614,.F.);
#4712=ORIENTED_EDGE('',*,*,#2934,.F.);
#4713=ORIENTED_EDGE('',*,*,#4521,.F.);
#4714=EDGE_LOOP('',(#4710,#4711,#4712,#4713));
#4715=FACE_BOUND('',#4714,.T.);
#4716=ADVANCED_FACE('',(#4715),#4709,.F.);
#4717=CLOSED_SHELL('',(#2416,#2456,#2496,#2536,#2560,#2584,#2608,#2632,#2674,#2716,#2758,#2800,#2840,#2880,#2911,#3012,#3043,#3074,#3142,#3173,#3222,#3253,#3312,#3384,#3435,#3459,
#3678,#3702,#3724,#3741,#3753,#3770,#3787,#3814,#3833,#3846,#3877,#3901,#3925,#3949,#3973,#3990,#4008,#4039,#4063,#4087,#4111,#4135,#4152,#4170,#4201,
#4225,#4249,#4273,#4297,#4314,#4332,#4363,#4387,#4411,#4435,#4459,#4476,#4494,#4525,#4556,#4587,#4618,#4668,#4680,#4692,#4704,#4716));
#4718=MANIFOLD_SOLID_BREP('Body 140 (1)',#4717);
#2376=STYLED_ITEM('',(#2375),#4718);
#16=SHAPE_REPRESENTATION('root',(#15),#10);
#17=ADVANCED_BREP_SHAPE_REPRESENTATION('root',(#2368,#4718),#10);
#4726=SHAPE_REPRESENTATION_RELATIONSHIP('','',#16,#17);
#4727=CARTESIAN_POINT('',(0.,0.,0.));
#4728=DIRECTION('',(0.,0.,1.));
#4729=DIRECTION('',(1.,0.,0.));
#4730=AXIS2_PLACEMENT_3D('',#4727,#4728,#4729);
#4732=MAPPED_ITEM('',#4731,#4730);
#4731=REPRESENTATION_MAP(#4730,#16);
#4733=APPLICATION_CONTEXT('Managed model based 3d engineering');
#4734=APPLICATION_PROTOCOL_DEFINITION('international standard','ap242_managed_model_based_3d_engineering',2014,#4733);
#4735=PRODUCT_CONTEXT('',#4733,'mechanical');
#4736=PRODUCT_DEFINITION_CONTEXT('part definition',#4733,'design');
#24=PRODUCT('root','root','',(#4735));
#4737=PRODUCT_RELATED_PRODUCT_CATEGORY('part','',(#24));
#4738=PRODUCT_DEFINITION_FORMATION_WITH_SPECIFIED_SOURCE('','',#24,.NOT_KNOWN.);
#25=PRODUCT_DEFINITION('design','',#4738,#4736);
#23=PRODUCT_DEFINITION_SHAPE('','',#25);
#4739=SHAPE_DEFINITION_REPRESENTATION(#23,#16);
#11=DRAUGHTING_MODEL('',(#4732),#10);
#4740=DESCRIPTIVE_REPRESENTATION_ITEM('KEY','/private/var/mobile/Containers/Data/Application/B920794F-3AFD-4D1B-B25D-647AFDE9D567/tmp/8DB50FF2-EC68-42D4-A632-6FE54CE537AC.tmp');
#4741=PROPERTY_DEFINITION('KEY','',#25);
#4742=REPRESENTATION('',(#4740),#10);
#4743=PROPERTY_DEFINITION_REPRESENTATION(#4741,#4742);
#4744=GENERAL_PROPERTY('','KEY','');
#4745=GENERAL_PROPERTY_ASSOCIATION('','',#4744,#4741);
#1=MECHANICAL_DESIGN_GEOMETRIC_PRESENTATION_REPRESENTATION('',(#26,#2376),#10);
ENDSEC;
END-ISO-10303-21;
