ISO-10303-21;
HEADER;

/* File generated by Shapr3D Version 26.120.0.11243 */

FILE_DESCRIPTION(('HOOPS Exchange Step'),'2;1');

FILE_NAME('/private/var/mobile/Containers/Data/Application/872463C3-291E-4BB8-8698-6661042731BF/tmp/export/temp_export',
'2026-07-21T09:31:51-07:00',
('mobile'),
('Shapr3D Limited'),
'HOOPS Exchange 2026.3',
'Shapr3D',
'Authorized');

FILE_SCHEMA( ('AP242_MANAGED_MODEL_BASED_3D_ENGINEERING_MIM_LF {1 0 10303 442 1 1 4}') );

ENDSEC;

DATA;
#3=(NAMED_UNIT(*)PLANE_ANGLE_UNIT()SI_UNIT($,.RADIAN.));
#4=PLANE_ANGLE_MEASURE_WITH_UNIT(PLANE_ANGLE_MEASURE(0.0174532925),#3);
#5=(CONVERSION_BASED_UNIT('DEGREE',#4)NAMED_UNIT(#6)PLANE_ANGLE_UNIT());
#6=DIMENSIONAL_EXPONENTS(0.,0.,0.,0.,0.,0.,0.);
#7=(NAMED_UNIT(*)SI_UNIT($,.STERADIAN.)SOLID_ANGLE_UNIT());
#8=(LENGTH_UNIT()NAMED_UNIT(*)SI_UNIT(.MILLI.,.METRE.));
#9=UNCERTAINTY_MEASURE_WITH_UNIT(LENGTH_MEASURE(1.000000E-03),#8,'DISTANCE_ACCURACY_VALUE','Maximum Tolerance applied to model');
#10=(GEOMETRIC_REPRESENTATION_CONTEXT(3)GLOBAL_UNCERTAINTY_ASSIGNED_CONTEXT((#9))GLOBAL_UNIT_ASSIGNED_CONTEXT((#8,#5,#7))REPRESENTATION_CONTEXT('','root'));
#12=CARTESIAN_POINT('',(0.,0.,0.));
#13=DIRECTION('',(0.,0.,1.));
#14=DIRECTION('',(1.,0.,0.));
#15=AXIS2_PLACEMENT_3D('',#12,#13,#14);
#26=(NAMED_UNIT(*)PLANE_ANGLE_UNIT()SI_UNIT($,.RADIAN.));
#27=PLANE_ANGLE_MEASURE_WITH_UNIT(PLANE_ANGLE_MEASURE(0.0174532925),#26);
#28=(CONVERSION_BASED_UNIT('DEGREE',#27)NAMED_UNIT(#29)PLANE_ANGLE_UNIT());
#29=DIMENSIONAL_EXPONENTS(0.,0.,0.,0.,0.,0.,0.);
#30=(NAMED_UNIT(*)SI_UNIT($,.STERADIAN.)SOLID_ANGLE_UNIT());
#31=(LENGTH_UNIT()NAMED_UNIT(*)SI_UNIT(.MILLI.,.METRE.));
#32=UNCERTAINTY_MEASURE_WITH_UNIT(LENGTH_MEASURE(1.000000E-05),#31,'DISTANCE_ACCURACY_VALUE','Maximum Tolerance applied to model');
#33=(GEOMETRIC_REPRESENTATION_CONTEXT(3)GLOBAL_UNCERTAINTY_ASSIGNED_CONTEXT((#32))GLOBAL_UNIT_ASSIGNED_CONTEXT((#31,#28,#30))REPRESENTATION_CONTEXT('','shapr3d_export_2026-03-28_21h00m.step'));
#45=CARTESIAN_POINT('',(0.,0.,0.));
#46=DIRECTION('',(0.,0.,1.));
#47=DIRECTION('',(1.,0.,-0.));
#48=AXIS2_PLACEMENT_3D('',#45,#46,#47);
#49=ITEM_DEFINED_TRANSFORMATION('','',#48,#15);
#50=(REPRESENTATION_RELATIONSHIP('','',#35,#16)REPRESENTATION_RELATIONSHIP_WITH_TRANSFORMATION(#49)SHAPE_REPRESENTATION_RELATIONSHIP());
#51=NEXT_ASSEMBLY_USAGE_OCCURRENCE('shapr3d_export_2026-03-28_21h00m.step_1','shapr3d_export_2026-03-28_21h00m.step','shapr3d_export_2026-03-28_21h00m.step',#25,#44,$);
#52=PRODUCT_DEFINITION_SHAPE('','',#51);
#53=CONTEXT_DEPENDENT_SHAPE_REPRESENTATION(#50,#52);
#55=CARTESIAN_POINT('',(-479.68,440.2,375.027457885));
#56=DIRECTION('',(-1.,0.,0.));
#57=DIRECTION('',(0.,1.,0.));
#58=AXIS2_PLACEMENT_3D('',#55,#56,#57);
#59=PLANE('',#58);
#60=CARTESIAN_POINT('',(-479.68,528.316543552,1283.132688591));
#61=VERTEX_POINT('',#60);
#62=CARTESIAN_POINT('',(-479.68,528.316543552,1303.894218249));
#63=VERTEX_POINT('',#62);
#64=CARTESIAN_POINT('',(-479.68,547.,1293.51345342));
#65=DIRECTION('',(-1.,0.,0.));
#66=DIRECTION('',(0.,0.,1.));
#67=AXIS2_PLACEMENT_3D('',#64,#65,#66);
#68=CIRCLE('',#67,21.373624477);
#69=EDGE_CURVE('',#61,#63,#68,.T.);
#70=ORIENTED_EDGE('',*,*,#69,.F.);
#71=CARTESIAN_POINT('',(-479.68,525.,1280.887279289));
#72=VERTEX_POINT('',#71);
#73=CARTESIAN_POINT('',(-479.68,525.,1280.887279289));
#74=DIRECTION('',(0.,0.82806723,0.560628809));
#75=VECTOR('',#74,4.005162177);
#76=LINE('',#73,#75);
#77=EDGE_CURVE('',#72,#61,#76,.T.);
#78=ORIENTED_EDGE('',*,*,#77,.F.);
#79=CARTESIAN_POINT('',(-479.68,525.,1275.197457885));
#80=VERTEX_POINT('',#79);
#81=CARTESIAN_POINT('',(-479.68,525.,1280.887279289));
#82=DIRECTION('',(0.,0.,-1.));
#83=VECTOR('',#82,5.689821404);
#84=LINE('',#81,#83);
#85=EDGE_CURVE('',#72,#80,#84,.T.);
#86=ORIENTED_EDGE('',*,*,#85,.T.);
#87=CARTESIAN_POINT('',(-479.68,519.7,1275.197457885));
#88=VERTEX_POINT('',#87);
#89=CARTESIAN_POINT('',(-479.68,525.,1275.197457885));
#90=DIRECTION('',(-0.,-1.,-0.));
#91=VECTOR('',#90,5.3);
#92=LINE('',#89,#91);
#93=EDGE_CURVE('',#80,#88,#92,.T.);
#94=ORIENTED_EDGE('',*,*,#93,.T.);
#95=CARTESIAN_POINT('',(-479.68,519.7,1309.947457885));
#96=VERTEX_POINT('',#95);
#97=CARTESIAN_POINT('',(-479.68,519.7,1275.197457885));
#98=DIRECTION('',(-0.,-0.,1.));
#99=VECTOR('',#98,34.75);
#100=LINE('',#97,#99);
#101=EDGE_CURVE('',#88,#96,#100,.T.);
#102=ORIENTED_EDGE('',*,*,#101,.T.);
#103=CARTESIAN_POINT('',(-479.68,525.,1309.947457885));
#104=VERTEX_POINT('',#103);
#105=CARTESIAN_POINT('',(-479.68,519.7,1309.947457885));
#106=DIRECTION('',(0.,1.,0.));
#107=VECTOR('',#106,5.3);
#108=LINE('',#105,#107);
#109=EDGE_CURVE('',#96,#104,#108,.T.);
#110=ORIENTED_EDGE('',*,*,#109,.T.);
#111=CARTESIAN_POINT('',(-479.68,525.,1306.139627552));
#112=VERTEX_POINT('',#111);
#113=CARTESIAN_POINT('',(-479.68,525.,1309.947457885));
#114=DIRECTION('',(0.,0.,-1.));
#115=VECTOR('',#114,3.807830333);
#116=LINE('',#113,#115);
#117=EDGE_CURVE('',#104,#112,#116,.T.);
#118=ORIENTED_EDGE('',*,*,#117,.T.);
#119=CARTESIAN_POINT('',(-479.68,525.,1306.139627552));
#120=DIRECTION('',(0.,0.82806723,-0.560628809));
#121=VECTOR('',#120,4.005162178);
#122=LINE('',#119,#121);
#123=EDGE_CURVE('',#112,#63,#122,.T.);
#124=ORIENTED_EDGE('',*,*,#123,.T.);
#125=EDGE_LOOP('',(#70,#78,#86,#94,#102,#110,#118,#124));
#126=FACE_BOUND('',#125,.T.);
#127=ADVANCED_FACE('',(#126),#59,.T.);
#128=CARTESIAN_POINT('',(-460.66,440.2,375.027457885));
#129=DIRECTION('',(-1.,0.,0.));
#130=DIRECTION('',(0.,1.,0.));
#131=AXIS2_PLACEMENT_3D('',#128,#129,#130);
#132=PLANE('',#131);
#133=CARTESIAN_POINT('',(-460.66,525.,1280.887279289));
#134=VERTEX_POINT('',#133);
#135=CARTESIAN_POINT('',(-460.66,528.316543552,1283.132688591));
#136=VERTEX_POINT('',#135);
#137=CARTESIAN_POINT('',(-460.66,525.,1280.887279289));
#138=DIRECTION('',(0.,0.828067231,0.560628809));
#139=VECTOR('',#138,4.005162177);
#140=LINE('',#137,#139);
#141=EDGE_CURVE('',#134,#136,#140,.T.);
#142=ORIENTED_EDGE('',*,*,#141,.T.);
#143=CARTESIAN_POINT('',(-460.66,528.316543552,1303.89421825));
#144=VERTEX_POINT('',#143);
#145=CARTESIAN_POINT('',(-460.66,547.,1293.51345342));
#146=DIRECTION('',(-1.,0.,0.));
#147=DIRECTION('',(0.,0.,1.));
#148=AXIS2_PLACEMENT_3D('',#145,#146,#147);
#149=CIRCLE('',#148,21.373624477);
#150=EDGE_CURVE('',#136,#144,#149,.T.);
#151=ORIENTED_EDGE('',*,*,#150,.T.);
#152=CARTESIAN_POINT('',(-460.66,525.,1306.139627552));
#153=VERTEX_POINT('',#152);
#154=CARTESIAN_POINT('',(-460.66,525.,1306.139627552));
#155=DIRECTION('',(0.,0.82806723,-0.560628809));
#156=VECTOR('',#155,4.005162178);
#157=LINE('',#154,#156);
#158=EDGE_CURVE('',#153,#144,#157,.T.);
#159=ORIENTED_EDGE('',*,*,#158,.F.);
#160=CARTESIAN_POINT('',(-460.66,525.,1310.307457885));
#161=VERTEX_POINT('',#160);
#162=CARTESIAN_POINT('',(-460.66,525.,1310.307457885));
#163=DIRECTION('',(0.,0.,-1.));
#164=VECTOR('',#163,4.167830333);
#165=LINE('',#162,#164);
#166=EDGE_CURVE('',#161,#153,#165,.T.);
#167=ORIENTED_EDGE('',*,*,#166,.F.);
#168=CARTESIAN_POINT('',(-460.66,519.7,1310.307457885));
#169=VERTEX_POINT('',#168);
#170=CARTESIAN_POINT('',(-460.66,525.,1310.307457885));
#171=DIRECTION('',(-0.,-1.,-0.));
#172=VECTOR('',#171,5.3);
#173=LINE('',#170,#172);
#174=EDGE_CURVE('',#161,#169,#173,.T.);
#175=ORIENTED_EDGE('',*,*,#174,.T.);
#176=CARTESIAN_POINT('',(-460.66,519.7,1275.197457885));
#177=VERTEX_POINT('',#176);
#178=CARTESIAN_POINT('',(-460.66,519.7,1275.197457885));
#179=DIRECTION('',(0.,0.,1.));
#180=VECTOR('',#179,35.11);
#181=LINE('',#178,#180);
#182=EDGE_CURVE('',#177,#169,#181,.T.);
#183=ORIENTED_EDGE('',*,*,#182,.F.);
#184=CARTESIAN_POINT('',(-460.66,525.,1275.197457885));
#185=VERTEX_POINT('',#184);
#186=CARTESIAN_POINT('',(-460.66,519.7,1275.197457885));
#187=DIRECTION('',(0.,1.,0.));
#188=VECTOR('',#187,5.3);
#189=LINE('',#186,#188);
#190=EDGE_CURVE('',#177,#185,#189,.T.);
#191=ORIENTED_EDGE('',*,*,#190,.T.);
#192=CARTESIAN_POINT('',(-460.66,525.,1280.887279289));
#193=DIRECTION('',(0.,0.,-1.));
#194=VECTOR('',#193,5.689821404);
#195=LINE('',#192,#194);
#196=EDGE_CURVE('',#134,#185,#195,.T.);
#197=ORIENTED_EDGE('',*,*,#196,.F.);
#198=EDGE_LOOP('',(#142,#151,#159,#167,#175,#183,#191,#197));
#199=FACE_BOUND('',#198,.T.);
#200=ADVANCED_FACE('',(#199),#132,.F.);
#201=CARTESIAN_POINT('',(-470.32,527.014,1275.542368587));
#202=DIRECTION('',(0.,-1.,0.));
#203=DIRECTION('',(0.,0.,-1.));
#204=AXIS2_PLACEMENT_3D('',#201,#202,#203);
#205=CYLINDRICAL_SURFACE('',#204,1.855);
#206=CARTESIAN_POINT('',(-470.32,521.82,1273.687368587));
#207=VERTEX_POINT('',#206);
#208=CARTESIAN_POINT('',(-470.32,525.,1273.687368587));
#209=VERTEX_POINT('',#208);
#210=CARTESIAN_POINT('',(-470.32,521.82,1273.687368587));
#211=DIRECTION('',(-0.,1.,-0.));
#212=VECTOR('',#211,3.18);
#213=LINE('',#210,#212);
#214=EDGE_CURVE('',#207,#209,#213,.T.);
#215=ORIENTED_EDGE('',*,*,#214,.F.);
#216=CARTESIAN_POINT('',(-470.32,521.82,1275.542368587));
#217=DIRECTION('',(-0.,1.,-0.));
#218=DIRECTION('',(0.,0.,-1.));
#219=AXIS2_PLACEMENT_3D('',#216,#217,#218);
#220=CIRCLE('',#219,1.855);
#221=EDGE_CURVE('',#207,#207,#220,.T.);
#222=ORIENTED_EDGE('',*,*,#221,.F.);
#223=ORIENTED_EDGE('',*,*,#214,.T.);
#224=CARTESIAN_POINT('',(-470.32,525.,1275.542368587));
#225=DIRECTION('',(0.,-1.,0.));
#226=DIRECTION('',(0.,0.,-1.));
#227=AXIS2_PLACEMENT_3D('',#224,#225,#226);
#228=CIRCLE('',#227,1.855);
#229=EDGE_CURVE('',#209,#209,#228,.T.);
#230=ORIENTED_EDGE('',*,*,#229,.F.);
#231=EDGE_LOOP('',(#215,#222,#223,#230));
#232=FACE_BOUND('',#231,.T.);
#233=ADVANCED_FACE('',(#232),#205,.F.);
#234=CARTESIAN_POINT('',(-476.68,526.890734087,1282.167368587));
#235=DIRECTION('',(0.,0.560628809,-0.82806723));
#236=DIRECTION('',(0.,0.82806723,0.560628809));
#237=AXIS2_PLACEMENT_3D('',#234,#235,#236);
#238=PLANE('',#237);
#239=ORIENTED_EDGE('',*,*,#77,.T.);
#240=CARTESIAN_POINT('',(-479.68,528.316543552,1283.132688591));
#241=DIRECTION('',(1.,0.,-0.));
#242=VECTOR('',#241,19.02);
#243=LINE('',#240,#242);
#244=EDGE_CURVE('',#61,#136,#243,.T.);
#245=ORIENTED_EDGE('',*,*,#244,.T.);
#246=ORIENTED_EDGE('',*,*,#141,.F.);
#247=CARTESIAN_POINT('',(-479.68,525.,1280.887279289));
#248=DIRECTION('',(1.,0.,-0.));
#249=VECTOR('',#248,19.02);
#250=LINE('',#247,#249);
#251=EDGE_CURVE('',#72,#134,#250,.T.);
#252=ORIENTED_EDGE('',*,*,#251,.F.);
#253=EDGE_LOOP('',(#239,#245,#246,#252));
#254=FACE_BOUND('',#253,.T.);
#255=ADVANCED_FACE('',(#254),#238,.T.);
#256=CARTESIAN_POINT('',(-476.68,525.,1278.831656976));
#257=DIRECTION('',(0.,-1.,0.));
#258=DIRECTION('',(0.,0.,-1.));
#259=AXIS2_PLACEMENT_3D('',#256,#257,#258);
#260=PLANE('',#259);
#261=ORIENTED_EDGE('',*,*,#229,.T.);
#262=EDGE_LOOP('',(#261));
#263=FACE_BOUND('',#262,.T.);
#264=ORIENTED_EDGE('',*,*,#196,.T.);
#265=CARTESIAN_POINT('',(-465.66,525.,1270.197457885));
#266=VERTEX_POINT('',#265);
#267=CARTESIAN_POINT('',(-465.66,525.,1275.197457885));
#268=DIRECTION('',(-0.,1.,-0.));
#269=DIRECTION('',(0.,0.,-1.));
#270=AXIS2_PLACEMENT_3D('',#267,#268,#269);
#271=CIRCLE('',#270,5.);
#272=EDGE_CURVE('',#185,#266,#271,.T.);
#273=ORIENTED_EDGE('',*,*,#272,.T.);
#274=CARTESIAN_POINT('',(-474.68,525.,1270.197457885));
#275=VERTEX_POINT('',#274);
#276=CARTESIAN_POINT('',(-474.68,525.,1270.197457885));
#277=DIRECTION('',(1.,0.,-0.));
#278=VECTOR('',#277,9.02);
#279=LINE('',#276,#278);
#280=EDGE_CURVE('',#275,#266,#279,.T.);
#281=ORIENTED_EDGE('',*,*,#280,.F.);
#282=CARTESIAN_POINT('',(-474.68,525.,1275.197457885));
#283=DIRECTION('',(0.,1.,0.));
#284=DIRECTION('',(0.,-0.,1.));
#285=AXIS2_PLACEMENT_3D('',#282,#283,#284);
#286=CIRCLE('',#285,5.);
#287=EDGE_CURVE('',#275,#80,#286,.T.);
#288=ORIENTED_EDGE('',*,*,#287,.T.);
#289=ORIENTED_EDGE('',*,*,#85,.F.);
#290=ORIENTED_EDGE('',*,*,#251,.T.);
#291=EDGE_LOOP('',(#264,#273,#281,#288,#289,#290));
#292=FACE_BOUND('',#291,.T.);
#293=ADVANCED_FACE('',(#263,#292),#260,.F.);
#294=CARTESIAN_POINT('',(-476.68,522.35,1270.197457885));
#295=DIRECTION('',(0.,0.,1.));
#296=DIRECTION('',(1.,0.,0.));
#297=AXIS2_PLACEMENT_3D('',#294,#295,#296);
#298=PLANE('',#297);
#299=ORIENTED_EDGE('',*,*,#280,.T.);
#300=CARTESIAN_POINT('',(-465.66,519.7,1270.197457885));
#301=VERTEX_POINT('',#300);
#302=CARTESIAN_POINT('',(-465.66,525.,1270.197457885));
#303=DIRECTION('',(-0.,-1.,-0.));
#304=VECTOR('',#303,5.3);
#305=LINE('',#302,#304);
#306=EDGE_CURVE('',#266,#301,#305,.T.);
#307=ORIENTED_EDGE('',*,*,#306,.T.);
#308=CARTESIAN_POINT('',(-474.68,519.7,1270.197457885));
#309=VERTEX_POINT('',#308);
#310=CARTESIAN_POINT('',(-474.68,519.7,1270.197457885));
#311=DIRECTION('',(1.,0.,-0.));
#312=VECTOR('',#311,9.02);
#313=LINE('',#310,#312);
#314=EDGE_CURVE('',#309,#301,#313,.T.);
#315=ORIENTED_EDGE('',*,*,#314,.F.);
#316=CARTESIAN_POINT('',(-474.68,519.7,1270.197457885));
#317=DIRECTION('',(0.,1.,0.));
#318=VECTOR('',#317,5.3);
#319=LINE('',#316,#318);
#320=EDGE_CURVE('',#309,#275,#319,.T.);
#321=ORIENTED_EDGE('',*,*,#320,.T.);
#322=EDGE_LOOP('',(#299,#307,#315,#321));
#323=FACE_BOUND('',#322,.T.);
#324=ADVANCED_FACE('',(#323),#298,.F.);
#325=CARTESIAN_POINT('',(-476.68,519.7,1293.252457885));
#326=DIRECTION('',(0.,1.,0.));
#327=DIRECTION('',(0.,0.,1.));
#328=AXIS2_PLACEMENT_3D('',#325,#326,#327);
#329=PLANE('',#328);
#330=CARTESIAN_POINT('',(-466.928,519.7,1275.542368587));
#331=VERTEX_POINT('',#330);
#332=CARTESIAN_POINT('',(-468.624,519.7,1278.479926757));
#333=VERTEX_POINT('',#332);
#334=CARTESIAN_POINT('',(-466.928,519.7,1275.542368587));
#335=DIRECTION('',(-0.5,-0.,0.866025404));
#336=VECTOR('',#335,3.392);
#337=LINE('',#334,#336);
#338=EDGE_CURVE('',#331,#333,#337,.T.);
#339=ORIENTED_EDGE('',*,*,#338,.F.);
#340=CARTESIAN_POINT('',(-468.624,519.7,1272.604810417));
#341=VERTEX_POINT('',#340);
#342=CARTESIAN_POINT('',(-468.624,519.7,1272.604810417));
#343=DIRECTION('',(0.5,-0.,0.866025404));
#344=VECTOR('',#343,3.392);
#345=LINE('',#342,#344);
#346=EDGE_CURVE('',#341,#331,#345,.T.);
#347=ORIENTED_EDGE('',*,*,#346,.F.);
#348=CARTESIAN_POINT('',(-472.016,519.7,1272.604810417));
#349=VERTEX_POINT('',#348);
#350=CARTESIAN_POINT('',(-472.016,519.7,1272.604810417));
#351=DIRECTION('',(1.,-0.,-0.));
#352=VECTOR('',#351,3.392);
#353=LINE('',#350,#352);
#354=EDGE_CURVE('',#349,#341,#353,.T.);
#355=ORIENTED_EDGE('',*,*,#354,.F.);
#356=CARTESIAN_POINT('',(-473.712,519.7,1275.542368587));
#357=VERTEX_POINT('',#356);
#358=CARTESIAN_POINT('',(-473.712,519.7,1275.542368587));
#359=DIRECTION('',(0.5,-0.,-0.866025404));
#360=VECTOR('',#359,3.392);
#361=LINE('',#358,#360);
#362=EDGE_CURVE('',#357,#349,#361,.T.);
#363=ORIENTED_EDGE('',*,*,#362,.F.);
#364=CARTESIAN_POINT('',(-472.016,519.7,1278.479926757));
#365=VERTEX_POINT('',#364);
#366=CARTESIAN_POINT('',(-472.016,519.7,1278.479926757));
#367=DIRECTION('',(-0.5,-0.,-0.866025404));
#368=VECTOR('',#367,3.392);
#369=LINE('',#366,#368);
#370=EDGE_CURVE('',#365,#357,#369,.T.);
#371=ORIENTED_EDGE('',*,*,#370,.F.);
#372=CARTESIAN_POINT('',(-468.624,519.7,1278.479926757));
#373=DIRECTION('',(-1.,-0.,0.));
#374=VECTOR('',#373,3.392);
#375=LINE('',#372,#374);
#376=EDGE_CURVE('',#333,#365,#375,.T.);
#377=ORIENTED_EDGE('',*,*,#376,.F.);
#378=EDGE_LOOP('',(#339,#347,#355,#363,#371,#377));
#379=FACE_BOUND('',#378,.T.);
#380=ORIENTED_EDGE('',*,*,#314,.T.);
#381=CARTESIAN_POINT('',(-465.66,519.7,1275.197457885));
#382=DIRECTION('',(0.,-1.,0.));
#383=DIRECTION('',(0.,0.,-1.));
#384=AXIS2_PLACEMENT_3D('',#381,#382,#383);
#385=CIRCLE('',#384,5.);
#386=EDGE_CURVE('',#301,#177,#385,.T.);
#387=ORIENTED_EDGE('',*,*,#386,.T.);
#388=ORIENTED_EDGE('',*,*,#182,.T.);
#389=CARTESIAN_POINT('',(-466.66,519.7,1316.307457885));
#390=VERTEX_POINT('',#389);
#391=CARTESIAN_POINT('',(-466.66,519.7,1310.307457885));
#392=DIRECTION('',(-0.,-1.,-0.));
#393=DIRECTION('',(0.,-0.,1.));
#394=AXIS2_PLACEMENT_3D('',#391,#392,#393);
#395=CIRCLE('',#394,6.);
#396=EDGE_CURVE('',#169,#390,#395,.T.);
#397=ORIENTED_EDGE('',*,*,#396,.T.);
#398=CARTESIAN_POINT('',(-473.32,519.7,1316.307457885));
#399=VERTEX_POINT('',#398);
#400=CARTESIAN_POINT('',(-473.32,519.7,1316.307457885));
#401=DIRECTION('',(1.,-0.,-0.));
#402=VECTOR('',#401,6.66);
#403=LINE('',#400,#402);
#404=EDGE_CURVE('',#399,#390,#403,.T.);
#405=ORIENTED_EDGE('',*,*,#404,.F.);
#406=CARTESIAN_POINT('',(-473.32,519.7,1309.947457885));
#407=DIRECTION('',(0.,-1.,0.));
#408=DIRECTION('',(0.,0.,-1.));
#409=AXIS2_PLACEMENT_3D('',#406,#407,#408);
#410=CIRCLE('',#409,6.36);
#411=EDGE_CURVE('',#399,#96,#410,.T.);
#412=ORIENTED_EDGE('',*,*,#411,.T.);
#413=ORIENTED_EDGE('',*,*,#101,.F.);
#414=CARTESIAN_POINT('',(-474.68,519.7,1275.197457885));
#415=DIRECTION('',(-0.,-1.,-0.));
#416=DIRECTION('',(0.,-0.,1.));
#417=AXIS2_PLACEMENT_3D('',#414,#415,#416);
#418=CIRCLE('',#417,5.);
#419=EDGE_CURVE('',#88,#309,#418,.T.);
#420=ORIENTED_EDGE('',*,*,#419,.T.);
#421=EDGE_LOOP('',(#380,#387,#388,#397,#405,#412,#413,#420));
#422=FACE_BOUND('',#421,.T.);
#423=CARTESIAN_POINT('',(-466.928,519.7,1309.163542719));
#424=VERTEX_POINT('',#423);
#425=CARTESIAN_POINT('',(-468.624,519.7,1312.101100888));
#426=VERTEX_POINT('',#425);
#427=CARTESIAN_POINT('',(-466.928,519.7,1309.163542719));
#428=DIRECTION('',(-0.5,-0.,0.866025404));
#429=VECTOR('',#428,3.391999999);
#430=LINE('',#427,#429);
#431=EDGE_CURVE('',#424,#426,#430,.T.);
#432=ORIENTED_EDGE('',*,*,#431,.F.);
#433=CARTESIAN_POINT('',(-468.624,519.7,1306.225984549));
#434=VERTEX_POINT('',#433);
#435=CARTESIAN_POINT('',(-468.624,519.7,1306.225984549));
#436=DIRECTION('',(0.5,-0.,0.866025404));
#437=VECTOR('',#436,3.392);
#438=LINE('',#435,#437);
#439=EDGE_CURVE('',#434,#424,#438,.T.);
#440=ORIENTED_EDGE('',*,*,#439,.F.);
#441=CARTESIAN_POINT('',(-472.016,519.7,1306.225984549));
#442=VERTEX_POINT('',#441);
#443=CARTESIAN_POINT('',(-472.016,519.7,1306.225984549));
#444=DIRECTION('',(1.,-0.,-0.));
#445=VECTOR('',#444,3.392);
#446=LINE('',#443,#445);
#447=EDGE_CURVE('',#442,#434,#446,.T.);
#448=ORIENTED_EDGE('',*,*,#447,.F.);
#449=CARTESIAN_POINT('',(-473.712,519.7,1309.163542719));
#450=VERTEX_POINT('',#449);
#451=CARTESIAN_POINT('',(-473.712,519.7,1309.163542719));
#452=DIRECTION('',(0.5,-0.,-0.866025404));
#453=VECTOR('',#452,3.392);
#454=LINE('',#451,#453);
#455=EDGE_CURVE('',#450,#442,#454,.T.);
#456=ORIENTED_EDGE('',*,*,#455,.F.);
#457=CARTESIAN_POINT('',(-472.016000001,519.7,1312.101100888));
#458=VERTEX_POINT('',#457);
#459=CARTESIAN_POINT('',(-472.016000001,519.7,1312.101100888));
#460=DIRECTION('',(-0.5,-0.,-0.866025404));
#461=VECTOR('',#460,3.391999999);
#462=LINE('',#459,#461);
#463=EDGE_CURVE('',#458,#450,#462,.T.);
#464=ORIENTED_EDGE('',*,*,#463,.F.);
#465=CARTESIAN_POINT('',(-468.624,519.7,1312.101100888));
#466=DIRECTION('',(-1.,-0.,0.));
#467=VECTOR('',#466,3.392000001);
#468=LINE('',#465,#467);
#469=EDGE_CURVE('',#426,#458,#468,.T.);
#470=ORIENTED_EDGE('',*,*,#469,.F.);
#471=EDGE_LOOP('',(#432,#440,#448,#456,#464,#470));
#472=FACE_BOUND('',#471,.T.);
#473=ADVANCED_FACE('',(#379,#422,#472),#329,.F.);
#474=CARTESIAN_POINT('',(-467.776,521.82,1274.073589502));
#475=DIRECTION('',(0.866025404,0.,-0.5));
#476=DIRECTION('',(-0.5,0.,-0.866025404));
#477=AXIS2_PLACEMENT_3D('',#474,#475,#476);
#478=PLANE('',#477);
#479=ORIENTED_EDGE('',*,*,#346,.T.);
#480=CARTESIAN_POINT('',(-466.928,521.82,1275.542368587));
#481=VERTEX_POINT('',#480);
#482=CARTESIAN_POINT('',(-466.928,521.82,1275.542368587));
#483=DIRECTION('',(-0.,-1.,-0.));
#484=VECTOR('',#483,2.12);
#485=LINE('',#482,#484);
#486=EDGE_CURVE('',#481,#331,#485,.T.);
#487=ORIENTED_EDGE('',*,*,#486,.F.);
#488=CARTESIAN_POINT('',(-468.624,521.82,1272.604810417));
#489=VERTEX_POINT('',#488);
#490=CARTESIAN_POINT('',(-468.624,521.82,1272.604810417));
#491=DIRECTION('',(0.5,0.,0.866025404));
#492=VECTOR('',#491,3.392);
#493=LINE('',#490,#492);
#494=EDGE_CURVE('',#489,#481,#493,.T.);
#495=ORIENTED_EDGE('',*,*,#494,.F.);
#496=CARTESIAN_POINT('',(-468.624,521.82,1272.604810417));
#497=DIRECTION('',(-0.,-1.,-0.));
#498=VECTOR('',#497,2.12);
#499=LINE('',#496,#498);
#500=EDGE_CURVE('',#489,#341,#499,.T.);
#501=ORIENTED_EDGE('',*,*,#500,.T.);
#502=EDGE_LOOP('',(#479,#487,#495,#501));
#503=FACE_BOUND('',#502,.T.);
#504=ADVANCED_FACE('',(#503),#478,.F.);
#505=CARTESIAN_POINT('',(-467.776,521.82,1277.011147672));
#506=DIRECTION('',(0.866025404,0.,0.5));
#507=DIRECTION('',(0.5,0.,-0.866025404));
#508=AXIS2_PLACEMENT_3D('',#505,#506,#507);
#509=PLANE('',#508);
#510=ORIENTED_EDGE('',*,*,#338,.T.);
#511=CARTESIAN_POINT('',(-468.624,521.82,1278.479926757));
#512=VERTEX_POINT('',#511);
#513=CARTESIAN_POINT('',(-468.624,521.82,1278.479926757));
#514=DIRECTION('',(-0.,-1.,-0.));
#515=VECTOR('',#514,2.12);
#516=LINE('',#513,#515);
#517=EDGE_CURVE('',#512,#333,#516,.T.);
#518=ORIENTED_EDGE('',*,*,#517,.F.);
#519=CARTESIAN_POINT('',(-466.928,521.82,1275.542368587));
#520=DIRECTION('',(-0.5,0.,0.866025404));
#521=VECTOR('',#520,3.392);
#522=LINE('',#519,#521);
#523=EDGE_CURVE('',#481,#512,#522,.T.);
#524=ORIENTED_EDGE('',*,*,#523,.F.);
#525=ORIENTED_EDGE('',*,*,#486,.T.);
#526=EDGE_LOOP('',(#510,#518,#524,#525));
#527=FACE_BOUND('',#526,.T.);
#528=ADVANCED_FACE('',(#527),#509,.F.);
#529=CARTESIAN_POINT('',(-470.32,521.82,1278.479926757));
#530=DIRECTION('',(0.,0.,1.));
#531=DIRECTION('',(1.,0.,0.));
#532=AXIS2_PLACEMENT_3D('',#529,#530,#531);
#533=PLANE('',#532);
#534=ORIENTED_EDGE('',*,*,#376,.T.);
#535=CARTESIAN_POINT('',(-472.016,521.82,1278.479926757));
#536=VERTEX_POINT('',#535);
#537=CARTESIAN_POINT('',(-472.016,521.82,1278.479926757));
#538=DIRECTION('',(-0.,-1.,-0.));
#539=VECTOR('',#538,2.12);
#540=LINE('',#537,#539);
#541=EDGE_CURVE('',#536,#365,#540,.T.);
#542=ORIENTED_EDGE('',*,*,#541,.F.);
#543=CARTESIAN_POINT('',(-468.624,521.82,1278.479926757));
#544=DIRECTION('',(-1.,-0.,0.));
#545=VECTOR('',#544,3.392);
#546=LINE('',#543,#545);
#547=EDGE_CURVE('',#512,#536,#546,.T.);
#548=ORIENTED_EDGE('',*,*,#547,.F.);
#549=ORIENTED_EDGE('',*,*,#517,.T.);
#550=EDGE_LOOP('',(#534,#542,#548,#549));
#551=FACE_BOUND('',#550,.T.);
#552=ADVANCED_FACE('',(#551),#533,.F.);
#553=CARTESIAN_POINT('',(-472.864,521.82,1277.011147672));
#554=DIRECTION('',(-0.866025404,0.,0.5));
#555=DIRECTION('',(0.5,0.,0.866025404));
#556=AXIS2_PLACEMENT_3D('',#553,#554,#555);
#557=PLANE('',#556);
#558=ORIENTED_EDGE('',*,*,#370,.T.);
#559=CARTESIAN_POINT('',(-473.712,521.82,1275.542368587));
#560=VERTEX_POINT('',#559);
#561=CARTESIAN_POINT('',(-473.712,521.82,1275.542368587));
#562=DIRECTION('',(-0.,-1.,-0.));
#563=VECTOR('',#562,2.12);
#564=LINE('',#561,#563);
#565=EDGE_CURVE('',#560,#357,#564,.T.);
#566=ORIENTED_EDGE('',*,*,#565,.F.);
#567=CARTESIAN_POINT('',(-472.016,521.82,1278.479926757));
#568=DIRECTION('',(-0.5,0.,-0.866025404));
#569=VECTOR('',#568,3.392);
#570=LINE('',#567,#569);
#571=EDGE_CURVE('',#536,#560,#570,.T.);
#572=ORIENTED_EDGE('',*,*,#571,.F.);
#573=ORIENTED_EDGE('',*,*,#541,.T.);
#574=EDGE_LOOP('',(#558,#566,#572,#573));
#575=FACE_BOUND('',#574,.T.);
#576=ADVANCED_FACE('',(#575),#557,.F.);
#577=CARTESIAN_POINT('',(-472.864,521.82,1274.073589502));
#578=DIRECTION('',(-0.866025404,0.,-0.5));
#579=DIRECTION('',(-0.5,0.,0.866025404));
#580=AXIS2_PLACEMENT_3D('',#577,#578,#579);
#581=PLANE('',#580);
#582=ORIENTED_EDGE('',*,*,#362,.T.);
#583=CARTESIAN_POINT('',(-472.016,521.82,1272.604810417));
#584=VERTEX_POINT('',#583);
#585=CARTESIAN_POINT('',(-472.016,521.82,1272.604810417));
#586=DIRECTION('',(-0.,-1.,-0.));
#587=VECTOR('',#586,2.12);
#588=LINE('',#585,#587);
#589=EDGE_CURVE('',#584,#349,#588,.T.);
#590=ORIENTED_EDGE('',*,*,#589,.F.);
#591=CARTESIAN_POINT('',(-473.712,521.82,1275.542368587));
#592=DIRECTION('',(0.5,0.,-0.866025404));
#593=VECTOR('',#592,3.392);
#594=LINE('',#591,#593);
#595=EDGE_CURVE('',#560,#584,#594,.T.);
#596=ORIENTED_EDGE('',*,*,#595,.F.);
#597=ORIENTED_EDGE('',*,*,#565,.T.);
#598=EDGE_LOOP('',(#582,#590,#596,#597));
#599=FACE_BOUND('',#598,.T.);
#600=ADVANCED_FACE('',(#599),#581,.F.);
#601=CARTESIAN_POINT('',(-470.32,521.82,1272.604810417));
#602=DIRECTION('',(0.,0.,-1.));
#603=DIRECTION('',(-1.,0.,0.));
#604=AXIS2_PLACEMENT_3D('',#601,#602,#603);
#605=PLANE('',#604);
#606=ORIENTED_EDGE('',*,*,#354,.T.);
#607=ORIENTED_EDGE('',*,*,#500,.F.);
#608=CARTESIAN_POINT('',(-472.016,521.82,1272.604810417));
#609=DIRECTION('',(1.,0.,-0.));
#610=VECTOR('',#609,3.392);
#611=LINE('',#608,#610);
#612=EDGE_CURVE('',#584,#489,#611,.T.);
#613=ORIENTED_EDGE('',*,*,#612,.F.);
#614=ORIENTED_EDGE('',*,*,#589,.T.);
#615=EDGE_LOOP('',(#606,#607,#613,#614));
#616=FACE_BOUND('',#615,.T.);
#617=ADVANCED_FACE('',(#616),#605,.F.);
#618=CARTESIAN_POINT('',(-97.2,521.82,375.027457885));
#619=DIRECTION('',(0.,-1.,0.));
#620=DIRECTION('',(1.,0.,0.));
#621=AXIS2_PLACEMENT_3D('',#618,#619,#620);
#622=PLANE('',#621);
#623=ORIENTED_EDGE('',*,*,#494,.T.);
#624=ORIENTED_EDGE('',*,*,#523,.T.);
#625=ORIENTED_EDGE('',*,*,#547,.T.);
#626=ORIENTED_EDGE('',*,*,#571,.T.);
#627=ORIENTED_EDGE('',*,*,#595,.T.);
#628=ORIENTED_EDGE('',*,*,#612,.T.);
#629=EDGE_LOOP('',(#623,#624,#625,#626,#627,#628));
#630=FACE_BOUND('',#629,.T.);
#631=ORIENTED_EDGE('',*,*,#221,.T.);
#632=EDGE_LOOP('',(#631));
#633=FACE_BOUND('',#632,.T.);
#634=ADVANCED_FACE('',(#630,#633),#622,.T.);
#635=CARTESIAN_POINT('',(-97.2,521.82,373.027457885));
#636=DIRECTION('',(0.,-1.,0.));
#637=DIRECTION('',(1.,0.,0.));
#638=AXIS2_PLACEMENT_3D('',#635,#636,#637);
#639=PLANE('',#638);
#640=CARTESIAN_POINT('',(-468.624,521.82,1306.225984549));
#641=VERTEX_POINT('',#640);
#642=CARTESIAN_POINT('',(-466.928,521.82,1309.163542719));
#643=VERTEX_POINT('',#642);
#644=CARTESIAN_POINT('',(-468.624,521.82,1306.225984549));
#645=DIRECTION('',(0.5,0.,0.866025404));
#646=VECTOR('',#645,3.392);
#647=LINE('',#644,#646);
#648=EDGE_CURVE('',#641,#643,#647,.T.);
#649=ORIENTED_EDGE('',*,*,#648,.T.);
#650=CARTESIAN_POINT('',(-468.624,521.82,1312.101100888));
#651=VERTEX_POINT('',#650);
#652=CARTESIAN_POINT('',(-466.928,521.82,1309.163542719));
#653=DIRECTION('',(-0.5,0.,0.866025404));
#654=VECTOR('',#653,3.391999999);
#655=LINE('',#652,#654);
#656=EDGE_CURVE('',#643,#651,#655,.T.);
#657=ORIENTED_EDGE('',*,*,#656,.T.);
#658=CARTESIAN_POINT('',(-472.016,521.82,1312.101100888));
#659=VERTEX_POINT('',#658);
#660=CARTESIAN_POINT('',(-468.624,521.82,1312.101100888));
#661=DIRECTION('',(-1.,-0.,0.));
#662=VECTOR('',#661,3.392);
#663=LINE('',#660,#662);
#664=EDGE_CURVE('',#651,#659,#663,.T.);
#665=ORIENTED_EDGE('',*,*,#664,.T.);
#666=CARTESIAN_POINT('',(-473.712,521.82,1309.163542719));
#667=VERTEX_POINT('',#666);
#668=CARTESIAN_POINT('',(-472.016,521.82,1312.101100888));
#669=DIRECTION('',(-0.5,0.,-0.866025404));
#670=VECTOR('',#669,3.391999999);
#671=LINE('',#668,#670);
#672=EDGE_CURVE('',#659,#667,#671,.T.);
#673=ORIENTED_EDGE('',*,*,#672,.T.);
#674=CARTESIAN_POINT('',(-472.016,521.82,1306.225984549));
#675=VERTEX_POINT('',#674);
#676=CARTESIAN_POINT('',(-473.712,521.82,1309.163542719));
#677=DIRECTION('',(0.5,0.,-0.866025404));
#678=VECTOR('',#677,3.392);
#679=LINE('',#676,#678);
#680=EDGE_CURVE('',#667,#675,#679,.T.);
#681=ORIENTED_EDGE('',*,*,#680,.T.);
#682=CARTESIAN_POINT('',(-472.016,521.82,1306.225984549));
#683=DIRECTION('',(1.,0.,-0.));
#684=VECTOR('',#683,3.392);
#685=LINE('',#682,#684);
#686=EDGE_CURVE('',#675,#641,#685,.T.);
#687=ORIENTED_EDGE('',*,*,#686,.T.);
#688=EDGE_LOOP('',(#649,#657,#665,#673,#681,#687));
#689=FACE_BOUND('',#688,.T.);
#690=CARTESIAN_POINT('',(-470.32,521.82,1307.308542719));
#691=VERTEX_POINT('',#690);
#692=CARTESIAN_POINT('',(-470.32,521.82,1309.163542719));
#693=DIRECTION('',(-0.,1.,-0.));
#694=DIRECTION('',(0.,0.,-1.));
#695=AXIS2_PLACEMENT_3D('',#692,#693,#694);
#696=CIRCLE('',#695,1.855);
#697=EDGE_CURVE('',#691,#691,#696,.T.);
#698=ORIENTED_EDGE('',*,*,#697,.T.);
#699=EDGE_LOOP('',(#698));
#700=FACE_BOUND('',#699,.T.);
#701=ADVANCED_FACE('',(#689,#700),#639,.T.);
#702=CARTESIAN_POINT('',(-470.32,527.014,1309.163542719));
#703=DIRECTION('',(0.,-1.,0.));
#704=DIRECTION('',(0.,0.,-1.));
#705=AXIS2_PLACEMENT_3D('',#702,#703,#704);
#706=CYLINDRICAL_SURFACE('',#705,1.855);
#707=CARTESIAN_POINT('',(-470.32,525.,1307.308542719));
#708=VERTEX_POINT('',#707);
#709=CARTESIAN_POINT('',(-470.32,521.82,1307.308542719));
#710=DIRECTION('',(-0.,1.,-0.));
#711=VECTOR('',#710,3.18);
#712=LINE('',#709,#711);
#713=EDGE_CURVE('',#691,#708,#712,.T.);
#714=ORIENTED_EDGE('',*,*,#713,.F.);
#715=ORIENTED_EDGE('',*,*,#697,.F.);
#716=ORIENTED_EDGE('',*,*,#713,.T.);
#717=CARTESIAN_POINT('',(-470.32,525.,1309.163542719));
#718=DIRECTION('',(0.,-1.,0.));
#719=DIRECTION('',(0.,0.,-1.));
#720=AXIS2_PLACEMENT_3D('',#717,#718,#719);
#721=CIRCLE('',#720,1.855);
#722=EDGE_CURVE('',#708,#708,#721,.T.);
#723=ORIENTED_EDGE('',*,*,#722,.F.);
#724=EDGE_LOOP('',(#714,#715,#716,#723));
#725=FACE_BOUND('',#724,.T.);
#726=ADVANCED_FACE('',(#725),#706,.F.);
#727=CARTESIAN_POINT('',(-470.32,521.82,1312.101100888));
#728=DIRECTION('',(0.,0.,1.));
#729=DIRECTION('',(1.,0.,0.));
#730=AXIS2_PLACEMENT_3D('',#727,#728,#729);
#731=PLANE('',#730);
#732=ORIENTED_EDGE('',*,*,#469,.T.);
#733=CARTESIAN_POINT('',(-472.016000001,521.82,1312.101100888));
#734=DIRECTION('',(-0.,-1.,-0.));
#735=VECTOR('',#734,2.12);
#736=LINE('',#733,#735);
#737=EDGE_CURVE('',#659,#458,#736,.T.);
#738=ORIENTED_EDGE('',*,*,#737,.F.);
#739=ORIENTED_EDGE('',*,*,#664,.F.);
#740=CARTESIAN_POINT('',(-468.624,521.82,1312.101100888));
#741=DIRECTION('',(-0.,-1.,-0.));
#742=VECTOR('',#741,2.12);
#743=LINE('',#740,#742);
#744=EDGE_CURVE('',#651,#426,#743,.T.);
#745=ORIENTED_EDGE('',*,*,#744,.T.);
#746=EDGE_LOOP('',(#732,#738,#739,#745));
#747=FACE_BOUND('',#746,.T.);
#748=ADVANCED_FACE('',(#747),#731,.F.);
#749=CARTESIAN_POINT('',(-472.864,521.82,1310.632321804));
#750=DIRECTION('',(-0.866025404,0.,0.5));
#751=DIRECTION('',(0.5,0.,0.866025404));
#752=AXIS2_PLACEMENT_3D('',#749,#750,#751);
#753=PLANE('',#752);
#754=ORIENTED_EDGE('',*,*,#463,.T.);
#755=CARTESIAN_POINT('',(-473.712,521.82,1309.163542719));
#756=DIRECTION('',(-0.,-1.,-0.));
#757=VECTOR('',#756,2.12);
#758=LINE('',#755,#757);
#759=EDGE_CURVE('',#667,#450,#758,.T.);
#760=ORIENTED_EDGE('',*,*,#759,.F.);
#761=ORIENTED_EDGE('',*,*,#672,.F.);
#762=ORIENTED_EDGE('',*,*,#737,.T.);
#763=EDGE_LOOP('',(#754,#760,#761,#762));
#764=FACE_BOUND('',#763,.T.);
#765=ADVANCED_FACE('',(#764),#753,.F.);
#766=CARTESIAN_POINT('',(-472.864,521.82,1307.694763634));
#767=DIRECTION('',(-0.866025404,0.,-0.5));
#768=DIRECTION('',(-0.5,0.,0.866025404));
#769=AXIS2_PLACEMENT_3D('',#766,#767,#768);
#770=PLANE('',#769);
#771=ORIENTED_EDGE('',*,*,#455,.T.);
#772=CARTESIAN_POINT('',(-472.016,521.82,1306.225984549));
#773=DIRECTION('',(-0.,-1.,-0.));
#774=VECTOR('',#773,2.12);
#775=LINE('',#772,#774);
#776=EDGE_CURVE('',#675,#442,#775,.T.);
#777=ORIENTED_EDGE('',*,*,#776,.F.);
#778=ORIENTED_EDGE('',*,*,#680,.F.);
#779=ORIENTED_EDGE('',*,*,#759,.T.);
#780=EDGE_LOOP('',(#771,#777,#778,#779));
#781=FACE_BOUND('',#780,.T.);
#782=ADVANCED_FACE('',(#781),#770,.F.);
#783=CARTESIAN_POINT('',(-470.32,521.82,1306.225984549));
#784=DIRECTION('',(0.,0.,-1.));
#785=DIRECTION('',(-1.,0.,0.));
#786=AXIS2_PLACEMENT_3D('',#783,#784,#785);
#787=PLANE('',#786);
#788=ORIENTED_EDGE('',*,*,#447,.T.);
#789=CARTESIAN_POINT('',(-468.624,521.82,1306.225984549));
#790=DIRECTION('',(-0.,-1.,-0.));
#791=VECTOR('',#790,2.12);
#792=LINE('',#789,#791);
#793=EDGE_CURVE('',#641,#434,#792,.T.);
#794=ORIENTED_EDGE('',*,*,#793,.F.);
#795=ORIENTED_EDGE('',*,*,#686,.F.);
#796=ORIENTED_EDGE('',*,*,#776,.T.);
#797=EDGE_LOOP('',(#788,#794,#795,#796));
#798=FACE_BOUND('',#797,.T.);
#799=ADVANCED_FACE('',(#798),#787,.F.);
#800=CARTESIAN_POINT('',(-467.776,521.82,1307.694763634));
#801=DIRECTION('',(0.866025404,0.,-0.5));
#802=DIRECTION('',(-0.5,0.,-0.866025404));
#803=AXIS2_PLACEMENT_3D('',#800,#801,#802);
#804=PLANE('',#803);
#805=ORIENTED_EDGE('',*,*,#439,.T.);
#806=CARTESIAN_POINT('',(-466.928,521.82,1309.163542719));
#807=DIRECTION('',(-0.,-1.,-0.));
#808=VECTOR('',#807,2.12);
#809=LINE('',#806,#808);
#810=EDGE_CURVE('',#643,#424,#809,.T.);
#811=ORIENTED_EDGE('',*,*,#810,.F.);
#812=ORIENTED_EDGE('',*,*,#648,.F.);
#813=ORIENTED_EDGE('',*,*,#793,.T.);
#814=EDGE_LOOP('',(#805,#811,#812,#813));
#815=FACE_BOUND('',#814,.T.);
#816=ADVANCED_FACE('',(#815),#804,.F.);
#817=CARTESIAN_POINT('',(-467.776,521.82,1310.632321804));
#818=DIRECTION('',(0.866025404,0.,0.5));
#819=DIRECTION('',(0.5,0.,-0.866025404));
#820=AXIS2_PLACEMENT_3D('',#817,#818,#819);
#821=PLANE('',#820);
#822=ORIENTED_EDGE('',*,*,#431,.T.);
#823=ORIENTED_EDGE('',*,*,#744,.F.);
#824=ORIENTED_EDGE('',*,*,#656,.F.);
#825=ORIENTED_EDGE('',*,*,#810,.T.);
#826=EDGE_LOOP('',(#822,#823,#824,#825));
#827=FACE_BOUND('',#826,.T.);
#828=ADVANCED_FACE('',(#827),#821,.F.);
#829=CARTESIAN_POINT('',(-473.32,440.2,1309.947457885));
#830=DIRECTION('',(0.,-1.,0.));
#831=DIRECTION('',(0.,0.,-1.));
#832=AXIS2_PLACEMENT_3D('',#829,#830,#831);
#833=CYLINDRICAL_SURFACE('',#832,6.36);
#834=ORIENTED_EDGE('',*,*,#411,.F.);
#835=CARTESIAN_POINT('',(-473.32,525.,1316.307457885));
#836=VERTEX_POINT('',#835);
#837=CARTESIAN_POINT('',(-473.32,525.,1316.307457885));
#838=DIRECTION('',(-0.,-1.,-0.));
#839=VECTOR('',#838,5.3);
#840=LINE('',#837,#839);
#841=EDGE_CURVE('',#836,#399,#840,.T.);
#842=ORIENTED_EDGE('',*,*,#841,.F.);
#843=CARTESIAN_POINT('',(-473.32,525.,1309.947457885));
#844=DIRECTION('',(-0.,1.,-0.));
#845=DIRECTION('',(0.,0.,-1.));
#846=AXIS2_PLACEMENT_3D('',#843,#844,#845);
#847=CIRCLE('',#846,6.36);
#848=EDGE_CURVE('',#104,#836,#847,.T.);
#849=ORIENTED_EDGE('',*,*,#848,.F.);
#850=ORIENTED_EDGE('',*,*,#109,.F.);
#851=EDGE_LOOP('',(#834,#842,#849,#850));
#852=FACE_BOUND('',#851,.T.);
#853=ADVANCED_FACE('',(#852),#833,.T.);
#854=CARTESIAN_POINT('',(-476.68,522.35,1316.307457885));
#855=DIRECTION('',(0.,0.,-1.));
#856=DIRECTION('',(-1.,0.,0.));
#857=AXIS2_PLACEMENT_3D('',#854,#855,#856);
#858=PLANE('',#857);
#859=ORIENTED_EDGE('',*,*,#404,.T.);
#860=CARTESIAN_POINT('',(-466.66,525.,1316.307457885));
#861=VERTEX_POINT('',#860);
#862=CARTESIAN_POINT('',(-466.66,519.7,1316.307457885));
#863=DIRECTION('',(0.,1.,0.));
#864=VECTOR('',#863,5.3);
#865=LINE('',#862,#864);
#866=EDGE_CURVE('',#390,#861,#865,.T.);
#867=ORIENTED_EDGE('',*,*,#866,.T.);
#868=CARTESIAN_POINT('',(-473.32,525.,1316.307457885));
#869=DIRECTION('',(1.,0.,-0.));
#870=VECTOR('',#869,6.66);
#871=LINE('',#868,#870);
#872=EDGE_CURVE('',#836,#861,#871,.T.);
#873=ORIENTED_EDGE('',*,*,#872,.F.);
#874=ORIENTED_EDGE('',*,*,#841,.T.);
#875=EDGE_LOOP('',(#859,#867,#873,#874));
#876=FACE_BOUND('',#875,.T.);
#877=ADVANCED_FACE('',(#876),#858,.F.);
#878=CARTESIAN_POINT('',(-476.68,525.,1307.065937833));
#879=DIRECTION('',(0.,-1.,0.));
#880=DIRECTION('',(0.,0.,-1.));
#881=AXIS2_PLACEMENT_3D('',#878,#879,#880);
#882=PLANE('',#881);
#883=ORIENTED_EDGE('',*,*,#722,.T.);
#884=EDGE_LOOP('',(#883));
#885=FACE_BOUND('',#884,.T.);
#886=ORIENTED_EDGE('',*,*,#872,.T.);
#887=CARTESIAN_POINT('',(-466.66,525.,1310.307457885));
#888=DIRECTION('',(0.,1.,0.));
#889=DIRECTION('',(0.,-0.,1.));
#890=AXIS2_PLACEMENT_3D('',#887,#888,#889);
#891=CIRCLE('',#890,6.);
#892=EDGE_CURVE('',#861,#161,#891,.T.);
#893=ORIENTED_EDGE('',*,*,#892,.T.);
#894=ORIENTED_EDGE('',*,*,#166,.T.);
#895=CARTESIAN_POINT('',(-479.68,525.,1306.139627552));
#896=DIRECTION('',(1.,0.,-0.));
#897=VECTOR('',#896,19.02);
#898=LINE('',#895,#897);
#899=EDGE_CURVE('',#112,#153,#898,.T.);
#900=ORIENTED_EDGE('',*,*,#899,.F.);
#901=ORIENTED_EDGE('',*,*,#117,.F.);
#902=ORIENTED_EDGE('',*,*,#848,.T.);
#903=EDGE_LOOP('',(#886,#893,#894,#900,#901,#902));
#904=FACE_BOUND('',#903,.T.);
#905=ADVANCED_FACE('',(#885,#904),#882,.F.);
#906=CARTESIAN_POINT('',(-476.68,526.796197383,1304.923542719));
#907=DIRECTION('',(0.,-0.560628809,-0.82806723));
#908=DIRECTION('',(0.,0.82806723,-0.560628809));
#909=AXIS2_PLACEMENT_3D('',#906,#907,#908);
#910=PLANE('',#909);
#911=ORIENTED_EDGE('',*,*,#158,.T.);
#912=CARTESIAN_POINT('',(-460.66,528.316543552,1303.89421825));
#913=DIRECTION('',(-1.,-0.,0.));
#914=VECTOR('',#913,19.02);
#915=LINE('',#912,#914);
#916=EDGE_CURVE('',#144,#63,#915,.T.);
#917=ORIENTED_EDGE('',*,*,#916,.T.);
#918=ORIENTED_EDGE('',*,*,#123,.F.);
#919=ORIENTED_EDGE('',*,*,#899,.T.);
#920=EDGE_LOOP('',(#911,#917,#918,#919));
#921=FACE_BOUND('',#920,.T.);
#922=ADVANCED_FACE('',(#921),#910,.F.);
#923=CARTESIAN_POINT('',(-466.66,522.35,1310.307457885));
#924=DIRECTION('',(0.,1.,0.));
#925=DIRECTION('',(0.,-0.,1.));
#926=AXIS2_PLACEMENT_3D('',#923,#924,#925);
#927=CYLINDRICAL_SURFACE('',#926,6.);
#928=ORIENTED_EDGE('',*,*,#396,.F.);
#929=ORIENTED_EDGE('',*,*,#174,.F.);
#930=ORIENTED_EDGE('',*,*,#892,.F.);
#931=ORIENTED_EDGE('',*,*,#866,.F.);
#932=EDGE_LOOP('',(#928,#929,#930,#931));
#933=FACE_BOUND('',#932,.T.);
#934=ADVANCED_FACE('',(#933),#927,.T.);
#935=CARTESIAN_POINT('',(-474.68,440.2,1275.197457885));
#936=DIRECTION('',(0.,1.,0.));
#937=DIRECTION('',(0.,-0.,1.));
#938=AXIS2_PLACEMENT_3D('',#935,#936,#937);
#939=CYLINDRICAL_SURFACE('',#938,5.);
#940=ORIENTED_EDGE('',*,*,#287,.F.);
#941=ORIENTED_EDGE('',*,*,#320,.F.);
#942=ORIENTED_EDGE('',*,*,#419,.F.);
#943=ORIENTED_EDGE('',*,*,#93,.F.);
#944=EDGE_LOOP('',(#940,#941,#942,#943));
#945=FACE_BOUND('',#944,.T.);
#946=ADVANCED_FACE('',(#945),#939,.T.);
#947=CARTESIAN_POINT('',(-465.66,522.35,1275.197457885));
#948=DIRECTION('',(0.,-1.,0.));
#949=DIRECTION('',(0.,0.,-1.));
#950=AXIS2_PLACEMENT_3D('',#947,#948,#949);
#951=CYLINDRICAL_SURFACE('',#950,5.);
#952=ORIENTED_EDGE('',*,*,#272,.F.);
#953=ORIENTED_EDGE('',*,*,#190,.F.);
#954=ORIENTED_EDGE('',*,*,#386,.F.);
#955=ORIENTED_EDGE('',*,*,#306,.F.);
#956=EDGE_LOOP('',(#952,#953,#954,#955));
#957=FACE_BOUND('',#956,.T.);
#958=ADVANCED_FACE('',(#957),#951,.T.);
#959=CARTESIAN_POINT('',(-453.68,547.,1293.51345342));
#960=DIRECTION('',(-1.,0.,0.));
#961=DIRECTION('',(0.,0.,1.));
#962=AXIS2_PLACEMENT_3D('',#959,#960,#961);
#963=CYLINDRICAL_SURFACE('',#962,21.373624477);
#964=ORIENTED_EDGE('',*,*,#244,.F.);
#965=ORIENTED_EDGE('',*,*,#69,.T.);
#966=ORIENTED_EDGE('',*,*,#916,.F.);
#967=ORIENTED_EDGE('',*,*,#150,.F.);
#968=EDGE_LOOP('',(#964,#965,#966,#967));
#969=FACE_BOUND('',#968,.T.);
#970=ADVANCED_FACE('',(#969),#963,.F.);
#971=CLOSED_SHELL('',(#127,#200,#233,#255,#293,#324,#473,#504,#528,#552,#576,#600,#617,#634,#701,#726,#748,#765,#782,#799,#816,#828,#853,#877,#905,#922,
#934,#946,#958,#970));
#972=MANIFOLD_SOLID_BREP('Body 104 (2)',#971);
#973=COLOUR_RGB('',0.627451003,0.627451003,0.643137276);
#974=FILL_AREA_STYLE_COLOUR('',#973);
#975=FILL_AREA_STYLE('',(#974));
#976=SURFACE_STYLE_FILL_AREA(#975);
#977=SURFACE_SIDE_STYLE('',(#976));
#978=SURFACE_STYLE_USAGE(.BOTH.,#977);
#979=PRESENTATION_STYLE_ASSIGNMENT((#978));
#54=STYLED_ITEM('',(#979),#972);
#980=(NAMED_UNIT(*)PLANE_ANGLE_UNIT()SI_UNIT($,.RADIAN.));
#981=PLANE_ANGLE_MEASURE_WITH_UNIT(PLANE_ANGLE_MEASURE(0.0174532925),#980);
#982=(CONVERSION_BASED_UNIT('DEGREE',#981)NAMED_UNIT(#983)PLANE_ANGLE_UNIT());
#983=DIMENSIONAL_EXPONENTS(0.,0.,0.,0.,0.,0.,0.);
#984=(NAMED_UNIT(*)SI_UNIT($,.STERADIAN.)SOLID_ANGLE_UNIT());
#985=(LENGTH_UNIT()NAMED_UNIT(*)SI_UNIT(.MILLI.,.METRE.));
#986=UNCERTAINTY_MEASURE_WITH_UNIT(LENGTH_MEASURE(1.000000E-05),#985,'DISTANCE_ACCURACY_VALUE','Maximum Tolerance applied to model');
#987=(GEOMETRIC_REPRESENTATION_CONTEXT(3)GLOBAL_UNCERTAINTY_ASSIGNED_CONTEXT((#986))GLOBAL_UNIT_ASSIGNED_CONTEXT((#985,#982,#984))REPRESENTATION_CONTEXT('','xleplus_base_holder.step'));
#999=CARTESIAN_POINT('',(0.,0.,0.));
#1000=DIRECTION('',(0.,0.,1.));
#1001=DIRECTION('',(1.,0.,-0.));
#1002=AXIS2_PLACEMENT_3D('',#999,#1000,#1001);
#1003=ITEM_DEFINED_TRANSFORMATION('','',#1002,#15);
#1004=(REPRESENTATION_RELATIONSHIP('','',#989,#35)REPRESENTATION_RELATIONSHIP_WITH_TRANSFORMATION(#1003)SHAPE_REPRESENTATION_RELATIONSHIP());
#1005=NEXT_ASSEMBLY_USAGE_OCCURRENCE('xleplus_base_holder.step_2','xleplus_base_holder.step','xleplus_base_holder.step',#44,#998,$);
#1006=PRODUCT_DEFINITION_SHAPE('','',#1005);
#1007=CONTEXT_DEPENDENT_SHAPE_REPRESENTATION(#1004,#1006);
#1009=CARTESIAN_POINT('',(-421.,573.,1270.5));
#1010=DIRECTION('',(0.,0.,1.));
#1011=DIRECTION('',(1.,0.,0.));
#1012=AXIS2_PLACEMENT_3D('',#1009,#1010,#1011);
#1013=PLANE('',#1012);
#1014=CARTESIAN_POINT('',(-447.37151593,585.,1270.5));
#1015=VERTEX_POINT('',#1014);
#1016=CARTESIAN_POINT('',(-445.217668524,585.,1270.5));
#1017=VERTEX_POINT('',#1016);
#1018=CARTESIAN_POINT('',(-447.37151593,585.,1270.5));
#1019=DIRECTION('',(1.,0.,-0.));
#1020=VECTOR('',#1019,2.153847406);
#1021=LINE('',#1018,#1020);
#1022=EDGE_CURVE('',#1015,#1017,#1021,.T.);
#1023=ORIENTED_EDGE('',*,*,#1022,.F.);
#1024=CARTESIAN_POINT('',(-447.37151593,565.,1270.5));
#1025=VERTEX_POINT('',#1024);
#1026=CARTESIAN_POINT('',(-447.37151593,585.,1270.5));
#1027=DIRECTION('',(-0.,-1.,-0.));
#1028=VECTOR('',#1027,20.);
#1029=LINE('',#1026,#1028);
#1030=EDGE_CURVE('',#1015,#1025,#1029,.T.);
#1031=ORIENTED_EDGE('',*,*,#1030,.T.);
#1032=CARTESIAN_POINT('',(-490.,565.,1270.5));
#1033=VERTEX_POINT('',#1032);
#1034=CARTESIAN_POINT('',(-490.,565.,1270.5));
#1035=DIRECTION('',(1.,0.,-0.));
#1036=VECTOR('',#1035,42.62848407);
#1037=LINE('',#1034,#1036);
#1038=EDGE_CURVE('',#1033,#1025,#1037,.T.);
#1039=ORIENTED_EDGE('',*,*,#1038,.F.);
#1040=CARTESIAN_POINT('',(-490.,592.5,1270.5));
#1041=VERTEX_POINT('',#1040);
#1042=CARTESIAN_POINT('',(-490.,565.,1270.5));
#1043=DIRECTION('',(0.,1.,0.));
#1044=VECTOR('',#1043,27.5);
#1045=LINE('',#1042,#1044);
#1046=EDGE_CURVE('',#1033,#1041,#1045,.T.);
#1047=ORIENTED_EDGE('',*,*,#1046,.T.);
#1048=CARTESIAN_POINT('',(-445.217668524,592.5,1270.5));
#1049=VERTEX_POINT('',#1048);
#1050=CARTESIAN_POINT('',(-445.217668524,592.5,1270.5));
#1051=DIRECTION('',(-1.,0.,0.));
#1052=VECTOR('',#1051,44.782331476);
#1053=LINE('',#1050,#1052);
#1054=EDGE_CURVE('',#1049,#1041,#1053,.T.);
#1055=ORIENTED_EDGE('',*,*,#1054,.F.);
#1056=CARTESIAN_POINT('',(-445.217668524,585.,1270.5));
#1057=DIRECTION('',(0.,1.,0.));
#1058=VECTOR('',#1057,7.5);
#1059=LINE('',#1056,#1058);
#1060=EDGE_CURVE('',#1017,#1049,#1059,.T.);
#1061=ORIENTED_EDGE('',*,*,#1060,.F.);
#1062=EDGE_LOOP('',(#1023,#1031,#1039,#1047,#1055,#1061));
#1063=FACE_BOUND('',#1062,.T.);
#1064=ADVANCED_FACE('',(#1063),#1013,.F.);
#1065=CARTESIAN_POINT('',(-431.,592.5,1297.500894866));
#1066=DIRECTION('',(0.,1.,0.));
#1067=DIRECTION('',(-1.,0.,0.));
#1068=AXIS2_PLACEMENT_3D('',#1065,#1066,#1067);
#1069=PLANE('',#1068);
#1070=CARTESIAN_POINT('',(-411.80151519,592.5,1286.49848481));
#1071=VERTEX_POINT('',#1070);
#1072=CARTESIAN_POINT('',(-411.80151519,592.5,1281.99848481));
#1073=DIRECTION('',(-0.,-1.,-0.));
#1074=DIRECTION('',(0.,-0.,1.));
#1075=AXIS2_PLACEMENT_3D('',#1072,#1073,#1074);
#1076=CIRCLE('',#1075,4.5);
#1077=EDGE_CURVE('',#1071,#1071,#1076,.T.);
#1078=ORIENTED_EDGE('',*,*,#1077,.T.);
#1079=EDGE_LOOP('',(#1078));
#1080=FACE_BOUND('',#1079,.T.);
#1081=CARTESIAN_POINT('',(-393.,592.5,1283.69848481));
#1082=VERTEX_POINT('',#1081);
#1083=CARTESIAN_POINT('',(-393.,592.5,1281.99848481));
#1084=DIRECTION('',(0.,1.,0.));
#1085=DIRECTION('',(0.,-0.,1.));
#1086=AXIS2_PLACEMENT_3D('',#1083,#1084,#1085);
#1087=CIRCLE('',#1086,1.7);
#1088=EDGE_CURVE('',#1082,#1082,#1087,.T.);
#1089=ORIENTED_EDGE('',*,*,#1088,.F.);
#1090=EDGE_LOOP('',(#1089));
#1091=FACE_BOUND('',#1090,.T.);
#1092=CARTESIAN_POINT('',(-425.,592.5,1283.69848481));
#1093=VERTEX_POINT('',#1092);
#1094=CARTESIAN_POINT('',(-425.,592.5,1281.99848481));
#1095=DIRECTION('',(0.,1.,0.));
#1096=DIRECTION('',(0.,-0.,1.));
#1097=AXIS2_PLACEMENT_3D('',#1094,#1095,#1096);
#1098=CIRCLE('',#1097,1.7);
#1099=EDGE_CURVE('',#1093,#1093,#1098,.T.);
#1100=ORIENTED_EDGE('',*,*,#1099,.F.);
#1101=EDGE_LOOP('',(#1100));
#1102=FACE_BOUND('',#1101,.T.);
#1103=ORIENTED_EDGE('',*,*,#1054,.T.);
#1104=CARTESIAN_POINT('',(-494.,592.5,1274.5));
#1105=VERTEX_POINT('',#1104);
#1106=CARTESIAN_POINT('',(-490.,592.5,1274.5));
#1107=DIRECTION('',(0.,1.,0.));
#1108=DIRECTION('',(0.,-0.,1.));
#1109=AXIS2_PLACEMENT_3D('',#1106,#1107,#1108);
#1110=CIRCLE('',#1109,4.);
#1111=EDGE_CURVE('',#1041,#1105,#1110,.T.);
#1112=ORIENTED_EDGE('',*,*,#1111,.T.);
#1113=CARTESIAN_POINT('',(-494.,592.5,1294.100894866));
#1114=VERTEX_POINT('',#1113);
#1115=CARTESIAN_POINT('',(-494.,592.5,1294.100894866));
#1116=DIRECTION('',(-0.,-0.,-1.));
#1117=VECTOR('',#1116,19.600894866);
#1118=LINE('',#1115,#1117);
#1119=EDGE_CURVE('',#1114,#1105,#1118,.T.);
#1120=ORIENTED_EDGE('',*,*,#1119,.F.);
#1121=CARTESIAN_POINT('',(-441.608873566,592.499999999,1294.100894864));
#1122=VERTEX_POINT('',#1121);
#1123=CARTESIAN_POINT('',(-494.,592.5,1294.100894866));
#1124=DIRECTION('',(1.,-0.,-0.));
#1125=VECTOR('',#1124,52.391126434);
#1126=LINE('',#1123,#1125);
#1127=EDGE_CURVE('',#1114,#1122,#1126,.T.);
#1128=ORIENTED_EDGE('',*,*,#1127,.T.);
#1129=CARTESIAN_POINT('',(-436.713708499,592.5,1289.140995369));
#1130=VERTEX_POINT('',#1129);
#1131=CARTESIAN_POINT('',(-441.608873564,592.500000001,1294.100894863));
#1132=CARTESIAN_POINT('',(-440.801797583,592.500000001,1293.26561563));
#1133=CARTESIAN_POINT('',(-439.985526515,592.5,1292.43936168));
#1134=CARTESIAN_POINT('',(-439.168576274,592.5,1291.613774361));
#1135=CARTESIAN_POINT('',(-438.351626033,592.5,1290.788187042));
#1136=CARTESIAN_POINT('',(-437.532922742,592.5,1289.964336661));
#1137=CARTESIAN_POINT('',(-436.713708499,592.5,1289.140995369));
#1138=B_SPLINE_CURVE_WITH_KNOTS('',3,(#1131,#1132,#1133,#1134,#1135,#1136,#1137),.UNSPECIFIED.,.F.,.F.,(4,3,4),(0.,0.003484368,0.006968736),.UNSPECIFIED.);
#1139=EDGE_CURVE('',#1122,#1130,#1138,.T.);
#1140=ORIENTED_EDGE('',*,*,#1139,.T.);
#1141=CARTESIAN_POINT('',(-389.,592.5,1289.140995369));
#1142=VERTEX_POINT('',#1141);
#1143=CARTESIAN_POINT('',(-436.713708499,592.5,1289.140995369));
#1144=DIRECTION('',(1.,-0.,-0.));
#1145=VECTOR('',#1144,47.713708499);
#1146=LINE('',#1143,#1145);
#1147=EDGE_CURVE('',#1130,#1142,#1146,.T.);
#1148=ORIENTED_EDGE('',*,*,#1147,.T.);
#1149=CARTESIAN_POINT('',(-389.,592.5,1275.519307034));
#1150=VERTEX_POINT('',#1149);
#1151=CARTESIAN_POINT('',(-389.,592.5,1275.519307034));
#1152=DIRECTION('',(0.,0.,1.));
#1153=VECTOR('',#1152,13.621688335);
#1154=LINE('',#1151,#1153);
#1155=EDGE_CURVE('',#1150,#1142,#1154,.T.);
#1156=ORIENTED_EDGE('',*,*,#1155,.F.);
#1157=CARTESIAN_POINT('',(-445.217668524,592.5,1275.519307034));
#1158=VERTEX_POINT('',#1157);
#1159=CARTESIAN_POINT('',(-389.,592.5,1275.519307034));
#1160=DIRECTION('',(-1.,0.,0.));
#1161=VECTOR('',#1160,56.217668524);
#1162=LINE('',#1159,#1161);
#1163=EDGE_CURVE('',#1150,#1158,#1162,.T.);
#1164=ORIENTED_EDGE('',*,*,#1163,.T.);
#1165=CARTESIAN_POINT('',(-445.217668524,592.5,1275.519307034));
#1166=DIRECTION('',(-0.,-0.,-1.));
#1167=VECTOR('',#1166,5.019307034);
#1168=LINE('',#1165,#1167);
#1169=EDGE_CURVE('',#1158,#1049,#1168,.T.);
#1170=ORIENTED_EDGE('',*,*,#1169,.T.);
#1171=EDGE_LOOP('',(#1103,#1112,#1120,#1128,#1140,#1148,#1156,#1164,#1170));
#1172=FACE_BOUND('',#1171,.T.);
#1173=CARTESIAN_POINT('',(-461.34,592.5,1272.667164246));
#1174=VERTEX_POINT('',#1173);
#1175=CARTESIAN_POINT('',(-464.66,592.5,1272.667164246));
#1176=VERTEX_POINT('',#1175);
#1177=CARTESIAN_POINT('',(-461.34,592.5,1272.667164246));
#1178=DIRECTION('',(-1.,0.,0.));
#1179=VECTOR('',#1178,3.320000001);
#1180=LINE('',#1177,#1179);
#1181=EDGE_CURVE('',#1174,#1176,#1180,.T.);
#1182=ORIENTED_EDGE('',*,*,#1181,.F.);
#1183=CARTESIAN_POINT('',(-459.68,592.5,1275.542368587));
#1184=VERTEX_POINT('',#1183);
#1185=CARTESIAN_POINT('',(-459.68,592.5,1275.542368587));
#1186=DIRECTION('',(-0.5,0.,-0.866025404));
#1187=VECTOR('',#1186,3.32);
#1188=LINE('',#1185,#1187);
#1189=EDGE_CURVE('',#1184,#1174,#1188,.T.);
#1190=ORIENTED_EDGE('',*,*,#1189,.F.);
#1191=CARTESIAN_POINT('',(-461.34,592.5,1278.417572927));
#1192=VERTEX_POINT('',#1191);
#1193=CARTESIAN_POINT('',(-461.34,592.5,1278.417572927));
#1194=DIRECTION('',(0.5,0.,-0.866025404));
#1195=VECTOR('',#1194,3.32);
#1196=LINE('',#1193,#1195);
#1197=EDGE_CURVE('',#1192,#1184,#1196,.T.);
#1198=ORIENTED_EDGE('',*,*,#1197,.F.);
#1199=CARTESIAN_POINT('',(-464.66,592.5,1278.417572927));
#1200=VERTEX_POINT('',#1199);
#1201=CARTESIAN_POINT('',(-464.66,592.5,1278.417572927));
#1202=DIRECTION('',(1.,0.,-0.));
#1203=VECTOR('',#1202,3.320000001);
#1204=LINE('',#1201,#1203);
#1205=EDGE_CURVE('',#1200,#1192,#1204,.T.);
#1206=ORIENTED_EDGE('',*,*,#1205,.F.);
#1207=CARTESIAN_POINT('',(-466.32,592.5,1275.542368587));
#1208=VERTEX_POINT('',#1207);
#1209=CARTESIAN_POINT('',(-466.32,592.5,1275.542368587));
#1210=DIRECTION('',(0.5,0.,0.866025404));
#1211=VECTOR('',#1210,3.32);
#1212=LINE('',#1209,#1211);
#1213=EDGE_CURVE('',#1208,#1200,#1212,.T.);
#1214=ORIENTED_EDGE('',*,*,#1213,.F.);
#1215=CARTESIAN_POINT('',(-464.66,592.5,1272.667164246));
#1216=DIRECTION('',(-0.5,0.,0.866025404));
#1217=VECTOR('',#1216,3.32);
#1218=LINE('',#1215,#1217);
#1219=EDGE_CURVE('',#1176,#1208,#1218,.T.);
#1220=ORIENTED_EDGE('',*,*,#1219,.F.);
#1221=EDGE_LOOP('',(#1182,#1190,#1198,#1206,#1214,#1220));
#1222=FACE_BOUND('',#1221,.T.);
#1223=CARTESIAN_POINT('',(-484.66,592.5,1278.417572927));
#1224=VERTEX_POINT('',#1223);
#1225=CARTESIAN_POINT('',(-487.98,592.5,1278.417572927));
#1226=VERTEX_POINT('',#1225);
#1227=CARTESIAN_POINT('',(-484.66,592.5,1278.417572927));
#1228=DIRECTION('',(-1.,0.,0.));
#1229=VECTOR('',#1228,3.32);
#1230=LINE('',#1227,#1229);
#1231=EDGE_CURVE('',#1224,#1226,#1230,.T.);
#1232=ORIENTED_EDGE('',*,*,#1231,.T.);
#1233=CARTESIAN_POINT('',(-489.639999999,592.5,1275.542368587));
#1234=VERTEX_POINT('',#1233);
#1235=CARTESIAN_POINT('',(-487.98,592.5,1278.417572927));
#1236=DIRECTION('',(-0.5,0.,-0.866025404));
#1237=VECTOR('',#1236,3.319999999);
#1238=LINE('',#1235,#1237);
#1239=EDGE_CURVE('',#1226,#1234,#1238,.T.);
#1240=ORIENTED_EDGE('',*,*,#1239,.T.);
#1241=CARTESIAN_POINT('',(-487.98,592.5,1272.667164247));
#1242=VERTEX_POINT('',#1241);
#1243=CARTESIAN_POINT('',(-489.639999999,592.5,1275.542368587));
#1244=DIRECTION('',(0.5,0.,-0.866025404));
#1245=VECTOR('',#1244,3.319999999);
#1246=LINE('',#1243,#1245);
#1247=EDGE_CURVE('',#1234,#1242,#1246,.T.);
#1248=ORIENTED_EDGE('',*,*,#1247,.T.);
#1249=CARTESIAN_POINT('',(-484.66,592.5,1272.667164247));
#1250=VERTEX_POINT('',#1249);
#1251=CARTESIAN_POINT('',(-487.98,592.5,1272.667164247));
#1252=DIRECTION('',(1.,-0.,-0.));
#1253=VECTOR('',#1252,3.32);
#1254=LINE('',#1251,#1253);
#1255=EDGE_CURVE('',#1242,#1250,#1254,.T.);
#1256=ORIENTED_EDGE('',*,*,#1255,.T.);
#1257=CARTESIAN_POINT('',(-483.000000001,592.5,1275.542368587));
#1258=VERTEX_POINT('',#1257);
#1259=CARTESIAN_POINT('',(-484.66,592.5,1272.667164247));
#1260=DIRECTION('',(0.5,0.,0.866025404));
#1261=VECTOR('',#1260,3.319999999);
#1262=LINE('',#1259,#1261);
#1263=EDGE_CURVE('',#1250,#1258,#1262,.T.);
#1264=ORIENTED_EDGE('',*,*,#1263,.T.);
#1265=CARTESIAN_POINT('',(-483.000000001,592.5,1275.542368587));
#1266=DIRECTION('',(-0.5,0.,0.866025404));
#1267=VECTOR('',#1266,3.319999999);
#1268=LINE('',#1265,#1267);
#1269=EDGE_CURVE('',#1258,#1224,#1268,.T.);
#1270=ORIENTED_EDGE('',*,*,#1269,.T.);
#1271=EDGE_LOOP('',(#1232,#1240,#1248,#1256,#1264,#1270));
#1272=FACE_BOUND('',#1271,.T.);
#1273=ADVANCED_FACE('',(#1080,#1091,#1102,#1172,#1222,#1272),#1069,.T.);
#1274=CARTESIAN_POINT('',(-431.,592.5,1297.500894866));
#1275=DIRECTION('',(0.,1.,0.));
#1276=DIRECTION('',(-1.,0.,0.));
#1277=AXIS2_PLACEMENT_3D('',#1274,#1275,#1276);
#1278=PLANE('',#1277);
#1279=CARTESIAN_POINT('',(-494.,592.5,1300.100894866));
#1280=VERTEX_POINT('',#1279);
#1281=CARTESIAN_POINT('',(-441.608873568,592.499999999,1300.100894866));
#1282=VERTEX_POINT('',#1281);
#1283=CARTESIAN_POINT('',(-494.,592.5,1300.100894866));
#1284=DIRECTION('',(1.,0.,-0.));
#1285=VECTOR('',#1284,52.391126432);
#1286=LINE('',#1283,#1285);
#1287=EDGE_CURVE('',#1280,#1282,#1286,.T.);
#1288=ORIENTED_EDGE('',*,*,#1287,.F.);
#1289=CARTESIAN_POINT('',(-494.,592.5,1312.));
#1290=VERTEX_POINT('',#1289);
#1291=CARTESIAN_POINT('',(-494.,592.5,1312.));
#1292=DIRECTION('',(-0.,-0.,-1.));
#1293=VECTOR('',#1292,11.899105134);
#1294=LINE('',#1291,#1293);
#1295=EDGE_CURVE('',#1290,#1280,#1294,.T.);
#1296=ORIENTED_EDGE('',*,*,#1295,.F.);
#1297=CARTESIAN_POINT('',(-490.,592.5,1316.));
#1298=VERTEX_POINT('',#1297);
#1299=CARTESIAN_POINT('',(-490.,592.5,1312.));
#1300=DIRECTION('',(-0.,1.,-0.));
#1301=DIRECTION('',(0.,0.,-1.));
#1302=AXIS2_PLACEMENT_3D('',#1299,#1300,#1301);
#1303=CIRCLE('',#1302,4.);
#1304=EDGE_CURVE('',#1290,#1298,#1303,.T.);
#1305=ORIENTED_EDGE('',*,*,#1304,.T.);
#1306=CARTESIAN_POINT('',(-433.,592.5,1316.));
#1307=VERTEX_POINT('',#1306);
#1308=CARTESIAN_POINT('',(-433.,592.5,1316.));
#1309=DIRECTION('',(-1.,0.,0.));
#1310=VECTOR('',#1309,57.);
#1311=LINE('',#1308,#1310);
#1312=EDGE_CURVE('',#1307,#1298,#1311,.T.);
#1313=ORIENTED_EDGE('',*,*,#1312,.F.);
#1314=CARTESIAN_POINT('',(-433.,592.5,1309.41996994));
#1315=VERTEX_POINT('',#1314);
#1316=CARTESIAN_POINT('',(-433.,592.5,1309.41996994));
#1317=DIRECTION('',(0.,0.,1.));
#1318=VECTOR('',#1317,6.58003006);
#1319=LINE('',#1316,#1318);
#1320=EDGE_CURVE('',#1315,#1307,#1319,.T.);
#1321=ORIENTED_EDGE('',*,*,#1320,.F.);
#1322=CARTESIAN_POINT('',(-389.,592.5,1309.41996994));
#1323=VERTEX_POINT('',#1322);
#1324=CARTESIAN_POINT('',(-433.,592.5,1309.41996994));
#1325=DIRECTION('',(1.,-0.,-0.));
#1326=VECTOR('',#1325,44.);
#1327=LINE('',#1324,#1326);
#1328=EDGE_CURVE('',#1315,#1323,#1327,.T.);
#1329=ORIENTED_EDGE('',*,*,#1328,.T.);
#1330=CARTESIAN_POINT('',(-389.,592.5,1305.060794363));
#1331=VERTEX_POINT('',#1330);
#1332=CARTESIAN_POINT('',(-389.,592.5,1309.41996994));
#1333=DIRECTION('',(-0.,-0.,-1.));
#1334=VECTOR('',#1333,4.359175577);
#1335=LINE('',#1332,#1334);
#1336=EDGE_CURVE('',#1323,#1331,#1335,.T.);
#1337=ORIENTED_EDGE('',*,*,#1336,.T.);
#1338=CARTESIAN_POINT('',(-436.713708499,592.5,1305.060794363));
#1339=VERTEX_POINT('',#1338);
#1340=CARTESIAN_POINT('',(-436.713708499,592.5,1305.060794363));
#1341=DIRECTION('',(1.,0.,-0.));
#1342=VECTOR('',#1341,47.713708499);
#1343=LINE('',#1340,#1342);
#1344=EDGE_CURVE('',#1339,#1331,#1343,.T.);
#1345=ORIENTED_EDGE('',*,*,#1344,.F.);
#1346=CARTESIAN_POINT('',(-436.713708499,592.5,1305.060794363));
#1347=CARTESIAN_POINT('',(-437.532922236,592.5,1304.23745358));
#1348=CARTESIAN_POINT('',(-438.351622602,592.5,1303.413606126));
#1349=CARTESIAN_POINT('',(-439.16856656,592.5,1302.588025188));
#1350=CARTESIAN_POINT('',(-439.985510518,592.5,1301.76244425));
#1351=CARTESIAN_POINT('',(-440.80177736,592.5,1300.936195033));
#1352=CARTESIAN_POINT('',(-441.608873564,592.5,1300.10089487));
#1353=B_SPLINE_CURVE_WITH_KNOTS('',3,(#1346,#1347,#1348,#1349,#1350,#1351,#1352),.UNSPECIFIED.,.F.,.F.,(4,3,4),(0.,0.003484367,0.006968733),.UNSPECIFIED.);
#1354=EDGE_CURVE('',#1339,#1282,#1353,.T.);
#1355=ORIENTED_EDGE('',*,*,#1354,.T.);
#1356=EDGE_LOOP('',(#1288,#1296,#1305,#1313,#1321,#1329,#1337,#1345,#1355));
#1357=FACE_BOUND('',#1356,.T.);
#1358=CARTESIAN_POINT('',(-461.34,592.5,1306.272045502));
#1359=VERTEX_POINT('',#1358);
#1360=CARTESIAN_POINT('',(-464.66,592.5,1306.272045502));
#1361=VERTEX_POINT('',#1360);
#1362=CARTESIAN_POINT('',(-461.34,592.5,1306.272045502));
#1363=DIRECTION('',(-1.,0.,0.));
#1364=VECTOR('',#1363,3.32);
#1365=LINE('',#1362,#1364);
#1366=EDGE_CURVE('',#1359,#1361,#1365,.T.);
#1367=ORIENTED_EDGE('',*,*,#1366,.F.);
#1368=CARTESIAN_POINT('',(-459.68,592.5,1309.147249843));
#1369=VERTEX_POINT('',#1368);
#1370=CARTESIAN_POINT('',(-459.68,592.5,1309.147249843));
#1371=DIRECTION('',(-0.5,0.,-0.866025404));
#1372=VECTOR('',#1371,3.32);
#1373=LINE('',#1370,#1372);
#1374=EDGE_CURVE('',#1369,#1359,#1373,.T.);
#1375=ORIENTED_EDGE('',*,*,#1374,.F.);
#1376=CARTESIAN_POINT('',(-461.34,592.5,1312.022454183));
#1377=VERTEX_POINT('',#1376);
#1378=CARTESIAN_POINT('',(-461.34,592.5,1312.022454183));
#1379=DIRECTION('',(0.5,0.,-0.866025404));
#1380=VECTOR('',#1379,3.319999999);
#1381=LINE('',#1378,#1380);
#1382=EDGE_CURVE('',#1377,#1369,#1381,.T.);
#1383=ORIENTED_EDGE('',*,*,#1382,.F.);
#1384=CARTESIAN_POINT('',(-464.66,592.5,1312.022454183));
#1385=VERTEX_POINT('',#1384);
#1386=CARTESIAN_POINT('',(-464.66,592.5,1312.022454183));
#1387=DIRECTION('',(1.,0.,-0.));
#1388=VECTOR('',#1387,3.320000001);
#1389=LINE('',#1386,#1388);
#1390=EDGE_CURVE('',#1385,#1377,#1389,.T.);
#1391=ORIENTED_EDGE('',*,*,#1390,.F.);
#1392=CARTESIAN_POINT('',(-466.32,592.5,1309.147249843));
#1393=VERTEX_POINT('',#1392);
#1394=CARTESIAN_POINT('',(-466.32,592.5,1309.147249843));
#1395=DIRECTION('',(0.5,0.,0.866025404));
#1396=VECTOR('',#1395,3.319999999);
#1397=LINE('',#1394,#1396);
#1398=EDGE_CURVE('',#1393,#1385,#1397,.T.);
#1399=ORIENTED_EDGE('',*,*,#1398,.F.);
#1400=CARTESIAN_POINT('',(-464.66,592.5,1306.272045502));
#1401=DIRECTION('',(-0.5,0.,0.866025404));
#1402=VECTOR('',#1401,3.32);
#1403=LINE('',#1400,#1402);
#1404=EDGE_CURVE('',#1361,#1393,#1403,.T.);
#1405=ORIENTED_EDGE('',*,*,#1404,.F.);
#1406=EDGE_LOOP('',(#1367,#1375,#1383,#1391,#1399,#1405));
#1407=FACE_BOUND('',#1406,.T.);
#1408=CARTESIAN_POINT('',(-484.66,592.5,1312.022454183));
#1409=VERTEX_POINT('',#1408);
#1410=CARTESIAN_POINT('',(-487.98,592.5,1312.022454183));
#1411=VERTEX_POINT('',#1410);
#1412=CARTESIAN_POINT('',(-484.66,592.5,1312.022454183));
#1413=DIRECTION('',(-1.,0.,0.));
#1414=VECTOR('',#1413,3.32);
#1415=LINE('',#1412,#1414);
#1416=EDGE_CURVE('',#1409,#1411,#1415,.T.);
#1417=ORIENTED_EDGE('',*,*,#1416,.T.);
#1418=CARTESIAN_POINT('',(-489.639999999,592.5,1309.147249843));
#1419=VERTEX_POINT('',#1418);
#1420=CARTESIAN_POINT('',(-487.98,592.5,1312.022454183));
#1421=DIRECTION('',(-0.5,0.,-0.866025404));
#1422=VECTOR('',#1421,3.319999999);
#1423=LINE('',#1420,#1422);
#1424=EDGE_CURVE('',#1411,#1419,#1423,.T.);
#1425=ORIENTED_EDGE('',*,*,#1424,.T.);
#1426=CARTESIAN_POINT('',(-487.98,592.5,1306.272045503));
#1427=VERTEX_POINT('',#1426);
#1428=CARTESIAN_POINT('',(-489.639999999,592.5,1309.147249843));
#1429=DIRECTION('',(0.5,0.,-0.866025404));
#1430=VECTOR('',#1429,3.319999999);
#1431=LINE('',#1428,#1430);
#1432=EDGE_CURVE('',#1419,#1427,#1431,.T.);
#1433=ORIENTED_EDGE('',*,*,#1432,.T.);
#1434=CARTESIAN_POINT('',(-484.66,592.5,1306.272045503));
#1435=VERTEX_POINT('',#1434);
#1436=CARTESIAN_POINT('',(-487.98,592.5,1306.272045503));
#1437=DIRECTION('',(1.,-0.,-0.));
#1438=VECTOR('',#1437,3.32);
#1439=LINE('',#1436,#1438);
#1440=EDGE_CURVE('',#1427,#1435,#1439,.T.);
#1441=ORIENTED_EDGE('',*,*,#1440,.T.);
#1442=CARTESIAN_POINT('',(-483.000000001,592.5,1309.147249843));
#1443=VERTEX_POINT('',#1442);
#1444=CARTESIAN_POINT('',(-484.66,592.5,1306.272045503));
#1445=DIRECTION('',(0.5,0.,0.866025404));
#1446=VECTOR('',#1445,3.319999999);
#1447=LINE('',#1444,#1446);
#1448=EDGE_CURVE('',#1435,#1443,#1447,.T.);
#1449=ORIENTED_EDGE('',*,*,#1448,.T.);
#1450=CARTESIAN_POINT('',(-483.000000001,592.5,1309.147249843));
#1451=DIRECTION('',(-0.5,0.,0.866025404));
#1452=VECTOR('',#1451,3.319999999);
#1453=LINE('',#1450,#1452);
#1454=EDGE_CURVE('',#1443,#1409,#1453,.T.);
#1455=ORIENTED_EDGE('',*,*,#1454,.T.);
#1456=EDGE_LOOP('',(#1417,#1425,#1433,#1441,#1449,#1455));
#1457=FACE_BOUND('',#1456,.T.);
#1458=ADVANCED_FACE('',(#1357,#1407,#1457),#1278,.T.);
#1459=CARTESIAN_POINT('',(-484.,592.5,1297.100894866));
#1460=DIRECTION('',(1.,0.,0.));
#1461=DIRECTION('',(-0.,1.,0.));
#1462=AXIS2_PLACEMENT_3D('',#1459,#1460,#1461);
#1463=CYLINDRICAL_SURFACE('',#1462,3.);
#1464=ORIENTED_EDGE('',*,*,#1127,.F.);
#1465=CARTESIAN_POINT('',(-494.,592.5,1297.100894866));
#1466=DIRECTION('',(1.,0.,0.));
#1467=DIRECTION('',(0.,0.,-1.));
#1468=AXIS2_PLACEMENT_3D('',#1465,#1466,#1467);
#1469=CIRCLE('',#1468,3.);
#1470=EDGE_CURVE('',#1280,#1114,#1469,.T.);
#1471=ORIENTED_EDGE('',*,*,#1470,.F.);
#1472=ORIENTED_EDGE('',*,*,#1287,.T.);
#1473=CARTESIAN_POINT('',(-441.608873567,592.499999998,1300.100894866));
#1474=CARTESIAN_POINT('',(-441.558785551,592.305606218,1300.100894865));
#1475=CARTESIAN_POINT('',(-441.510513826,592.113576272,1300.082173868));
#1476=CARTESIAN_POINT('',(-441.463826765,591.923917912,1300.045063582));
#1477=CARTESIAN_POINT('',(-441.417139703,591.734259552,1300.007953296));
#1478=CARTESIAN_POINT('',(-441.371682657,591.54541337,1299.951574087));
#1479=CARTESIAN_POINT('',(-441.329244871,591.365878686,1299.878262116));
#1480=CARTESIAN_POINT('',(-441.286807085,591.186344001,1299.804950146));
#1481=CARTESIAN_POINT('',(-441.247054449,591.014811685,1299.714783262));
#1482=CARTESIAN_POINT('',(-441.209772815,590.851521666,1299.607390264));
#1483=CARTESIAN_POINT('',(-441.191131997,590.769876657,1299.553693766));
#1484=CARTESIAN_POINT('',(-441.173016846,590.689873919,1299.495289888));
#1485=CARTESIAN_POINT('',(-441.155812994,590.613362201,1299.433403776));
#1486=CARTESIAN_POINT('',(-441.138609142,590.536850483,1299.371517664));
#1487=CARTESIAN_POINT('',(-441.122307764,590.46379873,1299.306217591));
#1488=CARTESIAN_POINT('',(-441.106858712,590.3941466,1299.237570194));
#1489=CARTESIAN_POINT('',(-441.075960607,590.254842341,1299.100275401));
#1490=CARTESIAN_POINT('',(-441.048448685,590.129035078,1298.949690767));
#1491=CARTESIAN_POINT('',(-441.024247585,590.017423819,1298.785179731));
#1492=CARTESIAN_POINT('',(-441.000046485,589.90581256,1298.620668694));
#1493=CARTESIAN_POINT('',(-440.979755882,589.811164277,1298.445912053));
#1494=CARTESIAN_POINT('',(-440.963440895,589.734683027,1298.264089621));
#1495=CARTESIAN_POINT('',(-440.955283401,589.696442402,1298.173178405));
#1496=CARTESIAN_POINT('',(-440.948095111,589.662621514,1298.080262164));
#1497=CARTESIAN_POINT('',(-440.941881014,589.633323357,1297.985295806));
#1498=CARTESIAN_POINT('',(-440.935666918,589.6040252,1297.890329448));
#1499=CARTESIAN_POINT('',(-440.930408892,589.579163283,1297.792748458));
#1500=CARTESIAN_POINT('',(-440.926236829,589.559411435,1297.694981467));
#1501=CARTESIAN_POINT('',(-440.917892704,589.519907739,1297.499447485));
#1502=CARTESIAN_POINT('',(-440.913750241,589.500198578,1297.302404015));
#1503=CARTESIAN_POINT('',(-440.913708817,589.500001478,1297.103873227));
#1504=CARTESIAN_POINT('',(-440.913667394,589.499804379,1296.905342438));
#1505=CARTESIAN_POINT('',(-440.917869422,589.519796096,1296.703788373));
#1506=CARTESIAN_POINT('',(-440.92612583,589.558885917,1296.509415406));
#1507=CARTESIAN_POINT('',(-440.934382237,589.597975738,1296.315042439));
#1508=CARTESIAN_POINT('',(-440.946630548,589.655871068,1296.125870475));
#1509=CARTESIAN_POINT('',(-440.963056648,589.732881649,1295.941991924));
#1510=CARTESIAN_POINT('',(-440.995908848,589.88690281,1295.574234823));
#1511=CARTESIAN_POINT('',(-441.044317766,590.112156605,1295.242449792));
#1512=CARTESIAN_POINT('',(-441.106595787,590.392961144,1294.965388542));
#1513=CARTESIAN_POINT('',(-441.137734798,590.533363414,1294.826857917));
#1514=CARTESIAN_POINT('',(-441.171803963,590.685185022,1294.704126394));
#1515=CARTESIAN_POINT('',(-441.208972585,590.848016326,1294.596708383));
#1516=CARTESIAN_POINT('',(-441.246141208,591.010847629,1294.489290373));
#1517=CARTESIAN_POINT('',(-441.286783285,591.18624139,1294.396889518));
#1518=CARTESIAN_POINT('',(-441.329219632,591.365771909,1294.32357122));
#1519=CARTESIAN_POINT('',(-441.371655978,591.545302428,1294.250252921));
#1520=CARTESIAN_POINT('',(-441.416169252,591.73026895,1294.194840425));
#1521=CARTESIAN_POINT('',(-441.463015762,591.920622922,1294.157372792));
#1522=CARTESIAN_POINT('',(-441.509862272,592.110976894,1294.119905158));
#1523=CARTESIAN_POINT('',(-441.558781695,592.305591252,1294.100894866));
#1524=CARTESIAN_POINT('',(-441.608873568,592.499999998,1294.100894866));
#1525=B_SPLINE_CURVE_WITH_KNOTS('',3,(#1473,#1474,#1475,#1476,#1477,#1478,#1479,#1480,#1481,#1482,#1483,#1484,#1485,#1486,#1487,#1488,#1489,#1490,#1491,#1492,#1493,#1494,#1495,#1496,#1497,#1498,
#1499,#1500,#1501,#1502,#1503,#1504,#1505,#1506,#1507,#1508,#1509,#1510,#1511,#1512,#1513,#1514,#1515,#1516,#1517,#1518,#1519,#1520,#1521,#1522,#1523,
#1524),.UNSPECIFIED.,.F.,.F.,(4,3,3,3,3,3,3,3,3,3,3,3,3,3,3,3,3,4),(0.,0.000595894,0.001191789,0.001787683,0.00208563,0.002383578,0.002979472,0.003575366,0.003873313,0.004171261,0.004767155,0.005363049,0.005958944,0.007150733,0.007746627,0.008342521,0.008938416,0.00953431),.UNSPECIFIED.);
#1526=EDGE_CURVE('',#1282,#1122,#1525,.T.);
#1527=ORIENTED_EDGE('',*,*,#1526,.T.);
#1528=EDGE_LOOP('',(#1464,#1471,#1472,#1527));
#1529=FACE_BOUND('',#1528,.T.);
#1530=ADVANCED_FACE('',(#1529),#1463,.F.);
#1531=CARTESIAN_POINT('',(-443.,567.922148119,1304.316109091));
#1532=DIRECTION('',(0.,0.560628809,0.82806723));
#1533=DIRECTION('',(-1.,0.,0.));
#1534=AXIS2_PLACEMENT_3D('',#1531,#1532,#1533);
#1535=PLANE('',#1534);
#1536=CARTESIAN_POINT('',(-494.,565.,1306.294499686));
#1537=VERTEX_POINT('',#1536);
#1538=CARTESIAN_POINT('',(-443.,565.,1306.294499686));
#1539=VERTEX_POINT('',#1538);
#1540=CARTESIAN_POINT('',(-494.,565.,1306.294499686));
#1541=DIRECTION('',(1.,0.,-0.));
#1542=VECTOR('',#1541,51.);
#1543=LINE('',#1540,#1542);
#1544=EDGE_CURVE('',#1537,#1539,#1543,.T.);
#1545=ORIENTED_EDGE('',*,*,#1544,.F.);
#1546=CARTESIAN_POINT('',(-494.,568.389051666,1304.));
#1547=VERTEX_POINT('',#1546);
#1548=CARTESIAN_POINT('',(-494.,568.389051666,1304.));
#1549=DIRECTION('',(0.,-0.82806723,0.560628809));
#1550=VECTOR('',#1549,4.092725254);
#1551=LINE('',#1548,#1550);
#1552=EDGE_CURVE('',#1547,#1537,#1551,.T.);
#1553=ORIENTED_EDGE('',*,*,#1552,.F.);
#1554=CARTESIAN_POINT('',(-443.,568.389051666,1304.));
#1555=VERTEX_POINT('',#1554);
#1556=CARTESIAN_POINT('',(-494.,568.389051666,1304.));
#1557=DIRECTION('',(1.,-0.,-0.));
#1558=VECTOR('',#1557,51.);
#1559=LINE('',#1556,#1558);
#1560=EDGE_CURVE('',#1547,#1555,#1559,.T.);
#1561=ORIENTED_EDGE('',*,*,#1560,.T.);
#1562=CARTESIAN_POINT('',(-443.,568.389051666,1304.));
#1563=DIRECTION('',(0.,-0.82806723,0.560628809));
#1564=VECTOR('',#1563,4.092725254);
#1565=LINE('',#1562,#1564);
#1566=EDGE_CURVE('',#1555,#1539,#1565,.T.);
#1567=ORIENTED_EDGE('',*,*,#1566,.T.);
#1568=EDGE_LOOP('',(#1545,#1553,#1561,#1567));
#1569=FACE_BOUND('',#1568,.T.);
#1570=ADVANCED_FACE('',(#1569),#1535,.F.);
#1571=CARTESIAN_POINT('',(-399.5,575.,1294.));
#1572=DIRECTION('',(1.,0.,0.));
#1573=DIRECTION('',(0.,0.,-1.));
#1574=AXIS2_PLACEMENT_3D('',#1571,#1572,#1573);
#1575=CYLINDRICAL_SURFACE('',#1574,10.);
#1576=CARTESIAN_POINT('',(-494.,575.,1304.));
#1577=VERTEX_POINT('',#1576);
#1578=CARTESIAN_POINT('',(-442.,575.,1304.));
#1579=VERTEX_POINT('',#1578);
#1580=CARTESIAN_POINT('',(-494.,575.,1304.));
#1581=DIRECTION('',(1.,0.,-0.));
#1582=VECTOR('',#1581,52.);
#1583=LINE('',#1580,#1582);
#1584=EDGE_CURVE('',#1577,#1579,#1583,.T.);
#1585=ORIENTED_EDGE('',*,*,#1584,.F.);
#1586=CARTESIAN_POINT('',(-494.,585.,1294.));
#1587=VERTEX_POINT('',#1586);
#1588=CARTESIAN_POINT('',(-494.,575.,1294.));
#1589=DIRECTION('',(1.,0.,0.));
#1590=DIRECTION('',(0.,0.,-1.));
#1591=AXIS2_PLACEMENT_3D('',#1588,#1589,#1590);
#1592=CIRCLE('',#1591,10.);
#1593=EDGE_CURVE('',#1587,#1577,#1592,.T.);
#1594=ORIENTED_EDGE('',*,*,#1593,.F.);
#1595=CARTESIAN_POINT('',(-442.,585.,1294.));
#1596=VERTEX_POINT('',#1595);
#1597=CARTESIAN_POINT('',(-442.,585.,1294.));
#1598=DIRECTION('',(-1.,-0.,0.));
#1599=VECTOR('',#1598,52.);
#1600=LINE('',#1597,#1599);
#1601=EDGE_CURVE('',#1596,#1587,#1600,.T.);
#1602=ORIENTED_EDGE('',*,*,#1601,.F.);
#1603=CARTESIAN_POINT('',(-442.,575.,1294.));
#1604=DIRECTION('',(-1.,0.,0.));
#1605=DIRECTION('',(0.,0.,1.));
#1606=AXIS2_PLACEMENT_3D('',#1603,#1604,#1605);
#1607=CIRCLE('',#1606,10.);
#1608=EDGE_CURVE('',#1579,#1596,#1607,.T.);
#1609=ORIENTED_EDGE('',*,*,#1608,.F.);
#1610=EDGE_LOOP('',(#1585,#1594,#1602,#1609));
#1611=FACE_BOUND('',#1610,.T.);
#1612=ADVANCED_FACE('',(#1611),#1575,.F.);
#1613=CARTESIAN_POINT('',(-447.,579.,1304.));
#1614=DIRECTION('',(0.,0.,1.));
#1615=DIRECTION('',(1.,0.,0.));
#1616=AXIS2_PLACEMENT_3D('',#1613,#1614,#1615);
#1617=PLANE('',#1616);
#1618=ORIENTED_EDGE('',*,*,#1560,.F.);
#1619=CARTESIAN_POINT('',(-494.,575.,1304.));
#1620=DIRECTION('',(0.,-1.,0.));
#1621=VECTOR('',#1620,6.610948334);
#1622=LINE('',#1619,#1621);
#1623=EDGE_CURVE('',#1577,#1547,#1622,.T.);
#1624=ORIENTED_EDGE('',*,*,#1623,.F.);
#1625=ORIENTED_EDGE('',*,*,#1584,.T.);
#1626=CARTESIAN_POINT('',(-442.,568.375376607,1304.));
#1627=VERTEX_POINT('',#1626);
#1628=CARTESIAN_POINT('',(-442.,568.375376607,1304.));
#1629=DIRECTION('',(-0.,1.,-0.));
#1630=VECTOR('',#1629,6.624623393);
#1631=LINE('',#1628,#1630);
#1632=EDGE_CURVE('',#1627,#1579,#1631,.T.);
#1633=ORIENTED_EDGE('',*,*,#1632,.F.);
#1634=CARTESIAN_POINT('',(-443.,568.389051666,1304.));
#1635=CARTESIAN_POINT('',(-442.499906518,568.389050073,1304.));
#1636=CARTESIAN_POINT('',(-442.,568.375376607,1304.));
#1637=(BOUNDED_CURVE()
B_SPLINE_CURVE(2,(#1634,#1635,#1636),.UNSPECIFIED.,.F.,.F.)
B_SPLINE_CURVE_WITH_KNOTS((3,3),(0.,1.56658357),.UNSPECIFIED.)
CURVE()
GEOMETRIC_REPRESENTATION_ITEM()
RATIONAL_B_SPLINE_CURVE((1.,0.999906553,1.))
REPRESENTATION_ITEM(''));
#1638=EDGE_CURVE('',#1555,#1627,#1637,.T.);
#1639=ORIENTED_EDGE('',*,*,#1638,.F.);
#1640=EDGE_LOOP('',(#1618,#1624,#1625,#1633,#1639));
#1641=FACE_BOUND('',#1640,.T.);
#1642=ADVANCED_FACE('',(#1641),#1617,.F.);
#1643=CARTESIAN_POINT('',(-399.5,585.,1266.));
#1644=DIRECTION('',(0.,1.,0.));
#1645=DIRECTION('',(0.,0.,1.));
#1646=AXIS2_PLACEMENT_3D('',#1643,#1644,#1645);
#1647=PLANE('',#1646);
#1648=CARTESIAN_POINT('',(-425.,585.,1278.99848481));
#1649=VERTEX_POINT('',#1648);
#1650=CARTESIAN_POINT('',(-425.,585.,1281.99848481));
#1651=DIRECTION('',(0.,-1.,0.));
#1652=DIRECTION('',(0.,0.,-1.));
#1653=AXIS2_PLACEMENT_3D('',#1650,#1651,#1652);
#1654=CIRCLE('',#1653,3.);
#1655=EDGE_CURVE('',#1649,#1649,#1654,.T.);
#1656=ORIENTED_EDGE('',*,*,#1655,.F.);
#1657=EDGE_LOOP('',(#1656));
#1658=FACE_BOUND('',#1657,.T.);
#1659=ORIENTED_EDGE('',*,*,#1601,.T.);
#1660=CARTESIAN_POINT('',(-494.,585.,1292.3));
#1661=VERTEX_POINT('',#1660);
#1662=CARTESIAN_POINT('',(-494.,585.,1292.3));
#1663=DIRECTION('',(0.,0.,1.));
#1664=VECTOR('',#1663,1.7);
#1665=LINE('',#1662,#1664);
#1666=EDGE_CURVE('',#1661,#1587,#1665,.T.);
#1667=ORIENTED_EDGE('',*,*,#1666,.F.);
#1668=CARTESIAN_POINT('',(-447.37151593,585.,1292.3));
#1669=VERTEX_POINT('',#1668);
#1670=CARTESIAN_POINT('',(-494.,585.,1292.3));
#1671=DIRECTION('',(1.,0.,-0.));
#1672=VECTOR('',#1671,46.62848407);
#1673=LINE('',#1670,#1672);
#1674=EDGE_CURVE('',#1661,#1669,#1673,.T.);
#1675=ORIENTED_EDGE('',*,*,#1674,.T.);
#1676=CARTESIAN_POINT('',(-447.37151593,585.,1292.3));
#1677=DIRECTION('',(-0.,-0.,-1.));
#1678=VECTOR('',#1677,21.8);
#1679=LINE('',#1676,#1678);
#1680=EDGE_CURVE('',#1669,#1015,#1679,.T.);
#1681=ORIENTED_EDGE('',*,*,#1680,.T.);
#1682=ORIENTED_EDGE('',*,*,#1022,.T.);
#1683=CARTESIAN_POINT('',(-445.217668524,585.,1275.519307034));
#1684=VERTEX_POINT('',#1683);
#1685=CARTESIAN_POINT('',(-445.217668524,585.,1275.519307034));
#1686=DIRECTION('',(0.,0.,-1.));
#1687=VECTOR('',#1686,5.019307034);
#1688=LINE('',#1685,#1687);
#1689=EDGE_CURVE('',#1684,#1017,#1688,.T.);
#1690=ORIENTED_EDGE('',*,*,#1689,.F.);
#1691=CARTESIAN_POINT('',(-417.303356277,585.,1275.519307034));
#1692=VERTEX_POINT('',#1691);
#1693=CARTESIAN_POINT('',(-417.303356277,585.,1275.519307034));
#1694=DIRECTION('',(-1.,0.,0.));
#1695=VECTOR('',#1694,27.914312247);
#1696=LINE('',#1693,#1695);
#1697=EDGE_CURVE('',#1692,#1684,#1696,.T.);
#1698=ORIENTED_EDGE('',*,*,#1697,.F.);
#1699=CARTESIAN_POINT('',(-416.796241543,585.,1288.876181274));
#1700=VERTEX_POINT('',#1699);
#1701=CARTESIAN_POINT('',(-411.80151519,585.,1281.99848481));
#1702=DIRECTION('',(0.,1.,0.));
#1703=DIRECTION('',(0.,-0.,1.));
#1704=AXIS2_PLACEMENT_3D('',#1701,#1702,#1703);
#1705=CIRCLE('',#1704,8.5);
#1706=EDGE_CURVE('',#1692,#1700,#1705,.T.);
#1707=ORIENTED_EDGE('',*,*,#1706,.T.);
#1708=CARTESIAN_POINT('',(-416.796241543,585.,1293.));
#1709=VERTEX_POINT('',#1708);
#1710=CARTESIAN_POINT('',(-416.796241543,585.,1293.));
#1711=DIRECTION('',(0.,0.,-1.));
#1712=VECTOR('',#1711,4.123818726);
#1713=LINE('',#1710,#1712);
#1714=EDGE_CURVE('',#1709,#1700,#1713,.T.);
#1715=ORIENTED_EDGE('',*,*,#1714,.F.);
#1716=CARTESIAN_POINT('',(-432.672620947,585.,1293.));
#1717=VERTEX_POINT('',#1716);
#1718=CARTESIAN_POINT('',(-432.672620947,585.,1293.));
#1719=DIRECTION('',(1.,0.,-0.));
#1720=VECTOR('',#1719,15.876379404);
#1721=LINE('',#1718,#1720);
#1722=EDGE_CURVE('',#1717,#1709,#1721,.T.);
#1723=ORIENTED_EDGE('',*,*,#1722,.F.);
#1724=CARTESIAN_POINT('',(-442.,585.,1250.));
#1725=DIRECTION('',(-0.,-1.,-0.));
#1726=DIRECTION('',(0.,-0.,1.));
#1727=AXIS2_PLACEMENT_3D('',#1724,#1725,#1726);
#1728=CIRCLE('',#1727,44.);
#1729=EDGE_CURVE('',#1717,#1596,#1728,.T.);
#1730=ORIENTED_EDGE('',*,*,#1729,.T.);
#1731=EDGE_LOOP('',(#1659,#1667,#1675,#1681,#1682,#1690,#1698,#1707,#1715,#1723,#1730));
#1732=FACE_BOUND('',#1731,.T.);
#1733=ADVANCED_FACE('',(#1658,#1732),#1647,.F.);
#1734=CARTESIAN_POINT('',(-425.,580.,1281.99848481));
#1735=DIRECTION('',(0.,1.,0.));
#1736=DIRECTION('',(0.,-0.,1.));
#1737=AXIS2_PLACEMENT_3D('',#1734,#1735,#1736);
#1738=CYLINDRICAL_SURFACE('',#1737,1.7);
#1739=CARTESIAN_POINT('',(-425.,590.,1283.69848481));
#1740=VERTEX_POINT('',#1739);
#1741=CARTESIAN_POINT('',(-425.,592.5,1283.69848481));
#1742=DIRECTION('',(-0.,-1.,-0.));
#1743=VECTOR('',#1742,2.5);
#1744=LINE('',#1741,#1743);
#1745=EDGE_CURVE('',#1093,#1740,#1744,.T.);
#1746=ORIENTED_EDGE('',*,*,#1745,.F.);
#1747=ORIENTED_EDGE('',*,*,#1099,.T.);
#1748=ORIENTED_EDGE('',*,*,#1745,.T.);
#1749=CARTESIAN_POINT('',(-425.,590.,1281.99848481));
#1750=DIRECTION('',(0.,1.,0.));
#1751=DIRECTION('',(0.,-0.,1.));
#1752=AXIS2_PLACEMENT_3D('',#1749,#1750,#1751);
#1753=CIRCLE('',#1752,1.7);
#1754=EDGE_CURVE('',#1740,#1740,#1753,.T.);
#1755=ORIENTED_EDGE('',*,*,#1754,.F.);
#1756=EDGE_LOOP('',(#1746,#1747,#1748,#1755));
#1757=FACE_BOUND('',#1756,.T.);
#1758=ADVANCED_FACE('',(#1757),#1738,.F.);
#1759=CARTESIAN_POINT('',(-425.,580.,1281.99848481));
#1760=DIRECTION('',(0.,1.,0.));
#1761=DIRECTION('',(0.,-0.,1.));
#1762=AXIS2_PLACEMENT_3D('',#1759,#1760,#1761);
#1763=CYLINDRICAL_SURFACE('',#1762,1.7);
#1764=CARTESIAN_POINT('',(-425.,601.,1283.69848481));
#1765=VERTEX_POINT('',#1764);
#1766=CARTESIAN_POINT('',(-425.,597.,1283.69848481));
#1767=VERTEX_POINT('',#1766);
#1768=CARTESIAN_POINT('',(-425.,601.,1283.69848481));
#1769=DIRECTION('',(-0.,-1.,-0.));
#1770=VECTOR('',#1769,4.);
#1771=LINE('',#1768,#1770);
#1772=EDGE_CURVE('',#1765,#1767,#1771,.T.);
#1773=ORIENTED_EDGE('',*,*,#1772,.F.);
#1774=CARTESIAN_POINT('',(-425.,601.,1281.99848481));
#1775=DIRECTION('',(0.,1.,0.));
#1776=DIRECTION('',(0.,-0.,1.));
#1777=AXIS2_PLACEMENT_3D('',#1774,#1775,#1776);
#1778=CIRCLE('',#1777,1.7);
#1779=EDGE_CURVE('',#1765,#1765,#1778,.T.);
#1780=ORIENTED_EDGE('',*,*,#1779,.T.);
#1781=ORIENTED_EDGE('',*,*,#1772,.T.);
#1782=CARTESIAN_POINT('',(-425.,597.,1281.99848481));
#1783=DIRECTION('',(-0.,-1.,-0.));
#1784=DIRECTION('',(0.,-0.,1.));
#1785=AXIS2_PLACEMENT_3D('',#1782,#1783,#1784);
#1786=CIRCLE('',#1785,1.7);
#1787=EDGE_CURVE('',#1767,#1767,#1786,.T.);
#1788=ORIENTED_EDGE('',*,*,#1787,.T.);
#1789=EDGE_LOOP('',(#1773,#1780,#1781,#1788));
#1790=FACE_BOUND('',#1789,.T.);
#1791=ADVANCED_FACE('',(#1790),#1763,.F.);
#1792=CARTESIAN_POINT('',(-393.,552.,1281.99848481));
#1793=DIRECTION('',(0.,1.,0.));
#1794=DIRECTION('',(0.,-0.,1.));
#1795=AXIS2_PLACEMENT_3D('',#1792,#1793,#1794);
#1796=CYLINDRICAL_SURFACE('',#1795,1.7);
#1797=CARTESIAN_POINT('',(-393.,573.5,1283.69848481));
#1798=VERTEX_POINT('',#1797);
#1799=CARTESIAN_POINT('',(-393.,592.5,1283.69848481));
#1800=DIRECTION('',(-0.,-1.,-0.));
#1801=VECTOR('',#1800,19.);
#1802=LINE('',#1799,#1801);
#1803=EDGE_CURVE('',#1082,#1798,#1802,.T.);
#1804=ORIENTED_EDGE('',*,*,#1803,.F.);
#1805=ORIENTED_EDGE('',*,*,#1088,.T.);
#1806=ORIENTED_EDGE('',*,*,#1803,.T.);
#1807=CARTESIAN_POINT('',(-393.,573.5,1281.99848481));
#1808=DIRECTION('',(0.,1.,0.));
#1809=DIRECTION('',(0.,-0.,1.));
#1810=AXIS2_PLACEMENT_3D('',#1807,#1808,#1809);
#1811=CIRCLE('',#1810,1.7);
#1812=EDGE_CURVE('',#1798,#1798,#1811,.T.);
#1813=ORIENTED_EDGE('',*,*,#1812,.F.);
#1814=EDGE_LOOP('',(#1804,#1805,#1806,#1813));
#1815=FACE_BOUND('',#1814,.T.);
#1816=ADVANCED_FACE('',(#1815),#1796,.F.);
#1817=CARTESIAN_POINT('',(-393.,552.,1281.99848481));
#1818=DIRECTION('',(0.,1.,0.));
#1819=DIRECTION('',(0.,-0.,1.));
#1820=AXIS2_PLACEMENT_3D('',#1817,#1818,#1819);
#1821=CYLINDRICAL_SURFACE('',#1820,1.7);
#1822=CARTESIAN_POINT('',(-393.,600.2,1283.69848481));
#1823=VERTEX_POINT('',#1822);
#1824=CARTESIAN_POINT('',(-393.,597.,1283.69848481));
#1825=VERTEX_POINT('',#1824);
#1826=CARTESIAN_POINT('',(-393.,600.2,1283.69848481));
#1827=DIRECTION('',(-0.,-1.,-0.));
#1828=VECTOR('',#1827,3.2);
#1829=LINE('',#1826,#1828);
#1830=EDGE_CURVE('',#1823,#1825,#1829,.T.);
#1831=ORIENTED_EDGE('',*,*,#1830,.F.);
#1832=CARTESIAN_POINT('',(-393.,600.2,1281.99848481));
#1833=DIRECTION('',(0.,1.,0.));
#1834=DIRECTION('',(0.,-0.,1.));
#1835=AXIS2_PLACEMENT_3D('',#1832,#1833,#1834);
#1836=CIRCLE('',#1835,1.7);
#1837=EDGE_CURVE('',#1823,#1823,#1836,.T.);
#1838=ORIENTED_EDGE('',*,*,#1837,.T.);
#1839=ORIENTED_EDGE('',*,*,#1830,.T.);
#1840=CARTESIAN_POINT('',(-393.,597.,1281.99848481));
#1841=DIRECTION('',(-0.,-1.,-0.));
#1842=DIRECTION('',(0.,-0.,1.));
#1843=AXIS2_PLACEMENT_3D('',#1840,#1841,#1842);
#1844=CIRCLE('',#1843,1.7);
#1845=EDGE_CURVE('',#1825,#1825,#1844,.T.);
#1846=ORIENTED_EDGE('',*,*,#1845,.T.);
#1847=EDGE_LOOP('',(#1831,#1838,#1839,#1846));
#1848=FACE_BOUND('',#1847,.T.);
#1849=ADVANCED_FACE('',(#1848),#1821,.F.);
#1850=CARTESIAN_POINT('',(-442.,575.,1250.));
#1851=DIRECTION('',(0.,1.,0.));
#1852=DIRECTION('',(0.,-0.,1.));
#1853=AXIS2_PLACEMENT_3D('',#1850,#1851,#1852);
#1854=TOROIDAL_SURFACE('',#1853,44.,10.);
#1855=CARTESIAN_POINT('',(-416.796241543,583.116065015,1293.));
#1856=VERTEX_POINT('',#1855);
#1857=CARTESIAN_POINT('',(-432.672620947,585.,1293.));
#1858=CARTESIAN_POINT('',(-431.33095992,585.,1293.));
#1859=CARTESIAN_POINT('',(-429.990692687,584.988254157,1293.));
#1860=CARTESIAN_POINT('',(-428.653869993,584.947480341,1293.));
#1861=CARTESIAN_POINT('',(-427.317047299,584.906706525,1293.));
#1862=CARTESIAN_POINT('',(-425.983659937,584.836982331,1293.));
#1863=CARTESIAN_POINT('',(-424.656345409,584.716080886,1293.));
#1864=CARTESIAN_POINT('',(-423.329030881,584.59517944,1293.));
#1865=CARTESIAN_POINT('',(-422.007733157,584.423572915,1293.));
#1866=CARTESIAN_POINT('',(-420.696120621,584.170346953,1293.));
#1867=CARTESIAN_POINT('',(-420.040314353,584.043733973,1293.));
#1868=CARTESIAN_POINT('',(-419.386947855,583.896560459,1293.));
#1869=CARTESIAN_POINT('',(-418.73669716,583.723129306,1293.));
#1870=CARTESIAN_POINT('',(-418.086446466,583.549698154,1293.));
#1871=CARTESIAN_POINT('',(-417.4392972,583.350130508,1293.));
#1872=CARTESIAN_POINT('',(-416.796241543,583.116065015,1293.));
#1873=B_SPLINE_CURVE_WITH_KNOTS('',3,(#1857,#1858,#1859,#1860,#1861,#1862,#1863,#1864,#1865,#1866,#1867,#1868,#1869,#1870,#1871,#1872),.UNSPECIFIED.,.F.,.F.,(4,3,3,3,3,4),(0.,0.003996941,0.007993883,0.011990824,0.013989294,0.015987765),.UNSPECIFIED.);
#1874=EDGE_CURVE('',#1717,#1856,#1873,.T.);
#1875=ORIENTED_EDGE('',*,*,#1874,.T.);
#1876=CARTESIAN_POINT('',(-416.796241543,584.72446212,1288.876181274));
#1877=VERTEX_POINT('',#1876);
#1878=CARTESIAN_POINT('',(-416.796241543,583.116065015,1293.));
#1879=CARTESIAN_POINT('',(-416.796241543,583.511927529,1292.362540788));
#1880=CARTESIAN_POINT('',(-416.796241543,583.838439823,1291.698033178));
#1881=CARTESIAN_POINT('',(-416.796241543,584.104695479,1291.010023904));
#1882=CARTESIAN_POINT('',(-416.796241543,584.370951134,1290.322014629));
#1883=CARTESIAN_POINT('',(-416.796241543,584.576762143,1289.610430363));
#1884=CARTESIAN_POINT('',(-416.796241543,584.72446212,1288.876181274));
#1885=B_SPLINE_CURVE_WITH_KNOTS('',3,(#1878,#1879,#1880,#1881,#1882,#1883,#1884),.UNSPECIFIED.,.F.,.F.,(4,3,4),(0.,0.002213189,0.004426378),.UNSPECIFIED.);
#1886=EDGE_CURVE('',#1856,#1877,#1885,.T.);
#1887=ORIENTED_EDGE('',*,*,#1886,.T.);
#1888=CARTESIAN_POINT('',(-411.801515189,582.583841453,1290.498471249));
#1889=VERTEX_POINT('',#1888);
#1890=CARTESIAN_POINT('',(-416.796241543,584.72446212,1288.876181274));
#1891=CARTESIAN_POINT('',(-416.334929373,584.596910515,1289.211195776));
#1892=CARTESIAN_POINT('',(-415.857705196,584.433181189,1289.48787403));
#1893=CARTESIAN_POINT('',(-415.365797461,584.241985432,1289.715083276));
#1894=CARTESIAN_POINT('',(-415.119843594,584.146387553,1289.8286879));
#1895=CARTESIAN_POINT('',(-414.870181829,584.043824882,1289.929779237));
#1896=CARTESIAN_POINT('',(-414.616745187,583.934996136,1290.018739174));
#1897=CARTESIAN_POINT('',(-414.363308544,583.82616739,1290.107699111));
#1898=CARTESIAN_POINT('',(-414.105887846,583.710919608,1290.184422408));
#1899=CARTESIAN_POINT('',(-413.84966421,583.592453773,1290.24803544));
#1900=CARTESIAN_POINT('',(-413.337216939,583.355522104,1290.375261503));
#1901=CARTESIAN_POINT('',(-412.824422096,583.103551381,1290.452504297));
#1902=CARTESIAN_POINT('',(-412.308851034,582.842676146,1290.483330733));
#1903=CARTESIAN_POINT('',(-412.051065503,582.712238528,1290.498743951));
#1904=CARTESIAN_POINT('',(-411.791553057,582.579028332,1290.502382983));
#1905=CARTESIAN_POINT('',(-411.534048723,582.446054444,1290.494275632));
#1906=CARTESIAN_POINT('',(-411.27654439,582.313080555,1290.486168281));
#1907=CARTESIAN_POINT('',(-411.0209585,582.180301972,1290.4664438));
#1908=CARTESIAN_POINT('',(-410.766742,582.048748942,1290.43526408));
#1909=CARTESIAN_POINT('',(-410.258308998,581.785642883,1290.372904639));
#1910=CARTESIAN_POINT('',(-409.755513283,581.526901014,1290.265371095));
#1911=CARTESIAN_POINT('',(-409.252969766,581.284971969,1290.107425322));
#1912=CARTESIAN_POINT('',(-409.001698008,581.164007446,1290.028452435));
#1913=CARTESIAN_POINT('',(-408.7498266,581.047139541,1289.936333442));
#1914=CARTESIAN_POINT('',(-408.502119065,580.93933972,1289.832001594));
#1915=CARTESIAN_POINT('',(-408.25441153,580.831539898,1289.727669746));
#1916=CARTESIAN_POINT('',(-408.009732704,580.732222439,1289.610849313));
#1917=CARTESIAN_POINT('',(-407.767542652,580.644474614,1289.480267055));
#1918=CARTESIAN_POINT('',(-407.525352601,580.556726789,1289.349684798));
#1919=CARTESIAN_POINT('',(-407.284915693,580.480353328,1289.204867005));
#1920=CARTESIAN_POINT('',(-407.048080147,580.419996249,1289.045104942));
#1921=CARTESIAN_POINT('',(-406.8112446,580.359639169,1288.885342879));
#1922=CARTESIAN_POINT('',(-406.582334301,580.316445362,1288.713605277));
#1923=CARTESIAN_POINT('',(-406.361382439,580.292520381,1288.529560958));
#1924=CARTESIAN_POINT('',(-406.140430577,580.2685954,1288.345516639));
#1925=CARTESIAN_POINT('',(-405.927057606,580.263998151,1288.148778234));
#1926=CARTESIAN_POINT('',(-405.722838214,580.279889946,1287.939838715));
#1927=CARTESIAN_POINT('',(-405.518618822,580.295781742,1287.730899196));
#1928=CARTESIAN_POINT('',(-405.328686927,580.331623732,1287.515115318));
#1929=CARTESIAN_POINT('',(-405.151725027,580.384407173,1287.292848869));
#1930=CARTESIAN_POINT('',(-404.797801227,580.489974055,1286.84831597));
#1931=CARTESIAN_POINT('',(-404.494008678,580.665601705,1286.373392285));
#1932=CARTESIAN_POINT('',(-404.247357284,580.873299166,1285.895239656));
#1933=CARTESIAN_POINT('',(-404.000705891,581.080996626,1285.417087028));
#1934=CARTESIAN_POINT('',(-403.805992114,581.321486381,1284.930141502));
#1935=CARTESIAN_POINT('',(-403.656559203,581.577239401,1284.429470613));
#1936=CARTESIAN_POINT('',(-403.507126293,581.832992421,1283.928799724));
#1937=CARTESIAN_POINT('',(-403.406721668,582.098370796,1283.425887636));
#1938=CARTESIAN_POINT('',(-403.35150055,582.361906353,1282.918948055));
#1939=CARTESIAN_POINT('',(-403.296279433,582.62544191,1282.412008474));
#1940=CARTESIAN_POINT('',(-403.286087187,582.887938308,1281.90025157));
#1941=CARTESIAN_POINT('',(-403.324051225,583.142664984,1281.379934304));
#1942=CARTESIAN_POINT('',(-403.343033245,583.270028321,1281.119775671));
#1943=CARTESIAN_POINT('',(-403.374230736,583.394985311,1280.85838434));
#1944=CARTESIAN_POINT('',(-403.417456358,583.514959224,1280.599357402));
#1945=CARTESIAN_POINT('',(-403.460681981,583.634933137,1280.340330464));
#1946=CARTESIAN_POINT('',(-403.516001356,583.750479416,1280.082569451));
#1947=CARTESIAN_POINT('',(-403.583864633,583.8608657,1279.825878237));
#1948=CARTESIAN_POINT('',(-403.651727909,583.971251985,1279.569187024));
#1949=CARTESIAN_POINT('',(-403.732134632,584.076492047,1279.313571394));
#1950=CARTESIAN_POINT('',(-403.826003847,584.175694683,1279.058889802));
#1951=CARTESIAN_POINT('',(-403.919873061,584.274897319,1278.80420821));
#1952=CARTESIAN_POINT('',(-404.027992674,584.368569275,1278.548935417));
#1953=CARTESIAN_POINT('',(-404.148798468,584.453547165,1278.299035287));
#1954=CARTESIAN_POINT('',(-404.390410057,584.623502946,1277.799235025));
#1955=CARTESIAN_POINT('',(-404.681335281,584.759340669,1277.320887714));
#1956=CARTESIAN_POINT('',(-405.026615738,584.853912685,1276.865187876));
#1957=CARTESIAN_POINT('',(-405.199255966,584.901198693,1276.637337957));
#1958=CARTESIAN_POINT('',(-405.386552075,584.938089221,1276.414373269));
#1959=CARTESIAN_POINT('',(-405.584249138,584.962711869,1276.202313415));
#1960=CARTESIAN_POINT('',(-405.781946201,584.987334518,1275.990253561));
#1961=CARTESIAN_POINT('',(-405.990737505,585.,1275.787985417));
#1962=CARTESIAN_POINT('',(-406.210917733,585.,1275.595733833));
#1963=B_SPLINE_CURVE_WITH_KNOTS('',3,(#1890,#1891,#1892,#1893,#1894,#1895,#1896,#1897,#1898,#1899,#1900,#1901,#1902,#1903,#1904,#1905,#1906,#1907,#1908,#1909,#1910,#1911,#1912,#1913,#1914,#1915,
#1916,#1917,#1918,#1919,#1920,#1921,#1922,#1923,#1924,#1925,#1926,#1927,#1928,#1929,#1930,#1931,#1932,#1933,#1934,#1935,#1936,#1937,#1938,#1939,#1940,
#1941,#1942,#1943,#1944,#1945,#1946,#1947,#1948,#1949,#1950,#1951,#1952,#1953,#1954,#1955,#1956,#1957,#1958,#1959,#1960,#1961,#1962),.UNSPECIFIED.,.F.,.F.,(4,3,3,3,3,3,3,3,3,3,3,3,3,3,3,3,3,3,3,3,3,3,3,3,4),(0.,0.001722601,0.002583902,0.003445202,0.005167803,0.006029104,0.006890405,0.008613006,0.009474306,0.010335607,0.011196907,0.012058208,0.012919509,0.013780809,0.01550341,0.017226011,0.018948613,0.020671214,0.021532514,0.022393815,0.023255115,0.024116416,0.025839017,0.026700318,0.027561618),.UNSPECIFIED.);
#1964=EDGE_CURVE('',#1877,#1889,#1963,.T.);
#1965=ORIENTED_EDGE('',*,*,#1964,.T.);
#1966=CARTESIAN_POINT('',(-406.210917733,585.,1275.595733833));
#1967=VERTEX_POINT('',#1966);
#1968=CARTESIAN_POINT('',(-416.796241543,584.72446212,1288.876181274));
#1969=CARTESIAN_POINT('',(-416.334929373,584.596910515,1289.211195776));
#1970=CARTESIAN_POINT('',(-415.857705196,584.433181189,1289.48787403));
#1971=CARTESIAN_POINT('',(-415.365797461,584.241985432,1289.715083276));
#1972=CARTESIAN_POINT('',(-415.119843594,584.146387553,1289.8286879));
#1973=CARTESIAN_POINT('',(-414.870181829,584.043824882,1289.929779237));
#1974=CARTESIAN_POINT('',(-414.616745187,583.934996136,1290.018739174));
#1975=CARTESIAN_POINT('',(-414.363308544,583.82616739,1290.107699111));
#1976=CARTESIAN_POINT('',(-414.105887846,583.710919608,1290.184422408));
#1977=CARTESIAN_POINT('',(-413.84966421,583.592453773,1290.24803544));
#1978=CARTESIAN_POINT('',(-413.337216939,583.355522104,1290.375261503));
#1979=CARTESIAN_POINT('',(-412.824422096,583.103551381,1290.452504297));
#1980=CARTESIAN_POINT('',(-412.308851034,582.842676146,1290.483330733));
#1981=CARTESIAN_POINT('',(-412.051065503,582.712238528,1290.498743951));
#1982=CARTESIAN_POINT('',(-411.791553057,582.579028332,1290.502382983));
#1983=CARTESIAN_POINT('',(-411.534048723,582.446054444,1290.494275632));
#1984=CARTESIAN_POINT('',(-411.27654439,582.313080555,1290.486168281));
#1985=CARTESIAN_POINT('',(-411.0209585,582.180301972,1290.4664438));
#1986=CARTESIAN_POINT('',(-410.766742,582.048748942,1290.43526408));
#1987=CARTESIAN_POINT('',(-410.258308998,581.785642883,1290.372904639));
#1988=CARTESIAN_POINT('',(-409.755513283,581.526901014,1290.265371095));
#1989=CARTESIAN_POINT('',(-409.252969766,581.284971969,1290.107425322));
#1990=CARTESIAN_POINT('',(-409.001698008,581.164007446,1290.028452435));
#1991=CARTESIAN_POINT('',(-408.7498266,581.047139541,1289.936333442));
#1992=CARTESIAN_POINT('',(-408.502119065,580.93933972,1289.832001594));
#1993=CARTESIAN_POINT('',(-408.25441153,580.831539898,1289.727669746));
#1994=CARTESIAN_POINT('',(-408.009732704,580.732222439,1289.610849313));
#1995=CARTESIAN_POINT('',(-407.767542652,580.644474614,1289.480267055));
#1996=CARTESIAN_POINT('',(-407.525352601,580.556726789,1289.349684798));
#1997=CARTESIAN_POINT('',(-407.284915693,580.480353328,1289.204867005));
#1998=CARTESIAN_POINT('',(-407.048080147,580.419996249,1289.045104942));
#1999=CARTESIAN_POINT('',(-406.8112446,580.359639169,1288.885342879));
#2000=CARTESIAN_POINT('',(-406.582334301,580.316445362,1288.713605277));
#2001=CARTESIAN_POINT('',(-406.361382439,580.292520381,1288.529560958));
#2002=CARTESIAN_POINT('',(-406.140430577,580.2685954,1288.345516639));
#2003=CARTESIAN_POINT('',(-405.927057606,580.263998151,1288.148778234));
#2004=CARTESIAN_POINT('',(-405.722838214,580.279889946,1287.939838715));
#2005=CARTESIAN_POINT('',(-405.518618822,580.295781742,1287.730899196));
#2006=CARTESIAN_POINT('',(-405.328686927,580.331623732,1287.515115318));
#2007=CARTESIAN_POINT('',(-405.151725027,580.384407173,1287.292848869));
#2008=CARTESIAN_POINT('',(-404.797801227,580.489974055,1286.84831597));
#2009=CARTESIAN_POINT('',(-404.494008678,580.665601705,1286.373392285));
#2010=CARTESIAN_POINT('',(-404.247357284,580.873299166,1285.895239656));
#2011=CARTESIAN_POINT('',(-404.000705891,581.080996626,1285.417087028));
#2012=CARTESIAN_POINT('',(-403.805992114,581.321486381,1284.930141502));
#2013=CARTESIAN_POINT('',(-403.656559203,581.577239401,1284.429470613));
#2014=CARTESIAN_POINT('',(-403.507126293,581.832992421,1283.928799724));
#2015=CARTESIAN_POINT('',(-403.406721668,582.098370796,1283.425887636));
#2016=CARTESIAN_POINT('',(-403.35150055,582.361906353,1282.918948055));
#2017=CARTESIAN_POINT('',(-403.296279433,582.62544191,1282.412008474));
#2018=CARTESIAN_POINT('',(-403.286087187,582.887938308,1281.90025157));
#2019=CARTESIAN_POINT('',(-403.324051225,583.142664984,1281.379934304));
#2020=CARTESIAN_POINT('',(-403.343033245,583.270028321,1281.119775671));
#2021=CARTESIAN_POINT('',(-403.374230736,583.394985311,1280.85838434));
#2022=CARTESIAN_POINT('',(-403.417456358,583.514959224,1280.599357402));
#2023=CARTESIAN_POINT('',(-403.460681981,583.634933137,1280.340330464));
#2024=CARTESIAN_POINT('',(-403.516001356,583.750479416,1280.082569451));
#2025=CARTESIAN_POINT('',(-403.583864633,583.8608657,1279.825878237));
#2026=CARTESIAN_POINT('',(-403.651727909,583.971251985,1279.569187024));
#2027=CARTESIAN_POINT('',(-403.732134632,584.076492047,1279.313571394));
#2028=CARTESIAN_POINT('',(-403.826003847,584.175694683,1279.058889802));
#2029=CARTESIAN_POINT('',(-403.919873061,584.274897319,1278.80420821));
#2030=CARTESIAN_POINT('',(-404.027992674,584.368569275,1278.548935417));
#2031=CARTESIAN_POINT('',(-404.148798468,584.453547165,1278.299035287));
#2032=CARTESIAN_POINT('',(-404.390410057,584.623502946,1277.799235025));
#2033=CARTESIAN_POINT('',(-404.681335281,584.759340669,1277.320887714));
#2034=CARTESIAN_POINT('',(-405.026615738,584.853912685,1276.865187876));
#2035=CARTESIAN_POINT('',(-405.199255966,584.901198693,1276.637337957));
#2036=CARTESIAN_POINT('',(-405.386552075,584.938089221,1276.414373269));
#2037=CARTESIAN_POINT('',(-405.584249138,584.962711869,1276.202313415));
#2038=CARTESIAN_POINT('',(-405.781946201,584.987334518,1275.990253561));
#2039=CARTESIAN_POINT('',(-405.990737505,585.,1275.787985417));
#2040=CARTESIAN_POINT('',(-406.210917733,585.,1275.595733833));
#2041=B_SPLINE_CURVE_WITH_KNOTS('',3,(#1968,#1969,#1970,#1971,#1972,#1973,#1974,#1975,#1976,#1977,#1978,#1979,#1980,#1981,#1982,#1983,#1984,#1985,#1986,#1987,#1988,#1989,#1990,#1991,#1992,#1993,
#1994,#1995,#1996,#1997,#1998,#1999,#2000,#2001,#2002,#2003,#2004,#2005,#2006,#2007,#2008,#2009,#2010,#2011,#2012,#2013,#2014,#2015,#2016,#2017,#2018,
#2019,#2020,#2021,#2022,#2023,#2024,#2025,#2026,#2027,#2028,#2029,#2030,#2031,#2032,#2033,#2034,#2035,#2036,#2037,#2038,#2039,#2040),.UNSPECIFIED.,.F.,.F.,(4,3,3,3,3,3,3,3,3,3,3,3,3,3,3,3,3,3,3,3,3,3,3,3,4),(0.,0.001722601,0.002583902,0.003445202,0.005167803,0.006029104,0.006890405,0.008613006,0.009474306,0.010335607,0.011196907,0.012058208,0.012919509,0.013780809,0.01550341,0.017226011,0.018948613,0.020671214,0.021532514,0.022393815,0.023255115,0.024116416,0.025839017,0.026700318,0.027561618),.UNSPECIFIED.);
#2042=EDGE_CURVE('',#1889,#1967,#2041,.T.);
#2043=ORIENTED_EDGE('',*,*,#2042,.T.);
#2044=CARTESIAN_POINT('',(-406.15638176,585.,1275.519307034));
#2045=VERTEX_POINT('',#2044);
#2046=CARTESIAN_POINT('',(-442.,585.,1250.));
#2047=DIRECTION('',(-0.,-1.,-0.));
#2048=DIRECTION('',(0.,-0.,1.));
#2049=AXIS2_PLACEMENT_3D('',#2046,#2047,#2048);
#2050=CIRCLE('',#2049,44.);
#2051=EDGE_CURVE('',#2045,#1967,#2050,.T.);
#2052=ORIENTED_EDGE('',*,*,#2051,.F.);
#2053=CARTESIAN_POINT('',(-394.410453159,575.,1275.519307034));
#2054=VERTEX_POINT('',#2053);
#2055=CARTESIAN_POINT('',(-394.410453159,575.,1275.519307034));
#2056=CARTESIAN_POINT('',(-394.410453159,575.722022091,1275.519307034));
#2057=CARTESIAN_POINT('',(-394.498088033,576.42873388,1275.519307034));
#2058=CARTESIAN_POINT('',(-394.668763124,577.120938079,1275.519307034));
#2059=CARTESIAN_POINT('',(-394.711431897,577.293989129,1275.519307034));
#2060=CARTESIAN_POINT('',(-394.759351278,577.466122868,1275.519307034));
#2061=CARTESIAN_POINT('',(-394.81256879,577.637330994,1275.519307034));
#2062=CARTESIAN_POINT('',(-394.865786303,577.80853912,1275.519307034));
#2063=CARTESIAN_POINT('',(-394.924518017,577.979370999,1275.519307034));
#2064=CARTESIAN_POINT('',(-394.988056926,578.147755828,1275.519307034));
#2065=CARTESIAN_POINT('',(-395.115134744,578.484525484,1275.519307034));
#2066=CARTESIAN_POINT('',(-395.260953941,578.810860761,1275.519307034));
#2067=CARTESIAN_POINT('',(-395.424475868,579.127339933,1275.519307034));
#2068=CARTESIAN_POINT('',(-395.587997796,579.443819105,1275.519307034));
#2069=CARTESIAN_POINT('',(-395.7692291,579.750438471,1275.519307034));
#2070=CARTESIAN_POINT('',(-395.967769226,580.047421043,1275.519307034));
#2071=CARTESIAN_POINT('',(-396.067039289,580.195912329,1275.519307034));
#2072=CARTESIAN_POINT('',(-396.170645015,580.341989707,1275.519307034));
#2073=CARTESIAN_POINT('',(-396.27858875,580.485651872,1275.519307034));
#2074=CARTESIAN_POINT('',(-396.386532486,580.629314037,1275.519307034));
#2075=CARTESIAN_POINT('',(-396.498983986,580.770719686,1275.519307034));
#2076=CARTESIAN_POINT('',(-396.614460424,580.908172873,1275.519307034));
#2077=CARTESIAN_POINT('',(-397.076366174,581.457985623,1275.519307034));
#2078=CARTESIAN_POINT('',(-397.59064697,581.951488521,1275.519307034));
#2079=CARTESIAN_POINT('',(-398.152586009,582.393752732,1275.519307034));
#2080=CARTESIAN_POINT('',(-398.433555529,582.614884837,1275.519307034));
#2081=CARTESIAN_POINT('',(-398.728020614,582.823987378,1275.519307034));
#2082=CARTESIAN_POINT('',(-399.030071036,583.017576599,1275.519307034));
#2083=CARTESIAN_POINT('',(-399.332121457,583.211165819,1275.519307034));
#2084=CARTESIAN_POINT('',(-399.641603025,583.389408976,1275.519307034));
#2085=CARTESIAN_POINT('',(-399.958051831,583.553264087,1275.519307034));
#2086=CARTESIAN_POINT('',(-400.590949442,583.880974309,1275.519307034));
#2087=CARTESIAN_POINT('',(-401.252116472,584.151616215,1275.519307034));
#2088=CARTESIAN_POINT('',(-401.938362757,584.367812342,1275.519307034));
#2089=CARTESIAN_POINT('',(-402.624609042,584.584008469,1275.519307034));
#2090=CARTESIAN_POINT('',(-403.319830815,584.740839911,1275.519307034));
#2091=CARTESIAN_POINT('',(-404.023036811,584.844862992,1275.519307034));
#2092=CARTESIAN_POINT('',(-404.726242808,584.948886073,1275.519307034));
#2093=CARTESIAN_POINT('',(-405.437448265,585.,1275.519307034));
#2094=CARTESIAN_POINT('',(-406.15638176,585.,1275.519307034));
#2095=B_SPLINE_CURVE_WITH_KNOTS('',3,(#2055,#2056,#2057,#2058,#2059,#2060,#2061,#2062,#2063,#2064,#2065,#2066,#2067,#2068,#2069,#2070,#2071,#2072,#2073,#2074,#2075,#2076,#2077,#2078,#2079,#2080,
#2081,#2082,#2083,#2084,#2085,#2086,#2087,#2088,#2089,#2090,#2091,#2092,#2093,#2094),.UNSPECIFIED.,.F.,.F.,(4,3,3,3,3,3,3,3,3,3,3,3,3,4),(0.,0.002133748,0.002667185,0.003200622,0.004267496,0.00533437,0.005867807,0.006401244,0.008534991,0.009601865,0.010668739,0.012802487,0.014936235,0.017069983),.UNSPECIFIED.);
#2096=EDGE_CURVE('',#2054,#2045,#2095,.T.);
#2097=ORIENTED_EDGE('',*,*,#2096,.F.);
#2098=CARTESIAN_POINT('',(-442.,575.,1250.));
#2099=DIRECTION('',(-0.,1.,-0.));
#2100=DIRECTION('',(0.,0.,-1.));
#2101=AXIS2_PLACEMENT_3D('',#2098,#2099,#2100);
#2102=CIRCLE('',#2101,54.);
#2103=EDGE_CURVE('',#1579,#2054,#2102,.T.);
#2104=ORIENTED_EDGE('',*,*,#2103,.F.);
#2105=ORIENTED_EDGE('',*,*,#1608,.T.);
#2106=ORIENTED_EDGE('',*,*,#1729,.F.);
#2107=EDGE_LOOP('',(#1875,#1887,#1965,#2043,#2052,#2097,#2104,#2105,#2106));
#2108=FACE_BOUND('',#2107,.T.);
#2109=ADVANCED_FACE('',(#2108),#1854,.F.);
#2110=CARTESIAN_POINT('',(-411.80151519,572.,1281.99848481));
#2111=DIRECTION('',(0.,1.,0.));
#2112=DIRECTION('',(0.,-0.,1.));
#2113=AXIS2_PLACEMENT_3D('',#2110,#2111,#2112);
#2114=CYLINDRICAL_SURFACE('',#2113,8.5);
#2115=CARTESIAN_POINT('',(-411.80151519,585.4,1290.49848481));
#2116=VERTEX_POINT('',#2115);
#2117=CARTESIAN_POINT('',(-411.80151519,585.4,1290.49848481));
#2118=DIRECTION('',(-0.,-1.,-0.));
#2119=VECTOR('',#2118,2.816158547);
#2120=LINE('',#2117,#2119);
#2121=EDGE_CURVE('',#2116,#1889,#2120,.T.);
#2122=ORIENTED_EDGE('',*,*,#2121,.F.);
#2123=CARTESIAN_POINT('',(-406.299674103,585.4,1275.519307034));
#2124=VERTEX_POINT('',#2123);
#2125=CARTESIAN_POINT('',(-411.80151519,585.4,1281.99848481));
#2126=DIRECTION('',(-0.,-1.,-0.));
#2127=DIRECTION('',(0.,-0.,1.));
#2128=AXIS2_PLACEMENT_3D('',#2125,#2126,#2127);
#2129=CIRCLE('',#2128,8.5);
#2130=EDGE_CURVE('',#2124,#2116,#2129,.T.);
#2131=ORIENTED_EDGE('',*,*,#2130,.F.);
#2132=CARTESIAN_POINT('',(-406.299674103,585.,1275.519307034));
#2133=VERTEX_POINT('',#2132);
#2134=CARTESIAN_POINT('',(-406.299674103,585.,1275.519307034));
#2135=DIRECTION('',(0.,1.,0.));
#2136=VECTOR('',#2135,0.4);
#2137=LINE('',#2134,#2136);
#2138=EDGE_CURVE('',#2133,#2124,#2137,.T.);
#2139=ORIENTED_EDGE('',*,*,#2138,.F.);
#2140=CARTESIAN_POINT('',(-411.80151519,585.,1281.99848481));
#2141=DIRECTION('',(-0.,-1.,-0.));
#2142=DIRECTION('',(0.,-0.,1.));
#2143=AXIS2_PLACEMENT_3D('',#2140,#2141,#2142);
#2144=CIRCLE('',#2143,8.5);
#2145=EDGE_CURVE('',#2133,#1967,#2144,.T.);
#2146=ORIENTED_EDGE('',*,*,#2145,.T.);
#2147=ORIENTED_EDGE('',*,*,#2042,.F.);
#2148=EDGE_LOOP('',(#2122,#2131,#2139,#2146,#2147));
#2149=FACE_BOUND('',#2148,.T.);
#2150=ADVANCED_FACE('',(#2149),#2114,.F.);
#2151=CARTESIAN_POINT('',(-445.217668524,463.576567063,1258.985079343));
#2152=DIRECTION('',(1.,0.,0.));
#2153=DIRECTION('',(0.,0.,-1.));
#2154=AXIS2_PLACEMENT_3D('',#2151,#2152,#2153);
#2155=PLANE('',#2154);
#2156=CARTESIAN_POINT('',(-445.217668524,585.,1275.519307034));
#2157=DIRECTION('',(0.,1.,0.));
#2158=VECTOR('',#2157,7.5);
#2159=LINE('',#2156,#2158);
#2160=EDGE_CURVE('',#1684,#1158,#2159,.T.);
#2161=ORIENTED_EDGE('',*,*,#2160,.F.);
#2162=ORIENTED_EDGE('',*,*,#1689,.T.);
#2163=ORIENTED_EDGE('',*,*,#1060,.T.);
#2164=ORIENTED_EDGE('',*,*,#1169,.F.);
#2165=EDGE_LOOP('',(#2161,#2162,#2163,#2164));
#2166=FACE_BOUND('',#2165,.T.);
#2167=ADVANCED_FACE('',(#2166),#2155,.T.);
#2168=CARTESIAN_POINT('',(-412.608834262,463.576567063,1275.519307034));
#2169=DIRECTION('',(0.,0.,-1.));
#2170=DIRECTION('',(-1.,0.,0.));
#2171=AXIS2_PLACEMENT_3D('',#2168,#2169,#2170);
#2172=PLANE('',#2171);
#2173=CARTESIAN_POINT('',(-417.303356277,585.4,1275.519307034));
#2174=VERTEX_POINT('',#2173);
#2175=CARTESIAN_POINT('',(-417.303356277,585.4,1275.519307034));
#2176=DIRECTION('',(-0.,-1.,-0.));
#2177=VECTOR('',#2176,0.4);
#2178=LINE('',#2175,#2177);
#2179=EDGE_CURVE('',#2174,#1692,#2178,.T.);
#2180=ORIENTED_EDGE('',*,*,#2179,.T.);
#2181=ORIENTED_EDGE('',*,*,#1697,.T.);
#2182=ORIENTED_EDGE('',*,*,#2160,.T.);
#2183=ORIENTED_EDGE('',*,*,#1163,.F.);
#2184=CARTESIAN_POINT('',(-389.,565.,1275.519307034));
#2185=VERTEX_POINT('',#2184);
#2186=CARTESIAN_POINT('',(-389.,565.,1275.519307034));
#2187=DIRECTION('',(0.,1.,0.));
#2188=VECTOR('',#2187,27.5);
#2189=LINE('',#2186,#2188);
#2190=EDGE_CURVE('',#2185,#1150,#2189,.T.);
#2191=ORIENTED_EDGE('',*,*,#2190,.F.);
#2192=CARTESIAN_POINT('',(-392.82196035,564.999999999,1275.519307034));
#2193=VERTEX_POINT('',#2192);
#2194=CARTESIAN_POINT('',(-389.,565.,1275.519307034));
#2195=DIRECTION('',(-1.,0.,0.));
#2196=VECTOR('',#2195,3.82196035);
#2197=LINE('',#2194,#2196);
#2198=EDGE_CURVE('',#2185,#2193,#2197,.T.);
#2199=ORIENTED_EDGE('',*,*,#2198,.T.);
#2200=CARTESIAN_POINT('',(-395.178796453,568.087342857,1275.519307034));
#2201=VERTEX_POINT('',#2200);
#2202=CARTESIAN_POINT('',(-392.82196035,564.999999999,1275.519307034));
#2203=CARTESIAN_POINT('',(-393.605079731,566.031017143,1275.519307034));
#2204=CARTESIAN_POINT('',(-394.39057879,567.060217673,1275.519307034));
#2205=CARTESIAN_POINT('',(-395.178796453,568.087342857,1275.519307034));
#2206=B_SPLINE_CURVE_WITH_KNOTS('',3,(#2202,#2203,#2204,#2205),.UNSPECIFIED.,.F.,.F.,(4,4),(0.,0.003884117),.UNSPECIFIED.);
#2207=EDGE_CURVE('',#2193,#2201,#2206,.T.);
#2208=ORIENTED_EDGE('',*,*,#2207,.T.);
#2209=CARTESIAN_POINT('',(-394.410453159,569.784982204,1275.519307034));
#2210=VERTEX_POINT('',#2209);
#2211=CARTESIAN_POINT('',(-395.178796452,568.087342857,1275.519307034));
#2212=CARTESIAN_POINT('',(-394.922306439,568.6530576,1275.519307034));
#2213=CARTESIAN_POINT('',(-394.666197733,569.218939897,1275.519307034));
#2214=CARTESIAN_POINT('',(-394.410453159,569.784982201,1275.519307034));
#2215=B_SPLINE_CURVE_WITH_KNOTS('',3,(#2211,#2212,#2213,#2214),.UNSPECIFIED.,.F.,.F.,(4,4),(0.056607789,0.058469924),.UNSPECIFIED.);
#2216=EDGE_CURVE('',#2201,#2210,#2215,.T.);
#2217=ORIENTED_EDGE('',*,*,#2216,.T.);
#2218=CARTESIAN_POINT('',(-394.410453159,569.784982204,1275.519307034));
#2219=DIRECTION('',(0.,1.,0.));
#2220=VECTOR('',#2219,5.215017796);
#2221=LINE('',#2218,#2220);
#2222=EDGE_CURVE('',#2210,#2054,#2221,.T.);
#2223=ORIENTED_EDGE('',*,*,#2222,.T.);
#2224=ORIENTED_EDGE('',*,*,#2096,.T.);
#2225=CARTESIAN_POINT('',(-406.15638176,585.,1275.519307034));
#2226=DIRECTION('',(-1.,0.,0.));
#2227=VECTOR('',#2226,0.143292343);
#2228=LINE('',#2225,#2227);
#2229=EDGE_CURVE('',#2045,#2133,#2228,.T.);
#2230=ORIENTED_EDGE('',*,*,#2229,.T.);
#2231=ORIENTED_EDGE('',*,*,#2138,.T.);
#2232=CARTESIAN_POINT('',(-406.299674103,585.4,1275.519307034));
#2233=DIRECTION('',(-1.,0.,0.));
#2234=VECTOR('',#2233,11.003682174);
#2235=LINE('',#2232,#2234);
#2236=EDGE_CURVE('',#2124,#2174,#2235,.T.);
#2237=ORIENTED_EDGE('',*,*,#2236,.T.);
#2238=EDGE_LOOP('',(#2180,#2181,#2182,#2183,#2191,#2199,#2208,#2217,#2223,#2224,#2230,#2231,#2237));
#2239=FACE_BOUND('',#2238,.T.);
#2240=ADVANCED_FACE('',(#2239),#2172,.T.);
#2241=CARTESIAN_POINT('',(-381.5,565.,1266.));
#2242=DIRECTION('',(0.,1.,0.));
#2243=DIRECTION('',(0.,0.,1.));
#2244=AXIS2_PLACEMENT_3D('',#2241,#2242,#2243);
#2245=PLANE('',#2244);
#2246=CARTESIAN_POINT('',(-393.,565.,1278.99848481));
#2247=VERTEX_POINT('',#2246);
#2248=CARTESIAN_POINT('',(-393.,565.,1281.99848481));
#2249=DIRECTION('',(0.,-1.,0.));
#2250=DIRECTION('',(0.,0.,-1.));
#2251=AXIS2_PLACEMENT_3D('',#2248,#2249,#2250);
#2252=CIRCLE('',#2251,3.);
#2253=EDGE_CURVE('',#2247,#2247,#2252,.T.);
#2254=ORIENTED_EDGE('',*,*,#2253,.F.);
#2255=EDGE_LOOP('',(#2254));
#2256=FACE_BOUND('',#2255,.T.);
#2257=CARTESIAN_POINT('',(-417.426656798,565.,1316.));
#2258=VERTEX_POINT('',#2257);
#2259=CARTESIAN_POINT('',(-490.,565.,1316.));
#2260=VERTEX_POINT('',#2259);
#2261=CARTESIAN_POINT('',(-417.426656798,565.,1316.));
#2262=DIRECTION('',(-1.,-0.,0.));
#2263=VECTOR('',#2262,72.573343202);
#2264=LINE('',#2261,#2263);
#2265=EDGE_CURVE('',#2258,#2260,#2264,.T.);
#2266=ORIENTED_EDGE('',*,*,#2265,.T.);
#2267=CARTESIAN_POINT('',(-494.,565.,1312.));
#2268=VERTEX_POINT('',#2267);
#2269=CARTESIAN_POINT('',(-490.,565.,1312.));
#2270=DIRECTION('',(-0.,1.,-0.));
#2271=DIRECTION('',(0.,0.,-1.));
#2272=AXIS2_PLACEMENT_3D('',#2269,#2270,#2271);
#2273=CIRCLE('',#2272,4.);
#2274=EDGE_CURVE('',#2268,#2260,#2273,.T.);
#2275=ORIENTED_EDGE('',*,*,#2274,.F.);
#2276=CARTESIAN_POINT('',(-494.,565.,1306.294499686));
#2277=DIRECTION('',(0.,0.,1.));
#2278=VECTOR('',#2277,5.705500314);
#2279=LINE('',#2276,#2278);
#2280=EDGE_CURVE('',#1537,#2268,#2279,.T.);
#2281=ORIENTED_EDGE('',*,*,#2280,.F.);
#2282=ORIENTED_EDGE('',*,*,#1544,.T.);
#2283=CARTESIAN_POINT('',(-443.,565.,1250.));
#2284=DIRECTION('',(-0.,1.,-0.));
#2285=DIRECTION('',(0.,0.,-1.));
#2286=AXIS2_PLACEMENT_3D('',#2283,#2284,#2285);
#2287=CIRCLE('',#2286,56.294499683);
#2288=EDGE_CURVE('',#1539,#2193,#2287,.T.);
#2289=ORIENTED_EDGE('',*,*,#2288,.T.);
#2290=ORIENTED_EDGE('',*,*,#2198,.F.);
#2291=CARTESIAN_POINT('',(-389.,565.,1287.573343202));
#2292=VERTEX_POINT('',#2291);
#2293=CARTESIAN_POINT('',(-389.,565.,1275.519307034));
#2294=DIRECTION('',(0.,0.,1.));
#2295=VECTOR('',#2294,12.054036168);
#2296=LINE('',#2293,#2295);
#2297=EDGE_CURVE('',#2185,#2292,#2296,.T.);
#2298=ORIENTED_EDGE('',*,*,#2297,.T.);
#2299=CARTESIAN_POINT('',(-389.,565.,1287.573343202));
#2300=DIRECTION('',(-0.707106781,0.,0.707106781));
#2301=VECTOR('',#2300,40.201363577);
#2302=LINE('',#2299,#2301);
#2303=EDGE_CURVE('',#2292,#2258,#2302,.T.);
#2304=ORIENTED_EDGE('',*,*,#2303,.T.);
#2305=EDGE_LOOP('',(#2266,#2275,#2281,#2282,#2289,#2290,#2298,#2304));
#2306=FACE_BOUND('',#2305,.T.);
#2307=CARTESIAN_POINT('',(-463.,565.,1307.447249843));
#2308=VERTEX_POINT('',#2307);
#2309=CARTESIAN_POINT('',(-463.,565.,1309.147249843));
#2310=DIRECTION('',(-0.,1.,-0.));
#2311=DIRECTION('',(0.,0.,-1.));
#2312=AXIS2_PLACEMENT_3D('',#2309,#2310,#2311);
#2313=CIRCLE('',#2312,1.7);
#2314=EDGE_CURVE('',#2308,#2308,#2313,.T.);
#2315=ORIENTED_EDGE('',*,*,#2314,.T.);
#2316=EDGE_LOOP('',(#2315));
#2317=FACE_BOUND('',#2316,.T.);
#2318=CARTESIAN_POINT('',(-486.32,565.,1310.847249843));
#2319=VERTEX_POINT('',#2318);
#2320=CARTESIAN_POINT('',(-486.32,565.,1309.147249843));
#2321=DIRECTION('',(0.,1.,0.));
#2322=DIRECTION('',(0.,-0.,1.));
#2323=AXIS2_PLACEMENT_3D('',#2320,#2321,#2322);
#2324=CIRCLE('',#2323,1.7);
#2325=EDGE_CURVE('',#2319,#2319,#2324,.T.);
#2326=ORIENTED_EDGE('',*,*,#2325,.T.);
#2327=EDGE_LOOP('',(#2326));
#2328=FACE_BOUND('',#2327,.T.);
#2329=ADVANCED_FACE('',(#2256,#2306,#2317,#2328),#2245,.F.);
#2330=CARTESIAN_POINT('',(-399.5,585.,1266.));
#2331=DIRECTION('',(0.,1.,0.));
#2332=DIRECTION('',(0.,0.,1.));
#2333=AXIS2_PLACEMENT_3D('',#2330,#2331,#2332);
#2334=PLANE('',#2333);
#2335=ORIENTED_EDGE('',*,*,#2229,.F.);
#2336=ORIENTED_EDGE('',*,*,#2051,.T.);
#2337=ORIENTED_EDGE('',*,*,#2145,.F.);
#2338=EDGE_LOOP('',(#2335,#2336,#2337));
#2339=FACE_BOUND('',#2338,.T.);
#2340=ADVANCED_FACE('',(#2339),#2334,.F.);
#2341=CARTESIAN_POINT('',(-443.,567.922148119,1250.));
#2342=DIRECTION('',(0.,-1.,0.));
#2343=DIRECTION('',(0.,0.,-1.));
#2344=AXIS2_PLACEMENT_3D('',#2341,#2342,#2343);
#2345=CONICAL_SURFACE('',#2344,54.316109091,34.099295218);
#2346=ORIENTED_EDGE('',*,*,#2207,.F.);
#2347=ORIENTED_EDGE('',*,*,#2288,.F.);
#2348=ORIENTED_EDGE('',*,*,#1566,.F.);
#2349=ORIENTED_EDGE('',*,*,#1638,.T.);
#2350=CARTESIAN_POINT('',(-431.44872993,568.087342859,1302.959141797));
#2351=VERTEX_POINT('',#2350);
#2352=CARTESIAN_POINT('',(-431.448729897,568.087342856,1302.959141791));
#2353=CARTESIAN_POINT('',(-433.190176824,568.134796216,1303.306097506));
#2354=CARTESIAN_POINT('',(-434.940235488,568.182526426,1303.565682103));
#2355=CARTESIAN_POINT('',(-436.698780425,568.230531554,1303.739157707));
#2356=CARTESIAN_POINT('',(-438.457325363,568.278536681,1303.912633311));
#2357=CARTESIAN_POINT('',(-440.224357241,568.326816732,1304.));
#2358=CARTESIAN_POINT('',(-442.,568.375376607,1304.));
#2359=B_SPLINE_CURVE_WITH_KNOTS('',3,(#2352,#2353,#2354,#2355,#2356,#2357,#2358),.UNSPECIFIED.,.F.,.F.,(4,3,4),(0.,0.005303199,0.010606397),.UNSPECIFIED.);
#2360=EDGE_CURVE('',#2351,#1627,#2359,.T.);
#2361=ORIENTED_EDGE('',*,*,#2360,.F.);
#2362=CARTESIAN_POINT('',(-443.,568.087342858,1250.));
#2363=DIRECTION('',(-0.,-1.,-0.));
#2364=DIRECTION('',(0.,-0.,1.));
#2365=AXIS2_PLACEMENT_3D('',#2362,#2363,#2364);
#2366=CIRCLE('',#2365,54.204266807);
#2367=EDGE_CURVE('',#2201,#2351,#2366,.T.);
#2368=ORIENTED_EDGE('',*,*,#2367,.F.);
#2369=EDGE_LOOP('',(#2346,#2347,#2348,#2349,#2361,#2368));
#2370=FACE_BOUND('',#2369,.T.);
#2371=ADVANCED_FACE('',(#2370),#2345,.F.);
#2372=CARTESIAN_POINT('',(-443.,564.665748391,1250.));
#2373=DIRECTION('',(0.,1.,0.));
#2374=DIRECTION('',(0.,-0.,1.));
#2375=AXIS2_PLACEMENT_3D('',#2372,#2373,#2374);
#2376=CONICAL_SURFACE('',#2375,52.835629022,21.801409461);
#2377=ORIENTED_EDGE('',*,*,#2216,.F.);
#2378=ORIENTED_EDGE('',*,*,#2367,.T.);
#2379=CARTESIAN_POINT('',(-394.410453159,569.784982207,1275.519307034));
#2380=CARTESIAN_POINT('',(-395.357368527,569.741849097,1277.285157227));
#2381=CARTESIAN_POINT('',(-396.392099381,569.694695406,1278.979563105));
#2382=CARTESIAN_POINT('',(-397.510763335,569.643686674,1280.605682821));
#2383=CARTESIAN_POINT('',(-398.629427288,569.592677941,1282.231802537));
#2384=CARTESIAN_POINT('',(-399.832052082,569.537812344,1283.789613502));
#2385=CARTESIAN_POINT('',(-401.117931735,569.479107717,1285.279689545));
#2386=CARTESIAN_POINT('',(-402.403811388,569.420403091,1286.769765588));
#2387=CARTESIAN_POINT('',(-403.772936252,569.357861652,1288.192114625));
#2388=CARTESIAN_POINT('',(-405.227644521,569.29135846,1289.544833702));
#2389=CARTESIAN_POINT('',(-405.591321588,569.274732663,1289.883013471));
#2390=CARTESIAN_POINT('',(-405.960363193,569.257858739,1290.216828703));
#2391=CARTESIAN_POINT('',(-406.33483816,569.240733015,1290.546223387));
#2392=CARTESIAN_POINT('',(-406.709313126,569.22360729,1290.87561807));
#2393=CARTESIAN_POINT('',(-407.08976063,569.206205233,1291.201037101));
#2394=CARTESIAN_POINT('',(-407.474421648,569.18860698,1291.520891603));
#2395=CARTESIAN_POINT('',(-408.243743684,569.153410475,1292.160600606));
#2396=CARTESIAN_POINT('',(-409.027293622,569.117549402,1292.776005191));
#2397=CARTESIAN_POINT('',(-409.824750735,569.081037002,1293.367653093));
#2398=CARTESIAN_POINT('',(-411.419664962,569.008012201,1294.550948896));
#2399=CARTESIAN_POINT('',(-413.070084185,568.932387495,1295.639429255));
#2400=CARTESIAN_POINT('',(-414.775031137,568.85419457,1296.634762468));
#2401=CARTESIAN_POINT('',(-416.47997809,568.776001645,1297.63009568));
#2402=CARTESIAN_POINT('',(-418.239452541,568.695241209,1298.532282194));
#2403=CARTESIAN_POINT('',(-420.05447496,568.611851671,1299.339577731));
#2404=CARTESIAN_POINT('',(-421.86949738,568.528462133,1300.146873269));
#2405=CARTESIAN_POINT('',(-423.747417942,568.442105385,1300.860868927));
#2406=CARTESIAN_POINT('',(-425.649899675,568.354532114,1301.465271974));
#2407=CARTESIAN_POINT('',(-427.552381408,568.266958842,1302.069675021));
#2408=CARTESIAN_POINT('',(-429.485234831,568.177902847,1302.567946501));
#2409=CARTESIAN_POINT('',(-431.448729896,568.087342861,1302.959141791));
#2410=B_SPLINE_CURVE_WITH_KNOTS('',3,(#2379,#2380,#2381,#2382,#2383,#2384,#2385,#2386,#2387,#2388,#2389,#2390,#2391,#2392,#2393,#2394,#2395,#2396,#2397,#2398,#2399,#2400,#2401,#2402,#2403,#2404,
#2405,#2406,#2407,#2408,#2409),.UNSPECIFIED.,.F.,.F.,(4,3,3,3,3,3,3,3,3,3,4),(0.,0.005904563,0.011809126,0.017713688,0.019189829,0.02066597,0.023618251,0.029522814,0.035427377,0.041331939,0.047236502),.UNSPECIFIED.);
#2411=EDGE_CURVE('',#2210,#2351,#2410,.T.);
#2412=ORIENTED_EDGE('',*,*,#2411,.F.);
#2413=EDGE_LOOP('',(#2377,#2378,#2412));
#2414=FACE_BOUND('',#2413,.T.);
#2415=ADVANCED_FACE('',(#2414),#2376,.F.);
#2416=CARTESIAN_POINT('',(-442.,579.,1250.));
#2417=DIRECTION('',(0.,-1.,0.));
#2418=DIRECTION('',(0.,0.,-1.));
#2419=AXIS2_PLACEMENT_3D('',#2416,#2417,#2418);
#2420=CYLINDRICAL_SURFACE('',#2419,54.);
#2421=ORIENTED_EDGE('',*,*,#2222,.F.);
#2422=ORIENTED_EDGE('',*,*,#2411,.T.);
#2423=ORIENTED_EDGE('',*,*,#2360,.T.);
#2424=ORIENTED_EDGE('',*,*,#1632,.T.);
#2425=ORIENTED_EDGE('',*,*,#2103,.T.);
#2426=EDGE_LOOP('',(#2421,#2422,#2423,#2424,#2425));
#2427=FACE_BOUND('',#2426,.T.);
#2428=ADVANCED_FACE('',(#2427),#2420,.F.);
#2429=CARTESIAN_POINT('',(-619.,585.4,426.));
#2430=DIRECTION('',(0.,1.,0.));
#2431=DIRECTION('',(-1.,0.,0.));
#2432=AXIS2_PLACEMENT_3D('',#2429,#2430,#2431);
#2433=PLANE('',#2432);
#2434=CARTESIAN_POINT('',(-411.80151519,585.4,1286.49848481));
#2435=VERTEX_POINT('',#2434);
#2436=CARTESIAN_POINT('',(-411.80151519,585.4,1281.99848481));
#2437=DIRECTION('',(0.,1.,0.));
#2438=DIRECTION('',(0.,-0.,1.));
#2439=AXIS2_PLACEMENT_3D('',#2436,#2437,#2438);
#2440=CIRCLE('',#2439,4.5);
#2441=EDGE_CURVE('',#2435,#2435,#2440,.T.);
#2442=ORIENTED_EDGE('',*,*,#2441,.T.);
#2443=EDGE_LOOP('',(#2442));
#2444=FACE_BOUND('',#2443,.T.);
#2445=ORIENTED_EDGE('',*,*,#2236,.F.);
#2446=ORIENTED_EDGE('',*,*,#2130,.T.);
#2447=CARTESIAN_POINT('',(-411.80151519,585.4,1281.99848481));
#2448=DIRECTION('',(-0.,-1.,-0.));
#2449=DIRECTION('',(0.,-0.,1.));
#2450=AXIS2_PLACEMENT_3D('',#2447,#2448,#2449);
#2451=CIRCLE('',#2450,8.5);
#2452=EDGE_CURVE('',#2116,#2174,#2451,.T.);
#2453=ORIENTED_EDGE('',*,*,#2452,.T.);
#2454=EDGE_LOOP('',(#2445,#2446,#2453));
#2455=FACE_BOUND('',#2454,.T.);
#2456=ADVANCED_FACE('',(#2444,#2455),#2433,.F.);
#2457=CARTESIAN_POINT('',(-389.,232.,246.));
#2458=DIRECTION('',(1.,0.,0.));
#2459=DIRECTION('',(0.,1.,0.));
#2460=AXIS2_PLACEMENT_3D('',#2457,#2458,#2459);
#2461=PLANE('',#2460);
#2462=CARTESIAN_POINT('',(-389.,593.1,1310.01996994));
#2463=VERTEX_POINT('',#2462);
#2464=CARTESIAN_POINT('',(-389.,593.1,1309.41996994));
#2465=DIRECTION('',(-1.,-0.,-0.));
#2466=DIRECTION('',(0.,0.,-1.));
#2467=AXIS2_PLACEMENT_3D('',#2464,#2465,#2466);
#2468=CIRCLE('',#2467,0.6);
#2469=EDGE_CURVE('',#1323,#2463,#2468,.T.);
#2470=ORIENTED_EDGE('',*,*,#2469,.T.);
#2471=CARTESIAN_POINT('',(-389.,593.4,1310.01996994));
#2472=VERTEX_POINT('',#2471);
#2473=CARTESIAN_POINT('',(-389.,593.1,1310.01996994));
#2474=DIRECTION('',(0.,1.,0.));
#2475=VECTOR('',#2474,0.3);
#2476=LINE('',#2473,#2475);
#2477=EDGE_CURVE('',#2463,#2472,#2476,.T.);
#2478=ORIENTED_EDGE('',*,*,#2477,.T.);
#2479=CARTESIAN_POINT('',(-389.,594.1,1309.31996994));
#2480=VERTEX_POINT('',#2479);
#2481=CARTESIAN_POINT('',(-389.,593.4,1309.31996994));
#2482=DIRECTION('',(-1.,0.,0.));
#2483=DIRECTION('',(0.,0.,1.));
#2484=AXIS2_PLACEMENT_3D('',#2481,#2482,#2483);
#2485=CIRCLE('',#2484,0.7);
#2486=EDGE_CURVE('',#2472,#2480,#2485,.T.);
#2487=ORIENTED_EDGE('',*,*,#2486,.T.);
#2488=CARTESIAN_POINT('',(-389.,594.1,1305.060794363));
#2489=VERTEX_POINT('',#2488);
#2490=CARTESIAN_POINT('',(-389.,594.1,1305.060794363));
#2491=DIRECTION('',(0.,0.,1.));
#2492=VECTOR('',#2491,4.259175577);
#2493=LINE('',#2490,#2492);
#2494=EDGE_CURVE('',#2489,#2480,#2493,.T.);
#2495=ORIENTED_EDGE('',*,*,#2494,.F.);
#2496=CARTESIAN_POINT('',(-389.,598.7,1303.003436691));
#2497=VERTEX_POINT('',#2496);
#2498=CARTESIAN_POINT('',(-389.,593.3,1297.100894866));
#2499=DIRECTION('',(1.,0.,0.));
#2500=DIRECTION('',(0.,0.,-1.));
#2501=AXIS2_PLACEMENT_3D('',#2498,#2499,#2500);
#2502=CIRCLE('',#2501,8.);
#2503=EDGE_CURVE('',#2497,#2489,#2502,.T.);
#2504=ORIENTED_EDGE('',*,*,#2503,.F.);
#2505=CARTESIAN_POINT('',(-389.,598.7,1291.19835304));
#2506=VERTEX_POINT('',#2505);
#2507=CARTESIAN_POINT('',(-389.,598.7,1291.19835304));
#2508=DIRECTION('',(0.,0.,1.));
#2509=VECTOR('',#2508,11.805083651);
#2510=LINE('',#2507,#2509);
#2511=EDGE_CURVE('',#2506,#2497,#2510,.T.);
#2512=ORIENTED_EDGE('',*,*,#2511,.F.);
#2513=CARTESIAN_POINT('',(-389.,597.,1290.007940615));
#2514=VERTEX_POINT('',#2513);
#2515=CARTESIAN_POINT('',(-389.,593.3,1297.100894866));
#2516=DIRECTION('',(1.,0.,0.));
#2517=DIRECTION('',(0.,0.,-1.));
#2518=AXIS2_PLACEMENT_3D('',#2515,#2516,#2517);
#2519=CIRCLE('',#2518,8.);
#2520=EDGE_CURVE('',#2514,#2506,#2519,.T.);
#2521=ORIENTED_EDGE('',*,*,#2520,.F.);
#2522=CARTESIAN_POINT('',(-389.,597.,1274.5));
#2523=VERTEX_POINT('',#2522);
#2524=CARTESIAN_POINT('',(-389.,597.,1290.007940615));
#2525=DIRECTION('',(-0.,-0.,-1.));
#2526=VECTOR('',#2525,15.507940615);
#2527=LINE('',#2524,#2526);
#2528=EDGE_CURVE('',#2514,#2523,#2527,.T.);
#2529=ORIENTED_EDGE('',*,*,#2528,.T.);
#2530=CARTESIAN_POINT('',(-389.,603.,1274.5));
#2531=VERTEX_POINT('',#2530);
#2532=CARTESIAN_POINT('',(-389.,597.,1274.5));
#2533=DIRECTION('',(0.,1.,0.));
#2534=VECTOR('',#2533,6.);
#2535=LINE('',#2532,#2534);
#2536=EDGE_CURVE('',#2523,#2531,#2535,.T.);
#2537=ORIENTED_EDGE('',*,*,#2536,.T.);
#2538=CARTESIAN_POINT('',(-389.,603.,1307.757359313));
#2539=VERTEX_POINT('',#2538);
#2540=CARTESIAN_POINT('',(-389.,603.,1307.757359313));
#2541=DIRECTION('',(-0.,-0.,-1.));
#2542=VECTOR('',#2541,33.257359313);
#2543=LINE('',#2540,#2542);
#2544=EDGE_CURVE('',#2539,#2531,#2543,.T.);
#2545=ORIENTED_EDGE('',*,*,#2544,.F.);
#2546=CARTESIAN_POINT('',(-389.,594.757359313,1316.));
#2547=VERTEX_POINT('',#2546);
#2548=CARTESIAN_POINT('',(-389.,603.,1307.757359313));
#2549=DIRECTION('',(0.,-0.707106781,0.707106781));
#2550=VECTOR('',#2549,11.656854249);
#2551=LINE('',#2548,#2550);
#2552=EDGE_CURVE('',#2539,#2547,#2551,.T.);
#2553=ORIENTED_EDGE('',*,*,#2552,.T.);
#2554=CARTESIAN_POINT('',(-389.,593.426656798,1316.));
#2555=VERTEX_POINT('',#2554);
#2556=CARTESIAN_POINT('',(-389.,593.426656798,1316.));
#2557=DIRECTION('',(0.,1.,0.));
#2558=VECTOR('',#2557,1.330702515);
#2559=LINE('',#2556,#2558);
#2560=EDGE_CURVE('',#2555,#2547,#2559,.T.);
#2561=ORIENTED_EDGE('',*,*,#2560,.F.);
#2562=CARTESIAN_POINT('',(-389.,593.426656798,1316.));
#2563=DIRECTION('',(0.,-0.707106781,-0.707106781));
#2564=VECTOR('',#2563,40.201363577);
#2565=LINE('',#2562,#2564);
#2566=EDGE_CURVE('',#2555,#2292,#2565,.T.);
#2567=ORIENTED_EDGE('',*,*,#2566,.T.);
#2568=ORIENTED_EDGE('',*,*,#2297,.F.);
#2569=ORIENTED_EDGE('',*,*,#2190,.T.);
#2570=ORIENTED_EDGE('',*,*,#1155,.T.);
#2571=CARTESIAN_POINT('',(-389.,593.3,1297.100894866));
#2572=DIRECTION('',(1.,0.,0.));
#2573=DIRECTION('',(0.,0.,-1.));
#2574=AXIS2_PLACEMENT_3D('',#2571,#2572,#2573);
#2575=CIRCLE('',#2574,8.);
#2576=EDGE_CURVE('',#1331,#1142,#2575,.T.);
#2577=ORIENTED_EDGE('',*,*,#2576,.F.);
#2578=ORIENTED_EDGE('',*,*,#1336,.F.);
#2579=EDGE_LOOP('',(#2470,#2478,#2487,#2495,#2504,#2512,#2521,#2529,#2537,#2545,#2553,#2561,#2567,#2568,#2569,#2570,#2577,#2578));
#2580=FACE_BOUND('',#2579,.T.);
#2581=ADVANCED_FACE('',(#2580),#2461,.T.);
#2582=CARTESIAN_POINT('',(-392.708885599,577.0088856,1303.2911144));
#2583=DIRECTION('',(0.577350269,-0.577350269,0.577350269));
#2584=DIRECTION('',(0.707106781,0.,-0.707106781));
#2585=AXIS2_PLACEMENT_3D('',#2582,#2583,#2584);
#2586=PLANE('',#2585);
#2587=ORIENTED_EDGE('',*,*,#2566,.F.);
#2588=CARTESIAN_POINT('',(-389.,593.426656799,1316.));
#2589=DIRECTION('',(-0.707106781,-0.707106781,0.));
#2590=VECTOR('',#2589,40.201363577);
#2591=LINE('',#2588,#2590);
#2592=EDGE_CURVE('',#2555,#2258,#2591,.T.);
#2593=ORIENTED_EDGE('',*,*,#2592,.T.);
#2594=ORIENTED_EDGE('',*,*,#2303,.F.);
#2595=EDGE_LOOP('',(#2587,#2593,#2594));
#2596=FACE_BOUND('',#2595,.T.);
#2597=ADVANCED_FACE('',(#2596),#2586,.T.);
#2598=CARTESIAN_POINT('',(-431.,593.1,1309.41996994));
#2599=DIRECTION('',(1.,0.,0.));
#2600=DIRECTION('',(-0.,1.,0.));
#2601=AXIS2_PLACEMENT_3D('',#2598,#2599,#2600);
#2602=CYLINDRICAL_SURFACE('',#2601,0.6);
#2603=CARTESIAN_POINT('',(-433.,593.1,1310.01996994));
#2604=VERTEX_POINT('',#2603);
#2605=CARTESIAN_POINT('',(-389.,593.1,1310.01996994));
#2606=DIRECTION('',(-1.,-0.,0.));
#2607=VECTOR('',#2606,44.);
#2608=LINE('',#2605,#2607);
#2609=EDGE_CURVE('',#2463,#2604,#2608,.T.);
#2610=ORIENTED_EDGE('',*,*,#2609,.F.);
#2611=ORIENTED_EDGE('',*,*,#2469,.F.);
#2612=ORIENTED_EDGE('',*,*,#1328,.F.);
#2613=CARTESIAN_POINT('',(-433.,593.1,1309.41996994));
#2614=DIRECTION('',(1.,0.,0.));
#2615=DIRECTION('',(0.,0.,-1.));
#2616=AXIS2_PLACEMENT_3D('',#2613,#2614,#2615);
#2617=CIRCLE('',#2616,0.6);
#2618=EDGE_CURVE('',#2604,#1315,#2617,.T.);
#2619=ORIENTED_EDGE('',*,*,#2618,.F.);
#2620=EDGE_LOOP('',(#2610,#2611,#2612,#2619));
#2621=FACE_BOUND('',#2620,.T.);
#2622=ADVANCED_FACE('',(#2621),#2602,.F.);
#2623=CARTESIAN_POINT('',(-431.,593.4,1309.31996994));
#2624=DIRECTION('',(-1.,0.,0.));
#2625=DIRECTION('',(0.,0.,1.));
#2626=AXIS2_PLACEMENT_3D('',#2623,#2624,#2625);
#2627=CYLINDRICAL_SURFACE('',#2626,0.7);
#2628=CARTESIAN_POINT('',(-433.,594.1,1309.31996994));
#2629=VERTEX_POINT('',#2628);
#2630=CARTESIAN_POINT('',(-389.,594.1,1309.31996994));
#2631=DIRECTION('',(-1.,-0.,0.));
#2632=VECTOR('',#2631,44.);
#2633=LINE('',#2630,#2632);
#2634=EDGE_CURVE('',#2480,#2629,#2633,.T.);
#2635=ORIENTED_EDGE('',*,*,#2634,.F.);
#2636=ORIENTED_EDGE('',*,*,#2486,.F.);
#2637=CARTESIAN_POINT('',(-433.,593.4,1310.01996994));
#2638=VERTEX_POINT('',#2637);
#2639=CARTESIAN_POINT('',(-433.,593.4,1310.01996994));
#2640=DIRECTION('',(1.,0.,-0.));
#2641=VECTOR('',#2640,44.);
#2642=LINE('',#2639,#2641);
#2643=EDGE_CURVE('',#2638,#2472,#2642,.T.);
#2644=ORIENTED_EDGE('',*,*,#2643,.F.);
#2645=CARTESIAN_POINT('',(-433.,593.4,1309.31996994));
#2646=DIRECTION('',(1.,-0.,-0.));
#2647=DIRECTION('',(0.,0.,1.));
#2648=AXIS2_PLACEMENT_3D('',#2645,#2646,#2647);
#2649=CIRCLE('',#2648,0.7);
#2650=EDGE_CURVE('',#2629,#2638,#2649,.T.);
#2651=ORIENTED_EDGE('',*,*,#2650,.F.);
#2652=EDGE_LOOP('',(#2635,#2636,#2644,#2651));
#2653=FACE_BOUND('',#2652,.T.);
#2654=ADVANCED_FACE('',(#2653),#2627,.F.);
#2655=CARTESIAN_POINT('',(-431.,594.1,1297.500894866));
#2656=DIRECTION('',(0.,-1.,0.));
#2657=DIRECTION('',(1.,0.,0.));
#2658=AXIS2_PLACEMENT_3D('',#2655,#2656,#2657);
#2659=PLANE('',#2658);
#2660=CARTESIAN_POINT('',(-433.,594.1,1305.060794363));
#2661=VERTEX_POINT('',#2660);
#2662=CARTESIAN_POINT('',(-433.,594.1,1305.060794363));
#2663=DIRECTION('',(1.,0.,-0.));
#2664=VECTOR('',#2663,44.);
#2665=LINE('',#2662,#2664);
#2666=EDGE_CURVE('',#2661,#2489,#2665,.T.);
#2667=ORIENTED_EDGE('',*,*,#2666,.T.);
#2668=ORIENTED_EDGE('',*,*,#2494,.T.);
#2669=ORIENTED_EDGE('',*,*,#2634,.T.);
#2670=CARTESIAN_POINT('',(-433.,594.1,1305.060794363));
#2671=DIRECTION('',(0.,0.,1.));
#2672=VECTOR('',#2671,4.259175577);
#2673=LINE('',#2670,#2672);
#2674=EDGE_CURVE('',#2661,#2629,#2673,.T.);
#2675=ORIENTED_EDGE('',*,*,#2674,.F.);
#2676=EDGE_LOOP('',(#2667,#2668,#2669,#2675));
#2677=FACE_BOUND('',#2676,.T.);
#2678=ADVANCED_FACE('',(#2677),#2659,.T.);
#2679=CARTESIAN_POINT('',(-426.,593.3,1310.01996994));
#2680=DIRECTION('',(0.,0.,1.));
#2681=DIRECTION('',(1.,0.,0.));
#2682=AXIS2_PLACEMENT_3D('',#2679,#2680,#2681);
#2683=PLANE('',#2682);
#2684=ORIENTED_EDGE('',*,*,#2477,.F.);
#2685=ORIENTED_EDGE('',*,*,#2609,.T.);
#2686=CARTESIAN_POINT('',(-433.,593.4,1310.01996994));
#2687=DIRECTION('',(-0.,-1.,-0.));
#2688=VECTOR('',#2687,0.3);
#2689=LINE('',#2686,#2688);
#2690=EDGE_CURVE('',#2638,#2604,#2689,.T.);
#2691=ORIENTED_EDGE('',*,*,#2690,.F.);
#2692=ORIENTED_EDGE('',*,*,#2643,.T.);
#2693=EDGE_LOOP('',(#2684,#2685,#2691,#2692));
#2694=FACE_BOUND('',#2693,.T.);
#2695=ADVANCED_FACE('',(#2694),#2683,.F.);
#2696=CARTESIAN_POINT('',(-436.356854249,593.3,1297.100894866));
#2697=DIRECTION('',(1.,0.,0.));
#2698=DIRECTION('',(0.,0.,-1.));
#2699=AXIS2_PLACEMENT_3D('',#2696,#2697,#2698);
#2700=CONICAL_SURFACE('',#2699,8.356854249,44.999999949);
#2701=ORIENTED_EDGE('',*,*,#1354,.F.);
#2702=CARTESIAN_POINT('',(-436.713708499,593.3,1297.100894866));
#2703=DIRECTION('',(-1.,-0.,-0.));
#2704=DIRECTION('',(0.,0.,-1.));
#2705=AXIS2_PLACEMENT_3D('',#2702,#2703,#2704);
#2706=CIRCLE('',#2705,8.);
#2707=EDGE_CURVE('',#1130,#1339,#2706,.T.);
#2708=ORIENTED_EDGE('',*,*,#2707,.F.);
#2709=ORIENTED_EDGE('',*,*,#1139,.F.);
#2710=ORIENTED_EDGE('',*,*,#1526,.F.);
#2711=EDGE_LOOP('',(#2701,#2708,#2709,#2710));
#2712=FACE_BOUND('',#2711,.T.);
#2713=ADVANCED_FACE('',(#2712),#2700,.F.);
#2714=CARTESIAN_POINT('',(-403.,598.878679656,1311.878679656));
#2715=DIRECTION('',(0.,0.707106781,0.707106781));
#2716=DIRECTION('',(1.,0.,0.));
#2717=AXIS2_PLACEMENT_3D('',#2714,#2715,#2716);
#2718=PLANE('',#2717);
#2719=CARTESIAN_POINT('',(-433.,594.757359313,1316.));
#2720=VERTEX_POINT('',#2719);
#2721=CARTESIAN_POINT('',(-389.,594.757359313,1316.));
#2722=DIRECTION('',(-1.,0.,0.));
#2723=VECTOR('',#2722,44.);
#2724=LINE('',#2721,#2723);
#2725=EDGE_CURVE('',#2547,#2720,#2724,.T.);
#2726=ORIENTED_EDGE('',*,*,#2725,.F.);
#2727=ORIENTED_EDGE('',*,*,#2552,.F.);
#2728=CARTESIAN_POINT('',(-433.,603.,1307.757359313));
#2729=VERTEX_POINT('',#2728);
#2730=CARTESIAN_POINT('',(-433.,603.,1307.757359313));
#2731=DIRECTION('',(1.,-0.,-0.));
#2732=VECTOR('',#2731,44.);
#2733=LINE('',#2730,#2732);
#2734=EDGE_CURVE('',#2729,#2539,#2733,.T.);
#2735=ORIENTED_EDGE('',*,*,#2734,.F.);
#2736=CARTESIAN_POINT('',(-433.,594.757359313,1316.));
#2737=DIRECTION('',(0.,0.707106781,-0.707106781));
#2738=VECTOR('',#2737,11.656854249);
#2739=LINE('',#2736,#2738);
#2740=EDGE_CURVE('',#2720,#2729,#2739,.T.);
#2741=ORIENTED_EDGE('',*,*,#2740,.F.);
#2742=EDGE_LOOP('',(#2726,#2727,#2735,#2741));
#2743=FACE_BOUND('',#2742,.T.);
#2744=ADVANCED_FACE('',(#2743),#2718,.T.);
#2745=CARTESIAN_POINT('',(-422.,598.7,1300.052165778));
#2746=DIRECTION('',(0.,1.,0.));
#2747=DIRECTION('',(-1.,0.,0.));
#2748=AXIS2_PLACEMENT_3D('',#2745,#2746,#2747);
#2749=PLANE('',#2748);
#2750=CARTESIAN_POINT('',(-433.,598.7,1291.19835304));
#2751=VERTEX_POINT('',#2750);
#2752=CARTESIAN_POINT('',(-433.,598.7,1291.19835304));
#2753=DIRECTION('',(1.,-0.,-0.));
#2754=VECTOR('',#2753,44.);
#2755=LINE('',#2752,#2754);
#2756=EDGE_CURVE('',#2751,#2506,#2755,.T.);
#2757=ORIENTED_EDGE('',*,*,#2756,.T.);
#2758=ORIENTED_EDGE('',*,*,#2511,.T.);
#2759=CARTESIAN_POINT('',(-433.,598.7,1303.003436691));
#2760=VERTEX_POINT('',#2759);
#2761=CARTESIAN_POINT('',(-433.,598.7,1303.003436691));
#2762=DIRECTION('',(1.,0.,-0.));
#2763=VECTOR('',#2762,44.);
#2764=LINE('',#2761,#2763);
#2765=EDGE_CURVE('',#2760,#2497,#2764,.T.);
#2766=ORIENTED_EDGE('',*,*,#2765,.F.);
#2767=CARTESIAN_POINT('',(-433.,598.7,1291.19835304));
#2768=DIRECTION('',(0.,0.,1.));
#2769=VECTOR('',#2768,11.805083651);
#2770=LINE('',#2767,#2769);
#2771=EDGE_CURVE('',#2751,#2760,#2770,.T.);
#2772=ORIENTED_EDGE('',*,*,#2771,.F.);
#2773=EDGE_LOOP('',(#2757,#2758,#2766,#2772));
#2774=FACE_BOUND('',#2773,.T.);
#2775=ADVANCED_FACE('',(#2774),#2749,.F.);
#2776=CARTESIAN_POINT('',(-426.,593.3,1297.100894866));
#2777=DIRECTION('',(1.,0.,0.));
#2778=DIRECTION('',(-0.,1.,0.));
#2779=AXIS2_PLACEMENT_3D('',#2776,#2777,#2778);
#2780=CYLINDRICAL_SURFACE('',#2779,8.);
#2781=ORIENTED_EDGE('',*,*,#1344,.T.);
#2782=ORIENTED_EDGE('',*,*,#2576,.T.);
#2783=ORIENTED_EDGE('',*,*,#1147,.F.);
#2784=ORIENTED_EDGE('',*,*,#2707,.T.);
#2785=EDGE_LOOP('',(#2781,#2782,#2783,#2784));
#2786=FACE_BOUND('',#2785,.T.);
#2787=ADVANCED_FACE('',(#2786),#2780,.F.);
#2788=CARTESIAN_POINT('',(-119.,603.,246.));
#2789=DIRECTION('',(0.,1.,0.));
#2790=DIRECTION('',(-1.,0.,0.));
#2791=AXIS2_PLACEMENT_3D('',#2788,#2789,#2790);
#2792=PLANE('',#2791);
#2793=CARTESIAN_POINT('',(-425.,603.,1278.67848481));
#2794=VERTEX_POINT('',#2793);
#2795=CARTESIAN_POINT('',(-427.875204341,603.,1280.33848481));
#2796=VERTEX_POINT('',#2795);
#2797=CARTESIAN_POINT('',(-425.,603.,1278.67848481));
#2798=DIRECTION('',(-0.866025404,0.,0.5));
#2799=VECTOR('',#2798,3.32);
#2800=LINE('',#2797,#2799);
#2801=EDGE_CURVE('',#2794,#2796,#2800,.T.);
#2802=ORIENTED_EDGE('',*,*,#2801,.F.);
#2803=CARTESIAN_POINT('',(-422.124795659,603.,1280.33848481));
#2804=VERTEX_POINT('',#2803);
#2805=CARTESIAN_POINT('',(-422.124795659,603.,1280.33848481));
#2806=DIRECTION('',(-0.866025404,0.,-0.5));
#2807=VECTOR('',#2806,3.32);
#2808=LINE('',#2805,#2807);
#2809=EDGE_CURVE('',#2804,#2794,#2808,.T.);
#2810=ORIENTED_EDGE('',*,*,#2809,.F.);
#2811=CARTESIAN_POINT('',(-422.124795659,603.,1283.65848481));
#2812=VERTEX_POINT('',#2811);
#2813=CARTESIAN_POINT('',(-422.124795659,603.,1283.65848481));
#2814=DIRECTION('',(0.,0.,-1.));
#2815=VECTOR('',#2814,3.32);
#2816=LINE('',#2813,#2815);
#2817=EDGE_CURVE('',#2812,#2804,#2816,.T.);
#2818=ORIENTED_EDGE('',*,*,#2817,.F.);
#2819=CARTESIAN_POINT('',(-425.,603.,1285.31848481));
#2820=VERTEX_POINT('',#2819);
#2821=CARTESIAN_POINT('',(-425.,603.,1285.31848481));
#2822=DIRECTION('',(0.866025404,0.,-0.5));
#2823=VECTOR('',#2822,3.32);
#2824=LINE('',#2821,#2823);
#2825=EDGE_CURVE('',#2820,#2812,#2824,.T.);
#2826=ORIENTED_EDGE('',*,*,#2825,.F.);
#2827=CARTESIAN_POINT('',(-427.875204341,603.,1283.65848481));
#2828=VERTEX_POINT('',#2827);
#2829=CARTESIAN_POINT('',(-427.875204341,603.,1283.65848481));
#2830=DIRECTION('',(0.866025404,0.,0.5));
#2831=VECTOR('',#2830,3.32);
#2832=LINE('',#2829,#2831);
#2833=EDGE_CURVE('',#2828,#2820,#2832,.T.);
#2834=ORIENTED_EDGE('',*,*,#2833,.F.);
#2835=CARTESIAN_POINT('',(-427.875204341,603.,1280.33848481));
#2836=DIRECTION('',(0.,0.,1.));
#2837=VECTOR('',#2836,3.32);
#2838=LINE('',#2835,#2837);
#2839=EDGE_CURVE('',#2796,#2828,#2838,.T.);
#2840=ORIENTED_EDGE('',*,*,#2839,.F.);
#2841=EDGE_LOOP('',(#2802,#2810,#2818,#2826,#2834,#2840));
#2842=FACE_BOUND('',#2841,.T.);
#2843=CARTESIAN_POINT('',(-393.,603.,1278.67848481));
#2844=VERTEX_POINT('',#2843);
#2845=CARTESIAN_POINT('',(-395.875204341,603.,1280.33848481));
#2846=VERTEX_POINT('',#2845);
#2847=CARTESIAN_POINT('',(-393.,603.,1278.67848481));
#2848=DIRECTION('',(-0.866025404,0.,0.5));
#2849=VECTOR('',#2848,3.32);
#2850=LINE('',#2847,#2849);
#2851=EDGE_CURVE('',#2844,#2846,#2850,.T.);
#2852=ORIENTED_EDGE('',*,*,#2851,.F.);
#2853=CARTESIAN_POINT('',(-390.124795659,603.,1280.33848481));
#2854=VERTEX_POINT('',#2853);
#2855=CARTESIAN_POINT('',(-390.124795659,603.,1280.33848481));
#2856=DIRECTION('',(-0.866025404,0.,-0.5));
#2857=VECTOR('',#2856,3.32);
#2858=LINE('',#2855,#2857);
#2859=EDGE_CURVE('',#2854,#2844,#2858,.T.);
#2860=ORIENTED_EDGE('',*,*,#2859,.F.);
#2861=CARTESIAN_POINT('',(-390.124795659,603.,1283.65848481));
#2862=VERTEX_POINT('',#2861);
#2863=CARTESIAN_POINT('',(-390.124795659,603.,1283.65848481));
#2864=DIRECTION('',(0.,0.,-1.));
#2865=VECTOR('',#2864,3.32);
#2866=LINE('',#2863,#2865);
#2867=EDGE_CURVE('',#2862,#2854,#2866,.T.);
#2868=ORIENTED_EDGE('',*,*,#2867,.F.);
#2869=CARTESIAN_POINT('',(-393.,603.,1285.31848481));
#2870=VERTEX_POINT('',#2869);
#2871=CARTESIAN_POINT('',(-393.,603.,1285.31848481));
#2872=DIRECTION('',(0.866025404,0.,-0.5));
#2873=VECTOR('',#2872,3.32);
#2874=LINE('',#2871,#2873);
#2875=EDGE_CURVE('',#2870,#2862,#2874,.T.);
#2876=ORIENTED_EDGE('',*,*,#2875,.F.);
#2877=CARTESIAN_POINT('',(-395.875204341,603.,1283.65848481));
#2878=VERTEX_POINT('',#2877);
#2879=CARTESIAN_POINT('',(-395.875204341,603.,1283.65848481));
#2880=DIRECTION('',(0.866025404,0.,0.5));
#2881=VECTOR('',#2880,3.32);
#2882=LINE('',#2879,#2881);
#2883=EDGE_CURVE('',#2878,#2870,#2882,.T.);
#2884=ORIENTED_EDGE('',*,*,#2883,.F.);
#2885=CARTESIAN_POINT('',(-395.875204341,603.,1280.33848481));
#2886=DIRECTION('',(0.,0.,1.));
#2887=VECTOR('',#2886,3.32);
#2888=LINE('',#2885,#2887);
#2889=EDGE_CURVE('',#2846,#2878,#2888,.T.);
#2890=ORIENTED_EDGE('',*,*,#2889,.F.);
#2891=EDGE_LOOP('',(#2852,#2860,#2868,#2876,#2884,#2890));
#2892=FACE_BOUND('',#2891,.T.);
#2893=CARTESIAN_POINT('',(-411.80151519,603.,1286.49848481));
#2894=VERTEX_POINT('',#2893);
#2895=CARTESIAN_POINT('',(-411.80151519,603.,1281.99848481));
#2896=DIRECTION('',(0.,1.,0.));
#2897=DIRECTION('',(0.,-0.,1.));
#2898=AXIS2_PLACEMENT_3D('',#2895,#2896,#2897);
#2899=CIRCLE('',#2898,4.5);
#2900=EDGE_CURVE('',#2894,#2894,#2899,.T.);
#2901=ORIENTED_EDGE('',*,*,#2900,.F.);
#2902=EDGE_LOOP('',(#2901));
#2903=FACE_BOUND('',#2902,.T.);
#2904=CARTESIAN_POINT('',(-433.,603.,1274.5));
#2905=VERTEX_POINT('',#2904);
#2906=CARTESIAN_POINT('',(-433.,603.,1274.5));
#2907=DIRECTION('',(1.,0.,-0.));
#2908=VECTOR('',#2907,44.);
#2909=LINE('',#2906,#2908);
#2910=EDGE_CURVE('',#2905,#2531,#2909,.T.);
#2911=ORIENTED_EDGE('',*,*,#2910,.F.);
#2912=CARTESIAN_POINT('',(-433.,603.,1307.757359313));
#2913=DIRECTION('',(-0.,-0.,-1.));
#2914=VECTOR('',#2913,33.257359313);
#2915=LINE('',#2912,#2914);
#2916=EDGE_CURVE('',#2729,#2905,#2915,.T.);
#2917=ORIENTED_EDGE('',*,*,#2916,.F.);
#2918=ORIENTED_EDGE('',*,*,#2734,.T.);
#2919=ORIENTED_EDGE('',*,*,#2544,.T.);
#2920=EDGE_LOOP('',(#2911,#2917,#2918,#2919));
#2921=FACE_BOUND('',#2920,.T.);
#2922=ADVANCED_FACE('',(#2842,#2892,#2903,#2921),#2792,.T.);
#2923=CARTESIAN_POINT('',(-403.,573.,1316.));
#2924=DIRECTION('',(0.,0.,-1.));
#2925=DIRECTION('',(-1.,0.,0.));
#2926=AXIS2_PLACEMENT_3D('',#2923,#2924,#2925);
#2927=PLANE('',#2926);
#2928=ORIENTED_EDGE('',*,*,#1312,.T.);
#2929=CARTESIAN_POINT('',(-490.,592.5,1316.));
#2930=DIRECTION('',(-0.,-1.,-0.));
#2931=VECTOR('',#2930,27.5);
#2932=LINE('',#2929,#2931);
#2933=EDGE_CURVE('',#1298,#2260,#2932,.T.);
#2934=ORIENTED_EDGE('',*,*,#2933,.T.);
#2935=ORIENTED_EDGE('',*,*,#2265,.F.);
#2936=ORIENTED_EDGE('',*,*,#2592,.F.);
#2937=ORIENTED_EDGE('',*,*,#2560,.T.);
#2938=ORIENTED_EDGE('',*,*,#2725,.T.);
#2939=CARTESIAN_POINT('',(-433.,594.757359313,1316.));
#2940=DIRECTION('',(-0.,-1.,-0.));
#2941=VECTOR('',#2940,2.257359313);
#2942=LINE('',#2939,#2941);
#2943=EDGE_CURVE('',#2720,#1307,#2942,.T.);
#2944=ORIENTED_EDGE('',*,*,#2943,.T.);
#2945=EDGE_LOOP('',(#2928,#2934,#2935,#2936,#2937,#2938,#2944));
#2946=FACE_BOUND('',#2945,.T.);
#2947=ADVANCED_FACE('',(#2946),#2927,.F.);
#2948=CARTESIAN_POINT('',(-411.80151519,587.,1281.99848481));
#2949=DIRECTION('',(0.,1.,0.));
#2950=DIRECTION('',(0.,-0.,1.));
#2951=AXIS2_PLACEMENT_3D('',#2948,#2949,#2950);
#2952=CYLINDRICAL_SURFACE('',#2951,4.5);
#2953=CARTESIAN_POINT('',(-411.80151519,592.5,1286.49848481));
#2954=DIRECTION('',(-0.,-1.,-0.));
#2955=VECTOR('',#2954,7.1);
#2956=LINE('',#2953,#2955);
#2957=EDGE_CURVE('',#1071,#2435,#2956,.T.);
#2958=ORIENTED_EDGE('',*,*,#2957,.F.);
#2959=ORIENTED_EDGE('',*,*,#1077,.F.);
#2960=ORIENTED_EDGE('',*,*,#2957,.T.);
#2961=ORIENTED_EDGE('',*,*,#2441,.F.);
#2962=EDGE_LOOP('',(#2958,#2959,#2960,#2961));
#2963=FACE_BOUND('',#2962,.T.);
#2964=ADVANCED_FACE('',(#2963),#2952,.F.);
#2965=CARTESIAN_POINT('',(-411.80151519,587.,1281.99848481));
#2966=DIRECTION('',(0.,1.,0.));
#2967=DIRECTION('',(0.,-0.,1.));
#2968=AXIS2_PLACEMENT_3D('',#2965,#2966,#2967);
#2969=CYLINDRICAL_SURFACE('',#2968,4.5);
#2970=CARTESIAN_POINT('',(-411.80151519,597.,1286.49848481));
#2971=VERTEX_POINT('',#2970);
#2972=CARTESIAN_POINT('',(-411.80151519,603.,1286.49848481));
#2973=DIRECTION('',(-0.,-1.,-0.));
#2974=VECTOR('',#2973,6.);
#2975=LINE('',#2972,#2974);
#2976=EDGE_CURVE('',#2894,#2971,#2975,.T.);
#2977=ORIENTED_EDGE('',*,*,#2976,.F.);
#2978=ORIENTED_EDGE('',*,*,#2900,.T.);
#2979=ORIENTED_EDGE('',*,*,#2976,.T.);
#2980=CARTESIAN_POINT('',(-411.80151519,597.,1281.99848481));
#2981=DIRECTION('',(0.,1.,0.));
#2982=DIRECTION('',(0.,-0.,1.));
#2983=AXIS2_PLACEMENT_3D('',#2980,#2981,#2982);
#2984=CIRCLE('',#2983,4.5);
#2985=EDGE_CURVE('',#2971,#2971,#2984,.T.);
#2986=ORIENTED_EDGE('',*,*,#2985,.F.);
#2987=EDGE_LOOP('',(#2977,#2978,#2979,#2986));
#2988=FACE_BOUND('',#2987,.T.);
#2989=ADVANCED_FACE('',(#2988),#2969,.F.);
#2990=CARTESIAN_POINT('',(-619.,585.,1274.5));
#2991=DIRECTION('',(0.,0.,-1.));
#2992=DIRECTION('',(1.,0.,0.));
#2993=AXIS2_PLACEMENT_3D('',#2990,#2991,#2992);
#2994=PLANE('',#2993);
#2995=CARTESIAN_POINT('',(-433.,597.,1274.5));
#2996=VERTEX_POINT('',#2995);
#2997=CARTESIAN_POINT('',(-433.,603.,1274.5));
#2998=DIRECTION('',(-0.,-1.,-0.));
#2999=VECTOR('',#2998,6.);
#3000=LINE('',#2997,#2999);
#3001=EDGE_CURVE('',#2905,#2996,#3000,.T.);
#3002=ORIENTED_EDGE('',*,*,#3001,.F.);
#3003=ORIENTED_EDGE('',*,*,#2910,.T.);
#3004=ORIENTED_EDGE('',*,*,#2536,.F.);
#3005=CARTESIAN_POINT('',(-389.,597.,1274.5));
#3006=DIRECTION('',(-1.,-0.,0.));
#3007=VECTOR('',#3006,44.);
#3008=LINE('',#3005,#3007);
#3009=EDGE_CURVE('',#2523,#2996,#3008,.T.);
#3010=ORIENTED_EDGE('',*,*,#3009,.T.);
#3011=EDGE_LOOP('',(#3002,#3003,#3004,#3010));
#3012=FACE_BOUND('',#3011,.T.);
#3013=ADVANCED_FACE('',(#3012),#2994,.T.);
#3014=CARTESIAN_POINT('',(-431.,597.,1297.500894866));
#3015=DIRECTION('',(0.,-1.,0.));
#3016=DIRECTION('',(1.,0.,0.));
#3017=AXIS2_PLACEMENT_3D('',#3014,#3015,#3016);
#3018=PLANE('',#3017);
#3019=ORIENTED_EDGE('',*,*,#1787,.F.);
#3020=EDGE_LOOP('',(#3019));
#3021=FACE_BOUND('',#3020,.T.);
#3022=ORIENTED_EDGE('',*,*,#1845,.F.);
#3023=EDGE_LOOP('',(#3022));
#3024=FACE_BOUND('',#3023,.T.);
#3025=ORIENTED_EDGE('',*,*,#2985,.T.);
#3026=EDGE_LOOP('',(#3025));
#3027=FACE_BOUND('',#3026,.T.);
#3028=CARTESIAN_POINT('',(-433.,597.,1290.007940615));
#3029=VERTEX_POINT('',#3028);
#3030=CARTESIAN_POINT('',(-433.,597.,1290.007940615));
#3031=DIRECTION('',(-0.,-0.,-1.));
#3032=VECTOR('',#3031,15.507940615);
#3033=LINE('',#3030,#3032);
#3034=EDGE_CURVE('',#3029,#2996,#3033,.T.);
#3035=ORIENTED_EDGE('',*,*,#3034,.T.);
#3036=ORIENTED_EDGE('',*,*,#3009,.F.);
#3037=ORIENTED_EDGE('',*,*,#2528,.F.);
#3038=CARTESIAN_POINT('',(-433.,597.,1290.007940615));
#3039=DIRECTION('',(1.,0.,-0.));
#3040=VECTOR('',#3039,44.);
#3041=LINE('',#3038,#3040);
#3042=EDGE_CURVE('',#3029,#2514,#3041,.T.);
#3043=ORIENTED_EDGE('',*,*,#3042,.F.);
#3044=EDGE_LOOP('',(#3035,#3036,#3037,#3043));
#3045=FACE_BOUND('',#3044,.T.);
#3046=ADVANCED_FACE('',(#3021,#3024,#3027,#3045),#3018,.T.);
#3047=CARTESIAN_POINT('',(-433.,232.,246.));
#3048=DIRECTION('',(1.,0.,0.));
#3049=DIRECTION('',(0.,1.,0.));
#3050=AXIS2_PLACEMENT_3D('',#3047,#3048,#3049);
#3051=PLANE('',#3050);
#3052=ORIENTED_EDGE('',*,*,#2916,.T.);
#3053=ORIENTED_EDGE('',*,*,#3001,.T.);
#3054=ORIENTED_EDGE('',*,*,#3034,.F.);
#3055=CARTESIAN_POINT('',(-433.,593.3,1297.100894866));
#3056=DIRECTION('',(1.,0.,0.));
#3057=DIRECTION('',(0.,0.,-1.));
#3058=AXIS2_PLACEMENT_3D('',#3055,#3056,#3057);
#3059=CIRCLE('',#3058,8.);
#3060=EDGE_CURVE('',#3029,#2751,#3059,.T.);
#3061=ORIENTED_EDGE('',*,*,#3060,.T.);
#3062=ORIENTED_EDGE('',*,*,#2771,.T.);
#3063=CARTESIAN_POINT('',(-433.,593.3,1297.100894866));
#3064=DIRECTION('',(1.,0.,0.));
#3065=DIRECTION('',(0.,0.,-1.));
#3066=AXIS2_PLACEMENT_3D('',#3063,#3064,#3065);
#3067=CIRCLE('',#3066,8.);
#3068=EDGE_CURVE('',#2760,#2661,#3067,.T.);
#3069=ORIENTED_EDGE('',*,*,#3068,.T.);
#3070=ORIENTED_EDGE('',*,*,#2674,.T.);
#3071=ORIENTED_EDGE('',*,*,#2650,.T.);
#3072=ORIENTED_EDGE('',*,*,#2690,.T.);
#3073=ORIENTED_EDGE('',*,*,#2618,.T.);
#3074=ORIENTED_EDGE('',*,*,#1320,.T.);
#3075=ORIENTED_EDGE('',*,*,#2943,.F.);
#3076=ORIENTED_EDGE('',*,*,#2740,.T.);
#3077=EDGE_LOOP('',(#3052,#3053,#3054,#3061,#3062,#3069,#3070,#3071,#3072,#3073,#3074,#3075,#3076));
#3078=FACE_BOUND('',#3077,.T.);
#3079=ADVANCED_FACE('',(#3078),#3051,.F.);
#3080=CARTESIAN_POINT('',(-426.,593.3,1297.100894866));
#3081=DIRECTION('',(1.,0.,0.));
#3082=DIRECTION('',(-0.,1.,0.));
#3083=AXIS2_PLACEMENT_3D('',#3080,#3081,#3082);
#3084=CYLINDRICAL_SURFACE('',#3083,8.);
#3085=ORIENTED_EDGE('',*,*,#3042,.T.);
#3086=ORIENTED_EDGE('',*,*,#2520,.T.);
#3087=ORIENTED_EDGE('',*,*,#2756,.F.);
#3088=ORIENTED_EDGE('',*,*,#3060,.F.);
#3089=EDGE_LOOP('',(#3085,#3086,#3087,#3088));
#3090=FACE_BOUND('',#3089,.T.);
#3091=ADVANCED_FACE('',(#3090),#3084,.F.);
#3092=CARTESIAN_POINT('',(-426.,593.3,1297.100894866));
#3093=DIRECTION('',(1.,0.,0.));
#3094=DIRECTION('',(-0.,1.,0.));
#3095=AXIS2_PLACEMENT_3D('',#3092,#3093,#3094);
#3096=CYLINDRICAL_SURFACE('',#3095,8.);
#3097=ORIENTED_EDGE('',*,*,#2765,.T.);
#3098=ORIENTED_EDGE('',*,*,#2503,.T.);
#3099=ORIENTED_EDGE('',*,*,#2666,.F.);
#3100=ORIENTED_EDGE('',*,*,#3068,.F.);
#3101=EDGE_LOOP('',(#3097,#3098,#3099,#3100));
#3102=FACE_BOUND('',#3101,.T.);
#3103=ADVANCED_FACE('',(#3102),#3096,.F.);
#3104=CARTESIAN_POINT('',(-416.796241543,560.,1280.7357069));
#3105=DIRECTION('',(1.,0.,0.));
#3106=DIRECTION('',(0.,0.,-1.));
#3107=AXIS2_PLACEMENT_3D('',#3104,#3105,#3106);
#3108=PLANE('',#3107);
#3109=CARTESIAN_POINT('',(-416.796241543,583.116065015,1293.));
#3110=DIRECTION('',(0.,1.,0.));
#3111=VECTOR('',#3110,1.883934985);
#3112=LINE('',#3109,#3111);
#3113=EDGE_CURVE('',#1856,#1709,#3112,.T.);
#3114=ORIENTED_EDGE('',*,*,#3113,.T.);
#3115=ORIENTED_EDGE('',*,*,#1714,.T.);
#3116=CARTESIAN_POINT('',(-416.796241543,584.72446212,1288.876181274));
#3117=DIRECTION('',(0.,1.,0.));
#3118=VECTOR('',#3117,0.27553788);
#3119=LINE('',#3116,#3118);
#3120=EDGE_CURVE('',#1877,#1700,#3119,.T.);
#3121=ORIENTED_EDGE('',*,*,#3120,.F.);
#3122=ORIENTED_EDGE('',*,*,#1886,.F.);
#3123=EDGE_LOOP('',(#3114,#3115,#3121,#3122));
#3124=FACE_BOUND('',#3123,.T.);
#3125=ADVANCED_FACE('',(#3124),#3108,.F.);
#3126=CARTESIAN_POINT('',(-477.,560.,1293.));
#3127=DIRECTION('',(0.,0.,1.));
#3128=DIRECTION('',(1.,0.,0.));
#3129=AXIS2_PLACEMENT_3D('',#3126,#3127,#3128);
#3130=PLANE('',#3129);
#3131=ORIENTED_EDGE('',*,*,#1722,.T.);
#3132=ORIENTED_EDGE('',*,*,#3113,.F.);
#3133=ORIENTED_EDGE('',*,*,#1874,.F.);
#3134=EDGE_LOOP('',(#3131,#3132,#3133));
#3135=FACE_BOUND('',#3134,.T.);
#3136=ADVANCED_FACE('',(#3135),#3130,.F.);
#3137=CARTESIAN_POINT('',(-394.43760217,601.,1279.50848481));
#3138=DIRECTION('',(-0.5,0.,-0.866025404));
#3139=DIRECTION('',(-0.866025404,0.,0.5));
#3140=AXIS2_PLACEMENT_3D('',#3137,#3138,#3139);
#3141=PLANE('',#3140);
#3142=ORIENTED_EDGE('',*,*,#2851,.T.);
#3143=CARTESIAN_POINT('',(-395.875204341,600.2,1280.33848481));
#3144=VERTEX_POINT('',#3143);
#3145=CARTESIAN_POINT('',(-395.875204341,600.2,1280.33848481));
#3146=DIRECTION('',(0.,1.,0.));
#3147=VECTOR('',#3146,2.8);
#3148=LINE('',#3145,#3147);
#3149=EDGE_CURVE('',#3144,#2846,#3148,.T.);
#3150=ORIENTED_EDGE('',*,*,#3149,.F.);
#3151=CARTESIAN_POINT('',(-393.,600.2,1278.67848481));
#3152=VERTEX_POINT('',#3151);
#3153=CARTESIAN_POINT('',(-393.,600.2,1278.67848481));
#3154=DIRECTION('',(-0.866025404,0.,0.5));
#3155=VECTOR('',#3154,3.32);
#3156=LINE('',#3153,#3155);
#3157=EDGE_CURVE('',#3152,#3144,#3156,.T.);
#3158=ORIENTED_EDGE('',*,*,#3157,.F.);
#3159=CARTESIAN_POINT('',(-393.,600.2,1278.67848481));
#3160=DIRECTION('',(0.,1.,0.));
#3161=VECTOR('',#3160,2.8);
#3162=LINE('',#3159,#3161);
#3163=EDGE_CURVE('',#3152,#2844,#3162,.T.);
#3164=ORIENTED_EDGE('',*,*,#3163,.T.);
#3165=EDGE_LOOP('',(#3142,#3150,#3158,#3164));
#3166=FACE_BOUND('',#3165,.T.);
#3167=ADVANCED_FACE('',(#3166),#3141,.F.);
#3168=CARTESIAN_POINT('',(-395.875204341,601.,1282.82848481));
#3169=DIRECTION('',(-1.,0.,0.));
#3170=DIRECTION('',(0.,0.,1.));
#3171=AXIS2_PLACEMENT_3D('',#3168,#3169,#3170);
#3172=PLANE('',#3171);
#3173=ORIENTED_EDGE('',*,*,#2889,.T.);
#3174=CARTESIAN_POINT('',(-395.875204341,600.2,1283.65848481));
#3175=VERTEX_POINT('',#3174);
#3176=CARTESIAN_POINT('',(-395.875204341,600.2,1283.65848481));
#3177=DIRECTION('',(0.,1.,0.));
#3178=VECTOR('',#3177,2.8);
#3179=LINE('',#3176,#3178);
#3180=EDGE_CURVE('',#3175,#2878,#3179,.T.);
#3181=ORIENTED_EDGE('',*,*,#3180,.F.);
#3182=CARTESIAN_POINT('',(-395.875204341,600.2,1280.33848481));
#3183=DIRECTION('',(-0.,-0.,1.));
#3184=VECTOR('',#3183,3.32);
#3185=LINE('',#3182,#3184);
#3186=EDGE_CURVE('',#3144,#3175,#3185,.T.);
#3187=ORIENTED_EDGE('',*,*,#3186,.F.);
#3188=ORIENTED_EDGE('',*,*,#3149,.T.);
#3189=EDGE_LOOP('',(#3173,#3181,#3187,#3188));
#3190=FACE_BOUND('',#3189,.T.);
#3191=ADVANCED_FACE('',(#3190),#3172,.F.);
#3192=CARTESIAN_POINT('',(-394.43760217,601.,1284.48848481));
#3193=DIRECTION('',(-0.5,0.,0.866025404));
#3194=DIRECTION('',(0.866025404,0.,0.5));
#3195=AXIS2_PLACEMENT_3D('',#3192,#3193,#3194);
#3196=PLANE('',#3195);
#3197=ORIENTED_EDGE('',*,*,#2883,.T.);
#3198=CARTESIAN_POINT('',(-393.,600.2,1285.31848481));
#3199=VERTEX_POINT('',#3198);
#3200=CARTESIAN_POINT('',(-393.,600.2,1285.31848481));
#3201=DIRECTION('',(0.,1.,0.));
#3202=VECTOR('',#3201,2.8);
#3203=LINE('',#3200,#3202);
#3204=EDGE_CURVE('',#3199,#2870,#3203,.T.);
#3205=ORIENTED_EDGE('',*,*,#3204,.F.);
#3206=CARTESIAN_POINT('',(-395.875204341,600.2,1283.65848481));
#3207=DIRECTION('',(0.866025404,0.,0.5));
#3208=VECTOR('',#3207,3.32);
#3209=LINE('',#3206,#3208);
#3210=EDGE_CURVE('',#3175,#3199,#3209,.T.);
#3211=ORIENTED_EDGE('',*,*,#3210,.F.);
#3212=ORIENTED_EDGE('',*,*,#3180,.T.);
#3213=EDGE_LOOP('',(#3197,#3205,#3211,#3212));
#3214=FACE_BOUND('',#3213,.T.);
#3215=ADVANCED_FACE('',(#3214),#3196,.F.);
#3216=CARTESIAN_POINT('',(-391.56239783,601.,1284.48848481));
#3217=DIRECTION('',(0.5,0.,0.866025404));
#3218=DIRECTION('',(0.866025404,0.,-0.5));
#3219=AXIS2_PLACEMENT_3D('',#3216,#3217,#3218);
#3220=PLANE('',#3219);
#3221=ORIENTED_EDGE('',*,*,#2875,.T.);
#3222=CARTESIAN_POINT('',(-390.124795659,600.2,1283.65848481));
#3223=VERTEX_POINT('',#3222);
#3224=CARTESIAN_POINT('',(-390.124795659,600.2,1283.65848481));
#3225=DIRECTION('',(0.,1.,0.));
#3226=VECTOR('',#3225,2.8);
#3227=LINE('',#3224,#3226);
#3228=EDGE_CURVE('',#3223,#2862,#3227,.T.);
#3229=ORIENTED_EDGE('',*,*,#3228,.F.);
#3230=CARTESIAN_POINT('',(-393.,600.2,1285.31848481));
#3231=DIRECTION('',(0.866025404,0.,-0.5));
#3232=VECTOR('',#3231,3.32);
#3233=LINE('',#3230,#3232);
#3234=EDGE_CURVE('',#3199,#3223,#3233,.T.);
#3235=ORIENTED_EDGE('',*,*,#3234,.F.);
#3236=ORIENTED_EDGE('',*,*,#3204,.T.);
#3237=EDGE_LOOP('',(#3221,#3229,#3235,#3236));
#3238=FACE_BOUND('',#3237,.T.);
#3239=ADVANCED_FACE('',(#3238),#3220,.F.);
#3240=CARTESIAN_POINT('',(-390.124795659,601.,1282.82848481));
#3241=DIRECTION('',(1.,0.,0.));
#3242=DIRECTION('',(0.,0.,-1.));
#3243=AXIS2_PLACEMENT_3D('',#3240,#3241,#3242);
#3244=PLANE('',#3243);
#3245=ORIENTED_EDGE('',*,*,#2867,.T.);
#3246=CARTESIAN_POINT('',(-390.124795659,600.2,1280.33848481));
#3247=VERTEX_POINT('',#3246);
#3248=CARTESIAN_POINT('',(-390.124795659,600.2,1280.33848481));
#3249=DIRECTION('',(0.,1.,0.));
#3250=VECTOR('',#3249,2.8);
#3251=LINE('',#3248,#3250);
#3252=EDGE_CURVE('',#3247,#2854,#3251,.T.);
#3253=ORIENTED_EDGE('',*,*,#3252,.F.);
#3254=CARTESIAN_POINT('',(-390.124795659,600.2,1283.65848481));
#3255=DIRECTION('',(0.,0.,-1.));
#3256=VECTOR('',#3255,3.32);
#3257=LINE('',#3254,#3256);
#3258=EDGE_CURVE('',#3223,#3247,#3257,.T.);
#3259=ORIENTED_EDGE('',*,*,#3258,.F.);
#3260=ORIENTED_EDGE('',*,*,#3228,.T.);
#3261=EDGE_LOOP('',(#3245,#3253,#3259,#3260));
#3262=FACE_BOUND('',#3261,.T.);
#3263=ADVANCED_FACE('',(#3262),#3244,.F.);
#3264=CARTESIAN_POINT('',(-391.56239783,601.,1279.50848481));
#3265=DIRECTION('',(0.5,0.,-0.866025404));
#3266=DIRECTION('',(-0.866025404,0.,-0.5));
#3267=AXIS2_PLACEMENT_3D('',#3264,#3265,#3266);
#3268=PLANE('',#3267);
#3269=ORIENTED_EDGE('',*,*,#2859,.T.);
#3270=ORIENTED_EDGE('',*,*,#3163,.F.);
#3271=CARTESIAN_POINT('',(-390.124795659,600.2,1280.33848481));
#3272=DIRECTION('',(-0.866025404,0.,-0.5));
#3273=VECTOR('',#3272,3.32);
#3274=LINE('',#3271,#3273);
#3275=EDGE_CURVE('',#3247,#3152,#3274,.T.);
#3276=ORIENTED_EDGE('',*,*,#3275,.F.);
#3277=ORIENTED_EDGE('',*,*,#3252,.T.);
#3278=EDGE_LOOP('',(#3269,#3270,#3276,#3277));
#3279=FACE_BOUND('',#3278,.T.);
#3280=ADVANCED_FACE('',(#3279),#3268,.F.);
#3281=CARTESIAN_POINT('',(-119.,600.2,0.));
#3282=DIRECTION('',(0.,1.,0.));
#3283=DIRECTION('',(1.,0.,0.));
#3284=AXIS2_PLACEMENT_3D('',#3281,#3282,#3283);
#3285=PLANE('',#3284);
#3286=ORIENTED_EDGE('',*,*,#1837,.F.);
#3287=EDGE_LOOP('',(#3286));
#3288=FACE_BOUND('',#3287,.T.);
#3289=ORIENTED_EDGE('',*,*,#3157,.T.);
#3290=ORIENTED_EDGE('',*,*,#3186,.T.);
#3291=ORIENTED_EDGE('',*,*,#3210,.T.);
#3292=ORIENTED_EDGE('',*,*,#3234,.T.);
#3293=ORIENTED_EDGE('',*,*,#3258,.T.);
#3294=ORIENTED_EDGE('',*,*,#3275,.T.);
#3295=EDGE_LOOP('',(#3289,#3290,#3291,#3292,#3293,#3294));
#3296=FACE_BOUND('',#3295,.T.);
#3297=ADVANCED_FACE('',(#3288,#3296),#3285,.T.);
#3298=CARTESIAN_POINT('',(-393.,567.,1281.99848481));
#3299=DIRECTION('',(0.,-1.,0.));
#3300=DIRECTION('',(0.,0.,-1.));
#3301=AXIS2_PLACEMENT_3D('',#3298,#3299,#3300);
#3302=CYLINDRICAL_SURFACE('',#3301,3.);
#3303=CARTESIAN_POINT('',(-393.,573.5,1278.99848481));
#3304=VERTEX_POINT('',#3303);
#3305=CARTESIAN_POINT('',(-393.,565.,1278.99848481));
#3306=DIRECTION('',(-0.,1.,-0.));
#3307=VECTOR('',#3306,8.5);
#3308=LINE('',#3305,#3307);
#3309=EDGE_CURVE('',#2247,#3304,#3308,.T.);
#3310=ORIENTED_EDGE('',*,*,#3309,.F.);
#3311=ORIENTED_EDGE('',*,*,#2253,.T.);
#3312=ORIENTED_EDGE('',*,*,#3309,.T.);
#3313=CARTESIAN_POINT('',(-393.,573.5,1281.99848481));
#3314=DIRECTION('',(0.,-1.,0.));
#3315=DIRECTION('',(0.,0.,-1.));
#3316=AXIS2_PLACEMENT_3D('',#3313,#3314,#3315);
#3317=CIRCLE('',#3316,3.);
#3318=EDGE_CURVE('',#3304,#3304,#3317,.T.);
#3319=ORIENTED_EDGE('',*,*,#3318,.F.);
#3320=EDGE_LOOP('',(#3310,#3311,#3312,#3319));
#3321=FACE_BOUND('',#3320,.T.);
#3322=ADVANCED_FACE('',(#3321),#3302,.F.);
#3323=CARTESIAN_POINT('',(-119.,573.5,0.));
#3324=DIRECTION('',(0.,-1.,0.));
#3325=DIRECTION('',(1.,0.,0.));
#3326=AXIS2_PLACEMENT_3D('',#3323,#3324,#3325);
#3327=PLANE('',#3326);
#3328=ORIENTED_EDGE('',*,*,#3318,.T.);
#3329=EDGE_LOOP('',(#3328));
#3330=FACE_BOUND('',#3329,.T.);
#3331=ORIENTED_EDGE('',*,*,#1812,.T.);
#3332=EDGE_LOOP('',(#3331));
#3333=FACE_BOUND('',#3332,.T.);
#3334=ADVANCED_FACE('',(#3330,#3333),#3327,.T.);
#3335=CARTESIAN_POINT('',(-426.43760217,601.,1279.50848481));
#3336=DIRECTION('',(-0.5,0.,-0.866025404));
#3337=DIRECTION('',(-0.866025404,0.,0.5));
#3338=AXIS2_PLACEMENT_3D('',#3335,#3336,#3337);
#3339=PLANE('',#3338);
#3340=ORIENTED_EDGE('',*,*,#2801,.T.);
#3341=CARTESIAN_POINT('',(-427.875204341,601.,1280.33848481));
#3342=VERTEX_POINT('',#3341);
#3343=CARTESIAN_POINT('',(-427.875204341,601.,1280.33848481));
#3344=DIRECTION('',(0.,1.,0.));
#3345=VECTOR('',#3344,2.);
#3346=LINE('',#3343,#3345);
#3347=EDGE_CURVE('',#3342,#2796,#3346,.T.);
#3348=ORIENTED_EDGE('',*,*,#3347,.F.);
#3349=CARTESIAN_POINT('',(-425.,601.,1278.67848481));
#3350=VERTEX_POINT('',#3349);
#3351=CARTESIAN_POINT('',(-425.,601.,1278.67848481));
#3352=DIRECTION('',(-0.866025404,0.,0.5));
#3353=VECTOR('',#3352,3.32);
#3354=LINE('',#3351,#3353);
#3355=EDGE_CURVE('',#3350,#3342,#3354,.T.);
#3356=ORIENTED_EDGE('',*,*,#3355,.F.);
#3357=CARTESIAN_POINT('',(-425.,601.,1278.67848481));
#3358=DIRECTION('',(0.,1.,0.));
#3359=VECTOR('',#3358,2.);
#3360=LINE('',#3357,#3359);
#3361=EDGE_CURVE('',#3350,#2794,#3360,.T.);
#3362=ORIENTED_EDGE('',*,*,#3361,.T.);
#3363=EDGE_LOOP('',(#3340,#3348,#3356,#3362));
#3364=FACE_BOUND('',#3363,.T.);
#3365=ADVANCED_FACE('',(#3364),#3339,.F.);
#3366=CARTESIAN_POINT('',(-427.875204341,601.,1282.82848481));
#3367=DIRECTION('',(-1.,0.,0.));
#3368=DIRECTION('',(0.,0.,1.));
#3369=AXIS2_PLACEMENT_3D('',#3366,#3367,#3368);
#3370=PLANE('',#3369);
#3371=ORIENTED_EDGE('',*,*,#2839,.T.);
#3372=CARTESIAN_POINT('',(-427.875204341,601.,1283.65848481));
#3373=VERTEX_POINT('',#3372);
#3374=CARTESIAN_POINT('',(-427.875204341,601.,1283.65848481));
#3375=DIRECTION('',(0.,1.,0.));
#3376=VECTOR('',#3375,2.);
#3377=LINE('',#3374,#3376);
#3378=EDGE_CURVE('',#3373,#2828,#3377,.T.);
#3379=ORIENTED_EDGE('',*,*,#3378,.F.);
#3380=CARTESIAN_POINT('',(-427.875204341,601.,1280.33848481));
#3381=DIRECTION('',(-0.,-0.,1.));
#3382=VECTOR('',#3381,3.32);
#3383=LINE('',#3380,#3382);
#3384=EDGE_CURVE('',#3342,#3373,#3383,.T.);
#3385=ORIENTED_EDGE('',*,*,#3384,.F.);
#3386=ORIENTED_EDGE('',*,*,#3347,.T.);
#3387=EDGE_LOOP('',(#3371,#3379,#3385,#3386));
#3388=FACE_BOUND('',#3387,.T.);
#3389=ADVANCED_FACE('',(#3388),#3370,.F.);
#3390=CARTESIAN_POINT('',(-426.43760217,601.,1284.48848481));
#3391=DIRECTION('',(-0.5,0.,0.866025404));
#3392=DIRECTION('',(0.866025404,0.,0.5));
#3393=AXIS2_PLACEMENT_3D('',#3390,#3391,#3392);
#3394=PLANE('',#3393);
#3395=ORIENTED_EDGE('',*,*,#2833,.T.);
#3396=CARTESIAN_POINT('',(-425.,601.,1285.31848481));
#3397=VERTEX_POINT('',#3396);
#3398=CARTESIAN_POINT('',(-425.,601.,1285.31848481));
#3399=DIRECTION('',(0.,1.,0.));
#3400=VECTOR('',#3399,2.);
#3401=LINE('',#3398,#3400);
#3402=EDGE_CURVE('',#3397,#2820,#3401,.T.);
#3403=ORIENTED_EDGE('',*,*,#3402,.F.);
#3404=CARTESIAN_POINT('',(-427.875204341,601.,1283.65848481));
#3405=DIRECTION('',(0.866025404,0.,0.5));
#3406=VECTOR('',#3405,3.32);
#3407=LINE('',#3404,#3406);
#3408=EDGE_CURVE('',#3373,#3397,#3407,.T.);
#3409=ORIENTED_EDGE('',*,*,#3408,.F.);
#3410=ORIENTED_EDGE('',*,*,#3378,.T.);
#3411=EDGE_LOOP('',(#3395,#3403,#3409,#3410));
#3412=FACE_BOUND('',#3411,.T.);
#3413=ADVANCED_FACE('',(#3412),#3394,.F.);
#3414=CARTESIAN_POINT('',(-423.56239783,601.,1284.48848481));
#3415=DIRECTION('',(0.5,0.,0.866025404));
#3416=DIRECTION('',(0.866025404,0.,-0.5));
#3417=AXIS2_PLACEMENT_3D('',#3414,#3415,#3416);
#3418=PLANE('',#3417);
#3419=ORIENTED_EDGE('',*,*,#2825,.T.);
#3420=CARTESIAN_POINT('',(-422.124795659,601.,1283.65848481));
#3421=VERTEX_POINT('',#3420);
#3422=CARTESIAN_POINT('',(-422.124795659,601.,1283.65848481));
#3423=DIRECTION('',(0.,1.,0.));
#3424=VECTOR('',#3423,2.);
#3425=LINE('',#3422,#3424);
#3426=EDGE_CURVE('',#3421,#2812,#3425,.T.);
#3427=ORIENTED_EDGE('',*,*,#3426,.F.);
#3428=CARTESIAN_POINT('',(-425.,601.,1285.31848481));
#3429=DIRECTION('',(0.866025404,0.,-0.5));
#3430=VECTOR('',#3429,3.32);
#3431=LINE('',#3428,#3430);
#3432=EDGE_CURVE('',#3397,#3421,#3431,.T.);
#3433=ORIENTED_EDGE('',*,*,#3432,.F.);
#3434=ORIENTED_EDGE('',*,*,#3402,.T.);
#3435=EDGE_LOOP('',(#3419,#3427,#3433,#3434));
#3436=FACE_BOUND('',#3435,.T.);
#3437=ADVANCED_FACE('',(#3436),#3418,.F.);
#3438=CARTESIAN_POINT('',(-422.124795659,601.,1282.82848481));
#3439=DIRECTION('',(1.,0.,0.));
#3440=DIRECTION('',(0.,0.,-1.));
#3441=AXIS2_PLACEMENT_3D('',#3438,#3439,#3440);
#3442=PLANE('',#3441);
#3443=ORIENTED_EDGE('',*,*,#2817,.T.);
#3444=CARTESIAN_POINT('',(-422.124795659,601.,1280.33848481));
#3445=VERTEX_POINT('',#3444);
#3446=CARTESIAN_POINT('',(-422.124795659,601.,1280.33848481));
#3447=DIRECTION('',(0.,1.,0.));
#3448=VECTOR('',#3447,2.);
#3449=LINE('',#3446,#3448);
#3450=EDGE_CURVE('',#3445,#2804,#3449,.T.);
#3451=ORIENTED_EDGE('',*,*,#3450,.F.);
#3452=CARTESIAN_POINT('',(-422.124795659,601.,1283.65848481));
#3453=DIRECTION('',(0.,0.,-1.));
#3454=VECTOR('',#3453,3.32);
#3455=LINE('',#3452,#3454);
#3456=EDGE_CURVE('',#3421,#3445,#3455,.T.);
#3457=ORIENTED_EDGE('',*,*,#3456,.F.);
#3458=ORIENTED_EDGE('',*,*,#3426,.T.);
#3459=EDGE_LOOP('',(#3443,#3451,#3457,#3458));
#3460=FACE_BOUND('',#3459,.T.);
#3461=ADVANCED_FACE('',(#3460),#3442,.F.);
#3462=CARTESIAN_POINT('',(-423.56239783,601.,1279.50848481));
#3463=DIRECTION('',(0.5,0.,-0.866025404));
#3464=DIRECTION('',(-0.866025404,0.,-0.5));
#3465=AXIS2_PLACEMENT_3D('',#3462,#3463,#3464);
#3466=PLANE('',#3465);
#3467=ORIENTED_EDGE('',*,*,#2809,.T.);
#3468=ORIENTED_EDGE('',*,*,#3361,.F.);
#3469=CARTESIAN_POINT('',(-422.124795659,601.,1280.33848481));
#3470=DIRECTION('',(-0.866025404,0.,-0.5));
#3471=VECTOR('',#3470,3.32);
#3472=LINE('',#3469,#3471);
#3473=EDGE_CURVE('',#3445,#3350,#3472,.T.);
#3474=ORIENTED_EDGE('',*,*,#3473,.F.);
#3475=ORIENTED_EDGE('',*,*,#3450,.T.);
#3476=EDGE_LOOP('',(#3467,#3468,#3474,#3475));
#3477=FACE_BOUND('',#3476,.T.);
#3478=ADVANCED_FACE('',(#3477),#3466,.F.);
#3479=CARTESIAN_POINT('',(-119.,601.,0.));
#3480=DIRECTION('',(0.,1.,0.));
#3481=DIRECTION('',(1.,0.,0.));
#3482=AXIS2_PLACEMENT_3D('',#3479,#3480,#3481);
#3483=PLANE('',#3482);
#3484=ORIENTED_EDGE('',*,*,#3355,.T.);
#3485=ORIENTED_EDGE('',*,*,#3384,.T.);
#3486=ORIENTED_EDGE('',*,*,#3408,.T.);
#3487=ORIENTED_EDGE('',*,*,#3432,.T.);
#3488=ORIENTED_EDGE('',*,*,#3456,.T.);
#3489=ORIENTED_EDGE('',*,*,#3473,.T.);
#3490=EDGE_LOOP('',(#3484,#3485,#3486,#3487,#3488,#3489));
#3491=FACE_BOUND('',#3490,.T.);
#3492=ORIENTED_EDGE('',*,*,#1779,.F.);
#3493=EDGE_LOOP('',(#3492));
#3494=FACE_BOUND('',#3493,.T.);
#3495=ADVANCED_FACE('',(#3491,#3494),#3483,.T.);
#3496=CARTESIAN_POINT('',(-425.,590.,1281.99848481));
#3497=DIRECTION('',(0.,-1.,0.));
#3498=DIRECTION('',(0.,0.,-1.));
#3499=AXIS2_PLACEMENT_3D('',#3496,#3497,#3498);
#3500=CYLINDRICAL_SURFACE('',#3499,3.);
#3501=CARTESIAN_POINT('',(-425.,590.,1278.99848481));
#3502=VERTEX_POINT('',#3501);
#3503=CARTESIAN_POINT('',(-425.,585.,1278.99848481));
#3504=DIRECTION('',(-0.,1.,-0.));
#3505=VECTOR('',#3504,5.);
#3506=LINE('',#3503,#3505);
#3507=EDGE_CURVE('',#1649,#3502,#3506,.T.);
#3508=ORIENTED_EDGE('',*,*,#3507,.F.);
#3509=ORIENTED_EDGE('',*,*,#1655,.T.);
#3510=ORIENTED_EDGE('',*,*,#3507,.T.);
#3511=CARTESIAN_POINT('',(-425.,590.,1281.99848481));
#3512=DIRECTION('',(0.,-1.,0.));
#3513=DIRECTION('',(0.,0.,-1.));
#3514=AXIS2_PLACEMENT_3D('',#3511,#3512,#3513);
#3515=CIRCLE('',#3514,3.);
#3516=EDGE_CURVE('',#3502,#3502,#3515,.T.);
#3517=ORIENTED_EDGE('',*,*,#3516,.F.);
#3518=EDGE_LOOP('',(#3508,#3509,#3510,#3517));
#3519=FACE_BOUND('',#3518,.T.);
#3520=ADVANCED_FACE('',(#3519),#3500,.F.);
#3521=CARTESIAN_POINT('',(-119.,590.,0.));
#3522=DIRECTION('',(0.,-1.,0.));
#3523=DIRECTION('',(1.,0.,0.));
#3524=AXIS2_PLACEMENT_3D('',#3521,#3522,#3523);
#3525=PLANE('',#3524);
#3526=ORIENTED_EDGE('',*,*,#3516,.T.);
#3527=EDGE_LOOP('',(#3526));
#3528=FACE_BOUND('',#3527,.T.);
#3529=ORIENTED_EDGE('',*,*,#1754,.T.);
#3530=EDGE_LOOP('',(#3529));
#3531=FACE_BOUND('',#3530,.T.);
#3532=ADVANCED_FACE('',(#3528,#3531),#3525,.T.);
#3533=CARTESIAN_POINT('',(-447.37151593,607.,1293.25));
#3534=DIRECTION('',(1.,0.,0.));
#3535=DIRECTION('',(0.,0.,-1.));
#3536=AXIS2_PLACEMENT_3D('',#3533,#3534,#3535);
#3537=PLANE('',#3536);
#3538=ORIENTED_EDGE('',*,*,#1680,.F.);
#3539=CARTESIAN_POINT('',(-447.37151593,575.,1282.3));
#3540=VERTEX_POINT('',#3539);
#3541=CARTESIAN_POINT('',(-447.37151593,575.,1292.3));
#3542=DIRECTION('',(-1.,-0.,-0.));
#3543=DIRECTION('',(0.,0.,-1.));
#3544=AXIS2_PLACEMENT_3D('',#3541,#3542,#3543);
#3545=CIRCLE('',#3544,10.);
#3546=EDGE_CURVE('',#1669,#3540,#3545,.T.);
#3547=ORIENTED_EDGE('',*,*,#3546,.T.);
#3548=CARTESIAN_POINT('',(-447.37151593,567.533499733,1282.3));
#3549=VERTEX_POINT('',#3548);
#3550=CARTESIAN_POINT('',(-447.37151593,575.,1282.3));
#3551=DIRECTION('',(-0.,-1.,-0.));
#3552=VECTOR('',#3551,7.466500267);
#3553=LINE('',#3550,#3552);
#3554=EDGE_CURVE('',#3540,#3549,#3553,.T.);
#3555=ORIENTED_EDGE('',*,*,#3554,.T.);
#3556=CARTESIAN_POINT('',(-447.37151593,565.,1280.584737173));
#3557=VERTEX_POINT('',#3556);
#3558=CARTESIAN_POINT('',(-447.37151593,565.,1280.584737173));
#3559=DIRECTION('',(-0.,0.82806723,0.560628809));
#3560=VECTOR('',#3559,3.059533864);
#3561=LINE('',#3558,#3560);
#3562=EDGE_CURVE('',#3557,#3549,#3561,.T.);
#3563=ORIENTED_EDGE('',*,*,#3562,.F.);
#3564=CARTESIAN_POINT('',(-447.37151593,565.,1270.5));
#3565=DIRECTION('',(0.,0.,1.));
#3566=VECTOR('',#3565,10.084737173);
#3567=LINE('',#3564,#3566);
#3568=EDGE_CURVE('',#1025,#3557,#3567,.T.);
#3569=ORIENTED_EDGE('',*,*,#3568,.F.);
#3570=ORIENTED_EDGE('',*,*,#1030,.F.);
#3571=EDGE_LOOP('',(#3538,#3547,#3555,#3563,#3569,#3570));
#3572=FACE_BOUND('',#3571,.T.);
#3573=ADVANCED_FACE('',(#3572),#3537,.T.);
#3574=CARTESIAN_POINT('',(-474.65875,583.,1292.344809215));
#3575=DIRECTION('',(0.,1.,0.));
#3576=DIRECTION('',(-1.,0.,0.));
#3577=AXIS2_PLACEMENT_3D('',#3574,#3575,#3576);
#3578=PLANE('',#3577);
#3579=CARTESIAN_POINT('',(-489.639999999,583.,1275.542368587));
#3580=VERTEX_POINT('',#3579);
#3581=CARTESIAN_POINT('',(-487.98,583.,1278.417572927));
#3582=VERTEX_POINT('',#3581);
#3583=CARTESIAN_POINT('',(-489.639999999,583.,1275.542368587));
#3584=DIRECTION('',(0.5,0.,0.866025404));
#3585=VECTOR('',#3584,3.319999999);
#3586=LINE('',#3583,#3585);
#3587=EDGE_CURVE('',#3580,#3582,#3586,.T.);
#3588=ORIENTED_EDGE('',*,*,#3587,.T.);
#3589=CARTESIAN_POINT('',(-484.66,583.,1278.417572927));
#3590=VERTEX_POINT('',#3589);
#3591=CARTESIAN_POINT('',(-487.98,583.,1278.417572927));
#3592=DIRECTION('',(1.,-0.,-0.));
#3593=VECTOR('',#3592,3.32);
#3594=LINE('',#3591,#3593);
#3595=EDGE_CURVE('',#3582,#3590,#3594,.T.);
#3596=ORIENTED_EDGE('',*,*,#3595,.T.);
#3597=CARTESIAN_POINT('',(-483.000000001,583.,1275.542368587));
#3598=VERTEX_POINT('',#3597);
#3599=CARTESIAN_POINT('',(-484.66,583.,1278.417572927));
#3600=DIRECTION('',(0.5,0.,-0.866025404));
#3601=VECTOR('',#3600,3.319999999);
#3602=LINE('',#3599,#3601);
#3603=EDGE_CURVE('',#3590,#3598,#3602,.T.);
#3604=ORIENTED_EDGE('',*,*,#3603,.T.);
#3605=CARTESIAN_POINT('',(-484.66,583.,1272.667164247));
#3606=VERTEX_POINT('',#3605);
#3607=CARTESIAN_POINT('',(-483.000000001,583.,1275.542368587));
#3608=DIRECTION('',(-0.5,0.,-0.866025404));
#3609=VECTOR('',#3608,3.319999999);
#3610=LINE('',#3607,#3609);
#3611=EDGE_CURVE('',#3598,#3606,#3610,.T.);
#3612=ORIENTED_EDGE('',*,*,#3611,.T.);
#3613=CARTESIAN_POINT('',(-487.98,583.,1272.667164247));
#3614=VERTEX_POINT('',#3613);
#3615=CARTESIAN_POINT('',(-484.66,583.,1272.667164247));
#3616=DIRECTION('',(-1.,0.,0.));
#3617=VECTOR('',#3616,3.32);
#3618=LINE('',#3615,#3617);
#3619=EDGE_CURVE('',#3606,#3614,#3618,.T.);
#3620=ORIENTED_EDGE('',*,*,#3619,.T.);
#3621=CARTESIAN_POINT('',(-487.98,583.,1272.667164247));
#3622=DIRECTION('',(-0.5,0.,0.866025404));
#3623=VECTOR('',#3622,3.319999999);
#3624=LINE('',#3621,#3623);
#3625=EDGE_CURVE('',#3614,#3580,#3624,.T.);
#3626=ORIENTED_EDGE('',*,*,#3625,.T.);
#3627=EDGE_LOOP('',(#3588,#3596,#3604,#3612,#3620,#3626));
#3628=FACE_BOUND('',#3627,.T.);
#3629=CARTESIAN_POINT('',(-486.32,583.,1277.242368587));
#3630=VERTEX_POINT('',#3629);
#3631=CARTESIAN_POINT('',(-486.32,583.,1275.542368587));
#3632=DIRECTION('',(-0.,-1.,-0.));
#3633=DIRECTION('',(0.,-0.,1.));
#3634=AXIS2_PLACEMENT_3D('',#3631,#3632,#3633);
#3635=CIRCLE('',#3634,1.7);
#3636=EDGE_CURVE('',#3630,#3630,#3635,.T.);
#3637=ORIENTED_EDGE('',*,*,#3636,.T.);
#3638=EDGE_LOOP('',(#3637));
#3639=FACE_BOUND('',#3638,.T.);
#3640=ADVANCED_FACE('',(#3628,#3639),#3578,.T.);
#3641=CARTESIAN_POINT('',(-111.,583.,426.));
#3642=DIRECTION('',(0.,1.,0.));
#3643=DIRECTION('',(-1.,0.,0.));
#3644=AXIS2_PLACEMENT_3D('',#3641,#3642,#3643);
#3645=PLANE('',#3644);
#3646=CARTESIAN_POINT('',(-464.66,583.,1272.667164246));
#3647=VERTEX_POINT('',#3646);
#3648=CARTESIAN_POINT('',(-466.32,583.,1275.542368587));
#3649=VERTEX_POINT('',#3648);
#3650=CARTESIAN_POINT('',(-464.66,583.,1272.667164246));
#3651=DIRECTION('',(-0.5,0.,0.866025404));
#3652=VECTOR('',#3651,3.32);
#3653=LINE('',#3650,#3652);
#3654=EDGE_CURVE('',#3647,#3649,#3653,.T.);
#3655=ORIENTED_EDGE('',*,*,#3654,.T.);
#3656=CARTESIAN_POINT('',(-464.66,583.,1278.417572927));
#3657=VERTEX_POINT('',#3656);
#3658=CARTESIAN_POINT('',(-466.32,583.,1275.542368587));
#3659=DIRECTION('',(0.5,0.,0.866025404));
#3660=VECTOR('',#3659,3.32);
#3661=LINE('',#3658,#3660);
#3662=EDGE_CURVE('',#3649,#3657,#3661,.T.);
#3663=ORIENTED_EDGE('',*,*,#3662,.T.);
#3664=CARTESIAN_POINT('',(-461.34,583.,1278.417572927));
#3665=VERTEX_POINT('',#3664);
#3666=CARTESIAN_POINT('',(-464.66,583.,1278.417572927));
#3667=DIRECTION('',(1.,-0.,-0.));
#3668=VECTOR('',#3667,3.32);
#3669=LINE('',#3666,#3668);
#3670=EDGE_CURVE('',#3657,#3665,#3669,.T.);
#3671=ORIENTED_EDGE('',*,*,#3670,.T.);
#3672=CARTESIAN_POINT('',(-459.68,583.,1275.542368587));
#3673=VERTEX_POINT('',#3672);
#3674=CARTESIAN_POINT('',(-461.34,583.,1278.417572927));
#3675=DIRECTION('',(0.5,0.,-0.866025404));
#3676=VECTOR('',#3675,3.32);
#3677=LINE('',#3674,#3676);
#3678=EDGE_CURVE('',#3665,#3673,#3677,.T.);
#3679=ORIENTED_EDGE('',*,*,#3678,.T.);
#3680=CARTESIAN_POINT('',(-461.34,583.,1272.667164246));
#3681=VERTEX_POINT('',#3680);
#3682=CARTESIAN_POINT('',(-459.68,583.,1275.542368587));
#3683=DIRECTION('',(-0.5,0.,-0.866025404));
#3684=VECTOR('',#3683,3.32);
#3685=LINE('',#3682,#3684);
#3686=EDGE_CURVE('',#3673,#3681,#3685,.T.);
#3687=ORIENTED_EDGE('',*,*,#3686,.T.);
#3688=CARTESIAN_POINT('',(-461.34,583.,1272.667164246));
#3689=DIRECTION('',(-1.,0.,0.));
#3690=VECTOR('',#3689,3.32);
#3691=LINE('',#3688,#3690);
#3692=EDGE_CURVE('',#3681,#3647,#3691,.T.);
#3693=ORIENTED_EDGE('',*,*,#3692,.T.);
#3694=EDGE_LOOP('',(#3655,#3663,#3671,#3679,#3687,#3693));
#3695=FACE_BOUND('',#3694,.T.);
#3696=CARTESIAN_POINT('',(-463.,583.,1273.842368587));
#3697=VERTEX_POINT('',#3696);
#3698=CARTESIAN_POINT('',(-463.,583.,1275.542368587));
#3699=DIRECTION('',(-0.,1.,-0.));
#3700=DIRECTION('',(0.,0.,-1.));
#3701=AXIS2_PLACEMENT_3D('',#3698,#3699,#3700);
#3702=CIRCLE('',#3701,1.7);
#3703=EDGE_CURVE('',#3697,#3697,#3702,.T.);
#3704=ORIENTED_EDGE('',*,*,#3703,.F.);
#3705=EDGE_LOOP('',(#3704));
#3706=FACE_BOUND('',#3705,.T.);
#3707=ADVANCED_FACE('',(#3695,#3706),#3645,.T.);
#3708=CARTESIAN_POINT('',(-474.65875,583.,1292.344809215));
#3709=DIRECTION('',(0.,1.,0.));
#3710=DIRECTION('',(-1.,0.,0.));
#3711=AXIS2_PLACEMENT_3D('',#3708,#3709,#3710);
#3712=PLANE('',#3711);
#3713=CARTESIAN_POINT('',(-489.639999999,583.,1309.147249843));
#3714=VERTEX_POINT('',#3713);
#3715=CARTESIAN_POINT('',(-487.98,583.,1312.022454183));
#3716=VERTEX_POINT('',#3715);
#3717=CARTESIAN_POINT('',(-489.639999999,583.,1309.147249843));
#3718=DIRECTION('',(0.5,0.,0.866025404));
#3719=VECTOR('',#3718,3.319999999);
#3720=LINE('',#3717,#3719);
#3721=EDGE_CURVE('',#3714,#3716,#3720,.T.);
#3722=ORIENTED_EDGE('',*,*,#3721,.T.);
#3723=CARTESIAN_POINT('',(-484.66,583.,1312.022454183));
#3724=VERTEX_POINT('',#3723);
#3725=CARTESIAN_POINT('',(-487.98,583.,1312.022454183));
#3726=DIRECTION('',(1.,-0.,-0.));
#3727=VECTOR('',#3726,3.32);
#3728=LINE('',#3725,#3727);
#3729=EDGE_CURVE('',#3716,#3724,#3728,.T.);
#3730=ORIENTED_EDGE('',*,*,#3729,.T.);
#3731=CARTESIAN_POINT('',(-483.000000001,583.,1309.147249843));
#3732=VERTEX_POINT('',#3731);
#3733=CARTESIAN_POINT('',(-484.66,583.,1312.022454183));
#3734=DIRECTION('',(0.5,0.,-0.866025404));
#3735=VECTOR('',#3734,3.319999999);
#3736=LINE('',#3733,#3735);
#3737=EDGE_CURVE('',#3724,#3732,#3736,.T.);
#3738=ORIENTED_EDGE('',*,*,#3737,.T.);
#3739=CARTESIAN_POINT('',(-484.66,583.,1306.272045503));
#3740=VERTEX_POINT('',#3739);
#3741=CARTESIAN_POINT('',(-483.000000001,583.,1309.147249843));
#3742=DIRECTION('',(-0.5,0.,-0.866025404));
#3743=VECTOR('',#3742,3.319999999);
#3744=LINE('',#3741,#3743);
#3745=EDGE_CURVE('',#3732,#3740,#3744,.T.);
#3746=ORIENTED_EDGE('',*,*,#3745,.T.);
#3747=CARTESIAN_POINT('',(-487.98,583.,1306.272045503));
#3748=VERTEX_POINT('',#3747);
#3749=CARTESIAN_POINT('',(-484.66,583.,1306.272045503));
#3750=DIRECTION('',(-1.,0.,0.));
#3751=VECTOR('',#3750,3.32);
#3752=LINE('',#3749,#3751);
#3753=EDGE_CURVE('',#3740,#3748,#3752,.T.);
#3754=ORIENTED_EDGE('',*,*,#3753,.T.);
#3755=CARTESIAN_POINT('',(-487.98,583.,1306.272045503));
#3756=DIRECTION('',(-0.5,0.,0.866025404));
#3757=VECTOR('',#3756,3.319999999);
#3758=LINE('',#3755,#3757);
#3759=EDGE_CURVE('',#3748,#3714,#3758,.T.);
#3760=ORIENTED_EDGE('',*,*,#3759,.T.);
#3761=EDGE_LOOP('',(#3722,#3730,#3738,#3746,#3754,#3760));
#3762=FACE_BOUND('',#3761,.T.);
#3763=CARTESIAN_POINT('',(-486.32,583.,1310.847249843));
#3764=VERTEX_POINT('',#3763);
#3765=CARTESIAN_POINT('',(-486.32,583.,1309.147249843));
#3766=DIRECTION('',(-0.,-1.,-0.));
#3767=DIRECTION('',(0.,-0.,1.));
#3768=AXIS2_PLACEMENT_3D('',#3765,#3766,#3767);
#3769=CIRCLE('',#3768,1.7);
#3770=EDGE_CURVE('',#3764,#3764,#3769,.T.);
#3771=ORIENTED_EDGE('',*,*,#3770,.T.);
#3772=EDGE_LOOP('',(#3771));
#3773=FACE_BOUND('',#3772,.T.);
#3774=ADVANCED_FACE('',(#3762,#3773),#3712,.T.);
#3775=CARTESIAN_POINT('',(-111.,583.,426.));
#3776=DIRECTION('',(0.,1.,0.));
#3777=DIRECTION('',(-1.,0.,0.));
#3778=AXIS2_PLACEMENT_3D('',#3775,#3776,#3777);
#3779=PLANE('',#3778);
#3780=CARTESIAN_POINT('',(-464.66,583.,1306.272045502));
#3781=VERTEX_POINT('',#3780);
#3782=CARTESIAN_POINT('',(-466.32,583.,1309.147249843));
#3783=VERTEX_POINT('',#3782);
#3784=CARTESIAN_POINT('',(-464.66,583.,1306.272045502));
#3785=DIRECTION('',(-0.5,0.,0.866025404));
#3786=VECTOR('',#3785,3.32);
#3787=LINE('',#3784,#3786);
#3788=EDGE_CURVE('',#3781,#3783,#3787,.T.);
#3789=ORIENTED_EDGE('',*,*,#3788,.T.);
#3790=CARTESIAN_POINT('',(-464.66,583.,1312.022454183));
#3791=VERTEX_POINT('',#3790);
#3792=CARTESIAN_POINT('',(-466.32,583.,1309.147249843));
#3793=DIRECTION('',(0.5,0.,0.866025404));
#3794=VECTOR('',#3793,3.32);
#3795=LINE('',#3792,#3794);
#3796=EDGE_CURVE('',#3783,#3791,#3795,.T.);
#3797=ORIENTED_EDGE('',*,*,#3796,.T.);
#3798=CARTESIAN_POINT('',(-461.34,583.,1312.022454183));
#3799=VERTEX_POINT('',#3798);
#3800=CARTESIAN_POINT('',(-464.66,583.,1312.022454183));
#3801=DIRECTION('',(1.,-0.,-0.));
#3802=VECTOR('',#3801,3.32);
#3803=LINE('',#3800,#3802);
#3804=EDGE_CURVE('',#3791,#3799,#3803,.T.);
#3805=ORIENTED_EDGE('',*,*,#3804,.T.);
#3806=CARTESIAN_POINT('',(-459.68,583.,1309.147249843));
#3807=VERTEX_POINT('',#3806);
#3808=CARTESIAN_POINT('',(-461.34,583.,1312.022454183));
#3809=DIRECTION('',(0.5,0.,-0.866025404));
#3810=VECTOR('',#3809,3.319999999);
#3811=LINE('',#3808,#3810);
#3812=EDGE_CURVE('',#3799,#3807,#3811,.T.);
#3813=ORIENTED_EDGE('',*,*,#3812,.T.);
#3814=CARTESIAN_POINT('',(-461.34,583.,1306.272045502));
#3815=VERTEX_POINT('',#3814);
#3816=CARTESIAN_POINT('',(-459.68,583.,1309.147249843));
#3817=DIRECTION('',(-0.5,0.,-0.866025404));
#3818=VECTOR('',#3817,3.32);
#3819=LINE('',#3816,#3818);
#3820=EDGE_CURVE('',#3807,#3815,#3819,.T.);
#3821=ORIENTED_EDGE('',*,*,#3820,.T.);
#3822=CARTESIAN_POINT('',(-461.34,583.,1306.272045502));
#3823=DIRECTION('',(-1.,0.,0.));
#3824=VECTOR('',#3823,3.32);
#3825=LINE('',#3822,#3824);
#3826=EDGE_CURVE('',#3815,#3781,#3825,.T.);
#3827=ORIENTED_EDGE('',*,*,#3826,.T.);
#3828=EDGE_LOOP('',(#3789,#3797,#3805,#3813,#3821,#3827));
#3829=FACE_BOUND('',#3828,.T.);
#3830=CARTESIAN_POINT('',(-463.,583.,1307.447249843));
#3831=VERTEX_POINT('',#3830);
#3832=CARTESIAN_POINT('',(-463.,583.,1309.147249843));
#3833=DIRECTION('',(-0.,1.,-0.));
#3834=DIRECTION('',(0.,0.,-1.));
#3835=AXIS2_PLACEMENT_3D('',#3832,#3833,#3834);
#3836=CIRCLE('',#3835,1.7);
#3837=EDGE_CURVE('',#3831,#3831,#3836,.T.);
#3838=ORIENTED_EDGE('',*,*,#3837,.F.);
#3839=EDGE_LOOP('',(#3838));
#3840=FACE_BOUND('',#3839,.T.);
#3841=ADVANCED_FACE('',(#3829,#3840),#3779,.T.);
#3842=CARTESIAN_POINT('',(-463.,591.9,1275.542368587));
#3843=DIRECTION('',(0.,-1.,0.));
#3844=DIRECTION('',(0.,0.,-1.));
#3845=AXIS2_PLACEMENT_3D('',#3842,#3843,#3844);
#3846=CYLINDRICAL_SURFACE('',#3845,1.7);
#3847=CARTESIAN_POINT('',(-463.,565.,1273.842368587));
#3848=VERTEX_POINT('',#3847);
#3849=CARTESIAN_POINT('',(-463.,565.,1273.842368587));
#3850=DIRECTION('',(-0.,1.,-0.));
#3851=VECTOR('',#3850,18.);
#3852=LINE('',#3849,#3851);
#3853=EDGE_CURVE('',#3848,#3697,#3852,.T.);
#3854=ORIENTED_EDGE('',*,*,#3853,.F.);
#3855=CARTESIAN_POINT('',(-463.,565.,1275.542368587));
#3856=DIRECTION('',(-0.,1.,-0.));
#3857=DIRECTION('',(0.,0.,-1.));
#3858=AXIS2_PLACEMENT_3D('',#3855,#3856,#3857);
#3859=CIRCLE('',#3858,1.7);
#3860=EDGE_CURVE('',#3848,#3848,#3859,.T.);
#3861=ORIENTED_EDGE('',*,*,#3860,.F.);
#3862=ORIENTED_EDGE('',*,*,#3853,.T.);
#3863=ORIENTED_EDGE('',*,*,#3703,.T.);
#3864=EDGE_LOOP('',(#3854,#3861,#3862,#3863));
#3865=FACE_BOUND('',#3864,.T.);
#3866=ADVANCED_FACE('',(#3865),#3846,.F.);
#3867=CARTESIAN_POINT('',(-486.32,441.188796049,1275.542368587));
#3868=DIRECTION('',(0.,1.,0.));
#3869=DIRECTION('',(0.,-0.,1.));
#3870=AXIS2_PLACEMENT_3D('',#3867,#3868,#3869);
#3871=CYLINDRICAL_SURFACE('',#3870,1.7);
#3872=CARTESIAN_POINT('',(-486.32,565.,1277.242368587));
#3873=VERTEX_POINT('',#3872);
#3874=CARTESIAN_POINT('',(-486.32,583.,1277.242368587));
#3875=DIRECTION('',(-0.,-1.,-0.));
#3876=VECTOR('',#3875,18.);
#3877=LINE('',#3874,#3876);
#3878=EDGE_CURVE('',#3630,#3873,#3877,.T.);
#3879=ORIENTED_EDGE('',*,*,#3878,.F.);
#3880=ORIENTED_EDGE('',*,*,#3636,.F.);
#3881=ORIENTED_EDGE('',*,*,#3878,.T.);
#3882=CARTESIAN_POINT('',(-486.32,565.,1275.542368587));
#3883=DIRECTION('',(0.,1.,0.));
#3884=DIRECTION('',(0.,-0.,1.));
#3885=AXIS2_PLACEMENT_3D('',#3882,#3883,#3884);
#3886=CIRCLE('',#3885,1.7);
#3887=EDGE_CURVE('',#3873,#3873,#3886,.T.);
#3888=ORIENTED_EDGE('',*,*,#3887,.F.);
#3889=EDGE_LOOP('',(#3879,#3880,#3881,#3888));
#3890=FACE_BOUND('',#3889,.T.);
#3891=ADVANCED_FACE('',(#3890),#3871,.F.);
#3892=CARTESIAN_POINT('',(-486.32,441.188796049,1309.147249843));
#3893=DIRECTION('',(0.,1.,0.));
#3894=DIRECTION('',(0.,-0.,1.));
#3895=AXIS2_PLACEMENT_3D('',#3892,#3893,#3894);
#3896=CYLINDRICAL_SURFACE('',#3895,1.7);
#3897=CARTESIAN_POINT('',(-486.32,583.,1310.847249843));
#3898=DIRECTION('',(-0.,-1.,-0.));
#3899=VECTOR('',#3898,18.);
#3900=LINE('',#3897,#3899);
#3901=EDGE_CURVE('',#3764,#2319,#3900,.T.);
#3902=ORIENTED_EDGE('',*,*,#3901,.F.);
#3903=ORIENTED_EDGE('',*,*,#3770,.F.);
#3904=ORIENTED_EDGE('',*,*,#3901,.T.);
#3905=ORIENTED_EDGE('',*,*,#2325,.F.);
#3906=EDGE_LOOP('',(#3902,#3903,#3904,#3905));
#3907=FACE_BOUND('',#3906,.T.);
#3908=ADVANCED_FACE('',(#3907),#3896,.F.);
#3909=CARTESIAN_POINT('',(-463.,591.9,1309.147249843));
#3910=DIRECTION('',(0.,-1.,0.));
#3911=DIRECTION('',(0.,0.,-1.));
#3912=AXIS2_PLACEMENT_3D('',#3909,#3910,#3911);
#3913=CYLINDRICAL_SURFACE('',#3912,1.7);
#3914=CARTESIAN_POINT('',(-463.,565.,1307.447249843));
#3915=DIRECTION('',(-0.,1.,-0.));
#3916=VECTOR('',#3915,18.);
#3917=LINE('',#3914,#3916);
#3918=EDGE_CURVE('',#2308,#3831,#3917,.T.);
#3919=ORIENTED_EDGE('',*,*,#3918,.F.);
#3920=ORIENTED_EDGE('',*,*,#2314,.F.);
#3921=ORIENTED_EDGE('',*,*,#3918,.T.);
#3922=ORIENTED_EDGE('',*,*,#3837,.T.);
#3923=EDGE_LOOP('',(#3919,#3920,#3921,#3922));
#3924=FACE_BOUND('',#3923,.T.);
#3925=ADVANCED_FACE('',(#3924),#3913,.F.);
#3926=CARTESIAN_POINT('',(-490.,573.,1274.5));
#3927=DIRECTION('',(0.,1.,0.));
#3928=DIRECTION('',(0.,-0.,1.));
#3929=AXIS2_PLACEMENT_3D('',#3926,#3927,#3928);
#3930=CYLINDRICAL_SURFACE('',#3929,4.);
#3931=CARTESIAN_POINT('',(-494.,565.,1274.5));
#3932=VERTEX_POINT('',#3931);
#3933=CARTESIAN_POINT('',(-490.,565.,1274.5));
#3934=DIRECTION('',(-0.,-1.,-0.));
#3935=DIRECTION('',(0.,-0.,1.));
#3936=AXIS2_PLACEMENT_3D('',#3933,#3934,#3935);
#3937=CIRCLE('',#3936,4.);
#3938=EDGE_CURVE('',#3932,#1033,#3937,.T.);
#3939=ORIENTED_EDGE('',*,*,#3938,.F.);
#3940=CARTESIAN_POINT('',(-494.,592.5,1274.5));
#3941=DIRECTION('',(0.,-1.,0.));
#3942=VECTOR('',#3941,27.5);
#3943=LINE('',#3940,#3942);
#3944=EDGE_CURVE('',#1105,#3932,#3943,.T.);
#3945=ORIENTED_EDGE('',*,*,#3944,.F.);
#3946=ORIENTED_EDGE('',*,*,#1111,.F.);
#3947=ORIENTED_EDGE('',*,*,#1046,.F.);
#3948=EDGE_LOOP('',(#3939,#3945,#3946,#3947));
#3949=FACE_BOUND('',#3948,.T.);
#3950=ADVANCED_FACE('',(#3949),#3930,.T.);
#3951=CARTESIAN_POINT('',(-483.83,724.811203951,1276.979970757));
#3952=DIRECTION('',(-0.866025404,0.,-0.5));
#3953=DIRECTION('',(-0.5,0.,0.866025404));
#3954=AXIS2_PLACEMENT_3D('',#3951,#3952,#3953);
#3955=PLANE('',#3954);
#3956=CARTESIAN_POINT('',(-483.000000001,592.5,1275.542368587));
#3957=DIRECTION('',(-0.,-1.,-0.));
#3958=VECTOR('',#3957,9.5);
#3959=LINE('',#3956,#3958);
#3960=EDGE_CURVE('',#1258,#3598,#3959,.T.);
#3961=ORIENTED_EDGE('',*,*,#3960,.T.);
#3962=ORIENTED_EDGE('',*,*,#3603,.F.);
#3963=CARTESIAN_POINT('',(-484.66,592.5,1278.417572927));
#3964=DIRECTION('',(-0.,-1.,-0.));
#3965=VECTOR('',#3964,9.5);
#3966=LINE('',#3963,#3965);
#3967=EDGE_CURVE('',#1224,#3590,#3966,.T.);
#3968=ORIENTED_EDGE('',*,*,#3967,.F.);
#3969=ORIENTED_EDGE('',*,*,#1269,.F.);
#3970=EDGE_LOOP('',(#3961,#3962,#3968,#3969));
#3971=FACE_BOUND('',#3970,.T.);
#3972=ADVANCED_FACE('',(#3971),#3955,.T.);
#3973=CARTESIAN_POINT('',(-483.83,724.811203951,1274.104766417));
#3974=DIRECTION('',(-0.866025404,0.,0.5));
#3975=DIRECTION('',(0.5,0.,0.866025404));
#3976=AXIS2_PLACEMENT_3D('',#3973,#3974,#3975);
#3977=PLANE('',#3976);
#3978=CARTESIAN_POINT('',(-484.66,592.5,1272.667164247));
#3979=DIRECTION('',(-0.,-1.,-0.));
#3980=VECTOR('',#3979,9.5);
#3981=LINE('',#3978,#3980);
#3982=EDGE_CURVE('',#1250,#3606,#3981,.T.);
#3983=ORIENTED_EDGE('',*,*,#3982,.T.);
#3984=ORIENTED_EDGE('',*,*,#3611,.F.);
#3985=ORIENTED_EDGE('',*,*,#3960,.F.);
#3986=ORIENTED_EDGE('',*,*,#1263,.F.);
#3987=EDGE_LOOP('',(#3983,#3984,#3985,#3986));
#3988=FACE_BOUND('',#3987,.T.);
#3989=ADVANCED_FACE('',(#3988),#3977,.T.);
#3990=CARTESIAN_POINT('',(-486.32,724.811203951,1272.667164247));
#3991=DIRECTION('',(0.,0.,1.));
#3992=DIRECTION('',(1.,0.,0.));
#3993=AXIS2_PLACEMENT_3D('',#3990,#3991,#3992);
#3994=PLANE('',#3993);
#3995=CARTESIAN_POINT('',(-487.98,592.5,1272.667164247));
#3996=DIRECTION('',(-0.,-1.,-0.));
#3997=VECTOR('',#3996,9.5);
#3998=LINE('',#3995,#3997);
#3999=EDGE_CURVE('',#1242,#3614,#3998,.T.);
#4000=ORIENTED_EDGE('',*,*,#3999,.T.);
#4001=ORIENTED_EDGE('',*,*,#3619,.F.);
#4002=ORIENTED_EDGE('',*,*,#3982,.F.);
#4003=ORIENTED_EDGE('',*,*,#1255,.F.);
#4004=EDGE_LOOP('',(#4000,#4001,#4002,#4003));
#4005=FACE_BOUND('',#4004,.T.);
#4006=ADVANCED_FACE('',(#4005),#3994,.T.);
#4007=CARTESIAN_POINT('',(-488.81,724.811203951,1274.104766417));
#4008=DIRECTION('',(0.866025404,0.,0.5));
#4009=DIRECTION('',(0.5,0.,-0.866025404));
#4010=AXIS2_PLACEMENT_3D('',#4007,#4008,#4009);
#4011=PLANE('',#4010);
#4012=CARTESIAN_POINT('',(-489.639999999,592.5,1275.542368587));
#4013=DIRECTION('',(-0.,-1.,-0.));
#4014=VECTOR('',#4013,9.5);
#4015=LINE('',#4012,#4014);
#4016=EDGE_CURVE('',#1234,#3580,#4015,.T.);
#4017=ORIENTED_EDGE('',*,*,#4016,.T.);
#4018=ORIENTED_EDGE('',*,*,#3625,.F.);
#4019=ORIENTED_EDGE('',*,*,#3999,.F.);
#4020=ORIENTED_EDGE('',*,*,#1247,.F.);
#4021=EDGE_LOOP('',(#4017,#4018,#4019,#4020));
#4022=FACE_BOUND('',#4021,.T.);
#4023=ADVANCED_FACE('',(#4022),#4011,.T.);
#4024=CARTESIAN_POINT('',(-488.81,724.811203951,1276.979970757));
#4025=DIRECTION('',(0.866025404,0.,-0.5));
#4026=DIRECTION('',(-0.5,0.,-0.866025404));
#4027=AXIS2_PLACEMENT_3D('',#4024,#4025,#4026);
#4028=PLANE('',#4027);
#4029=CARTESIAN_POINT('',(-487.98,592.5,1278.417572927));
#4030=DIRECTION('',(-0.,-1.,-0.));
#4031=VECTOR('',#4030,9.5);
#4032=LINE('',#4029,#4031);
#4033=EDGE_CURVE('',#1226,#3582,#4032,.T.);
#4034=ORIENTED_EDGE('',*,*,#4033,.T.);
#4035=ORIENTED_EDGE('',*,*,#3587,.F.);
#4036=ORIENTED_EDGE('',*,*,#4016,.F.);
#4037=ORIENTED_EDGE('',*,*,#1239,.F.);
#4038=EDGE_LOOP('',(#4034,#4035,#4036,#4037));
#4039=FACE_BOUND('',#4038,.T.);
#4040=ADVANCED_FACE('',(#4039),#4028,.T.);
#4041=CARTESIAN_POINT('',(-486.32,724.811203951,1278.417572927));
#4042=DIRECTION('',(0.,0.,-1.));
#4043=DIRECTION('',(-1.,0.,0.));
#4044=AXIS2_PLACEMENT_3D('',#4041,#4042,#4043);
#4045=PLANE('',#4044);
#4046=ORIENTED_EDGE('',*,*,#3967,.T.);
#4047=ORIENTED_EDGE('',*,*,#3595,.F.);
#4048=ORIENTED_EDGE('',*,*,#4033,.F.);
#4049=ORIENTED_EDGE('',*,*,#1231,.F.);
#4050=EDGE_LOOP('',(#4046,#4047,#4048,#4049));
#4051=FACE_BOUND('',#4050,.T.);
#4052=ADVANCED_FACE('',(#4051),#4045,.T.);
#4053=CARTESIAN_POINT('',(-465.49,583.,1274.104766416));
#4054=DIRECTION('',(-0.866025404,0.,-0.5));
#4055=DIRECTION('',(-0.5,0.,0.866025404));
#4056=AXIS2_PLACEMENT_3D('',#4053,#4054,#4055);
#4057=PLANE('',#4056);
#4058=CARTESIAN_POINT('',(-464.66,583.,1272.667164246));
#4059=DIRECTION('',(0.,1.,0.));
#4060=VECTOR('',#4059,9.5);
#4061=LINE('',#4058,#4060);
#4062=EDGE_CURVE('',#3647,#1176,#4061,.T.);
#4063=ORIENTED_EDGE('',*,*,#4062,.T.);
#4064=ORIENTED_EDGE('',*,*,#1219,.T.);
#4065=CARTESIAN_POINT('',(-466.32,583.,1275.542368587));
#4066=DIRECTION('',(0.,1.,0.));
#4067=VECTOR('',#4066,9.5);
#4068=LINE('',#4065,#4067);
#4069=EDGE_CURVE('',#3649,#1208,#4068,.T.);
#4070=ORIENTED_EDGE('',*,*,#4069,.F.);
#4071=ORIENTED_EDGE('',*,*,#3654,.F.);
#4072=EDGE_LOOP('',(#4063,#4064,#4070,#4071));
#4073=FACE_BOUND('',#4072,.T.);
#4074=ADVANCED_FACE('',(#4073),#4057,.F.);
#4075=CARTESIAN_POINT('',(-465.49,583.,1276.979970757));
#4076=DIRECTION('',(-0.866025404,0.,0.5));
#4077=DIRECTION('',(0.5,0.,0.866025404));
#4078=AXIS2_PLACEMENT_3D('',#4075,#4076,#4077);
#4079=PLANE('',#4078);
#4080=ORIENTED_EDGE('',*,*,#4069,.T.);
#4081=ORIENTED_EDGE('',*,*,#1213,.T.);
#4082=CARTESIAN_POINT('',(-464.66,583.,1278.417572927));
#4083=DIRECTION('',(0.,1.,0.));
#4084=VECTOR('',#4083,9.5);
#4085=LINE('',#4082,#4084);
#4086=EDGE_CURVE('',#3657,#1200,#4085,.T.);
#4087=ORIENTED_EDGE('',*,*,#4086,.F.);
#4088=ORIENTED_EDGE('',*,*,#3662,.F.);
#4089=EDGE_LOOP('',(#4080,#4081,#4087,#4088));
#4090=FACE_BOUND('',#4089,.T.);
#4091=ADVANCED_FACE('',(#4090),#4079,.F.);
#4092=CARTESIAN_POINT('',(-463.,583.,1278.417572927));
#4093=DIRECTION('',(0.,0.,1.));
#4094=DIRECTION('',(1.,0.,0.));
#4095=AXIS2_PLACEMENT_3D('',#4092,#4093,#4094);
#4096=PLANE('',#4095);
#4097=ORIENTED_EDGE('',*,*,#4086,.T.);
#4098=ORIENTED_EDGE('',*,*,#1205,.T.);
#4099=CARTESIAN_POINT('',(-461.34,583.,1278.417572927));
#4100=DIRECTION('',(0.,1.,0.));
#4101=VECTOR('',#4100,9.5);
#4102=LINE('',#4099,#4101);
#4103=EDGE_CURVE('',#3665,#1192,#4102,.T.);
#4104=ORIENTED_EDGE('',*,*,#4103,.F.);
#4105=ORIENTED_EDGE('',*,*,#3670,.F.);
#4106=EDGE_LOOP('',(#4097,#4098,#4104,#4105));
#4107=FACE_BOUND('',#4106,.T.);
#4108=ADVANCED_FACE('',(#4107),#4096,.F.);
#4109=CARTESIAN_POINT('',(-460.51,583.,1276.979970757));
#4110=DIRECTION('',(0.866025404,0.,0.5));
#4111=DIRECTION('',(0.5,0.,-0.866025404));
#4112=AXIS2_PLACEMENT_3D('',#4109,#4110,#4111);
#4113=PLANE('',#4112);
#4114=ORIENTED_EDGE('',*,*,#4103,.T.);
#4115=ORIENTED_EDGE('',*,*,#1197,.T.);
#4116=CARTESIAN_POINT('',(-459.68,583.,1275.542368587));
#4117=DIRECTION('',(0.,1.,0.));
#4118=VECTOR('',#4117,9.5);
#4119=LINE('',#4116,#4118);
#4120=EDGE_CURVE('',#3673,#1184,#4119,.T.);
#4121=ORIENTED_EDGE('',*,*,#4120,.F.);
#4122=ORIENTED_EDGE('',*,*,#3678,.F.);
#4123=EDGE_LOOP('',(#4114,#4115,#4121,#4122));
#4124=FACE_BOUND('',#4123,.T.);
#4125=ADVANCED_FACE('',(#4124),#4113,.F.);
#4126=CARTESIAN_POINT('',(-460.51,583.,1274.104766416));
#4127=DIRECTION('',(0.866025404,0.,-0.5));
#4128=DIRECTION('',(-0.5,0.,-0.866025404));
#4129=AXIS2_PLACEMENT_3D('',#4126,#4127,#4128);
#4130=PLANE('',#4129);
#4131=ORIENTED_EDGE('',*,*,#4120,.T.);
#4132=ORIENTED_EDGE('',*,*,#1189,.T.);
#4133=CARTESIAN_POINT('',(-461.34,583.,1272.667164246));
#4134=DIRECTION('',(0.,1.,0.));
#4135=VECTOR('',#4134,9.5);
#4136=LINE('',#4133,#4135);
#4137=EDGE_CURVE('',#3681,#1174,#4136,.T.);
#4138=ORIENTED_EDGE('',*,*,#4137,.F.);
#4139=ORIENTED_EDGE('',*,*,#3686,.F.);
#4140=EDGE_LOOP('',(#4131,#4132,#4138,#4139));
#4141=FACE_BOUND('',#4140,.T.);
#4142=ADVANCED_FACE('',(#4141),#4130,.F.);
#4143=CARTESIAN_POINT('',(-463.,583.,1272.667164246));
#4144=DIRECTION('',(0.,0.,-1.));
#4145=DIRECTION('',(-1.,0.,0.));
#4146=AXIS2_PLACEMENT_3D('',#4143,#4144,#4145);
#4147=PLANE('',#4146);
#4148=ORIENTED_EDGE('',*,*,#4137,.T.);
#4149=ORIENTED_EDGE('',*,*,#1181,.T.);
#4150=ORIENTED_EDGE('',*,*,#4062,.F.);
#4151=ORIENTED_EDGE('',*,*,#3692,.F.);
#4152=EDGE_LOOP('',(#4148,#4149,#4150,#4151));
#4153=FACE_BOUND('',#4152,.T.);
#4154=ADVANCED_FACE('',(#4153),#4147,.F.);
#4155=CARTESIAN_POINT('',(-490.,573.,1312.));
#4156=DIRECTION('',(0.,-1.,0.));
#4157=DIRECTION('',(0.,0.,-1.));
#4158=AXIS2_PLACEMENT_3D('',#4155,#4156,#4157);
#4159=CYLINDRICAL_SURFACE('',#4158,4.);
#4160=CARTESIAN_POINT('',(-494.,565.,1312.));
#4161=DIRECTION('',(-0.,1.,-0.));
#4162=VECTOR('',#4161,27.5);
#4163=LINE('',#4160,#4162);
#4164=EDGE_CURVE('',#2268,#1290,#4163,.T.);
#4165=ORIENTED_EDGE('',*,*,#4164,.F.);
#4166=ORIENTED_EDGE('',*,*,#2274,.T.);
#4167=ORIENTED_EDGE('',*,*,#2933,.F.);
#4168=ORIENTED_EDGE('',*,*,#1304,.F.);
#4169=EDGE_LOOP('',(#4165,#4166,#4167,#4168));
#4170=FACE_BOUND('',#4169,.T.);
#4171=ADVANCED_FACE('',(#4170),#4159,.T.);
#4172=CARTESIAN_POINT('',(-483.83,724.811203951,1310.584852013));
#4173=DIRECTION('',(-0.866025404,0.,-0.5));
#4174=DIRECTION('',(-0.5,0.,0.866025404));
#4175=AXIS2_PLACEMENT_3D('',#4172,#4173,#4174);
#4176=PLANE('',#4175);
#4177=CARTESIAN_POINT('',(-483.000000001,592.5,1309.147249843));
#4178=DIRECTION('',(-0.,-1.,-0.));
#4179=VECTOR('',#4178,9.5);
#4180=LINE('',#4177,#4179);
#4181=EDGE_CURVE('',#1443,#3732,#4180,.T.);
#4182=ORIENTED_EDGE('',*,*,#4181,.T.);
#4183=ORIENTED_EDGE('',*,*,#3737,.F.);
#4184=CARTESIAN_POINT('',(-484.66,592.5,1312.022454183));
#4185=DIRECTION('',(-0.,-1.,-0.));
#4186=VECTOR('',#4185,9.5);
#4187=LINE('',#4184,#4186);
#4188=EDGE_CURVE('',#1409,#3724,#4187,.T.);
#4189=ORIENTED_EDGE('',*,*,#4188,.F.);
#4190=ORIENTED_EDGE('',*,*,#1454,.F.);
#4191=EDGE_LOOP('',(#4182,#4183,#4189,#4190));
#4192=FACE_BOUND('',#4191,.T.);
#4193=ADVANCED_FACE('',(#4192),#4176,.T.);
#4194=CARTESIAN_POINT('',(-483.83,724.811203951,1307.709647673));
#4195=DIRECTION('',(-0.866025404,0.,0.5));
#4196=DIRECTION('',(0.5,0.,0.866025404));
#4197=AXIS2_PLACEMENT_3D('',#4194,#4195,#4196);
#4198=PLANE('',#4197);
#4199=CARTESIAN_POINT('',(-484.66,592.5,1306.272045503));
#4200=DIRECTION('',(-0.,-1.,-0.));
#4201=VECTOR('',#4200,9.5);
#4202=LINE('',#4199,#4201);
#4203=EDGE_CURVE('',#1435,#3740,#4202,.T.);
#4204=ORIENTED_EDGE('',*,*,#4203,.T.);
#4205=ORIENTED_EDGE('',*,*,#3745,.F.);
#4206=ORIENTED_EDGE('',*,*,#4181,.F.);
#4207=ORIENTED_EDGE('',*,*,#1448,.F.);
#4208=EDGE_LOOP('',(#4204,#4205,#4206,#4207));
#4209=FACE_BOUND('',#4208,.T.);
#4210=ADVANCED_FACE('',(#4209),#4198,.T.);
#4211=CARTESIAN_POINT('',(-486.32,724.811203951,1306.272045503));
#4212=DIRECTION('',(0.,0.,1.));
#4213=DIRECTION('',(1.,0.,0.));
#4214=AXIS2_PLACEMENT_3D('',#4211,#4212,#4213);
#4215=PLANE('',#4214);
#4216=CARTESIAN_POINT('',(-487.98,592.5,1306.272045503));
#4217=DIRECTION('',(-0.,-1.,-0.));
#4218=VECTOR('',#4217,9.5);
#4219=LINE('',#4216,#4218);
#4220=EDGE_CURVE('',#1427,#3748,#4219,.T.);
#4221=ORIENTED_EDGE('',*,*,#4220,.T.);
#4222=ORIENTED_EDGE('',*,*,#3753,.F.);
#4223=ORIENTED_EDGE('',*,*,#4203,.F.);
#4224=ORIENTED_EDGE('',*,*,#1440,.F.);
#4225=EDGE_LOOP('',(#4221,#4222,#4223,#4224));
#4226=FACE_BOUND('',#4225,.T.);
#4227=ADVANCED_FACE('',(#4226),#4215,.T.);
#4228=CARTESIAN_POINT('',(-488.81,724.811203951,1307.709647673));
#4229=DIRECTION('',(0.866025404,0.,0.5));
#4230=DIRECTION('',(0.5,0.,-0.866025404));
#4231=AXIS2_PLACEMENT_3D('',#4228,#4229,#4230);
#4232=PLANE('',#4231);
#4233=CARTESIAN_POINT('',(-489.639999999,592.5,1309.147249843));
#4234=DIRECTION('',(-0.,-1.,-0.));
#4235=VECTOR('',#4234,9.5);
#4236=LINE('',#4233,#4235);
#4237=EDGE_CURVE('',#1419,#3714,#4236,.T.);
#4238=ORIENTED_EDGE('',*,*,#4237,.T.);
#4239=ORIENTED_EDGE('',*,*,#3759,.F.);
#4240=ORIENTED_EDGE('',*,*,#4220,.F.);
#4241=ORIENTED_EDGE('',*,*,#1432,.F.);
#4242=EDGE_LOOP('',(#4238,#4239,#4240,#4241));
#4243=FACE_BOUND('',#4242,.T.);
#4244=ADVANCED_FACE('',(#4243),#4232,.T.);
#4245=CARTESIAN_POINT('',(-488.81,724.811203951,1310.584852013));
#4246=DIRECTION('',(0.866025404,0.,-0.5));
#4247=DIRECTION('',(-0.5,0.,-0.866025404));
#4248=AXIS2_PLACEMENT_3D('',#4245,#4246,#4247);
#4249=PLANE('',#4248);
#4250=CARTESIAN_POINT('',(-487.98,592.5,1312.022454183));
#4251=DIRECTION('',(-0.,-1.,-0.));
#4252=VECTOR('',#4251,9.5);
#4253=LINE('',#4250,#4252);
#4254=EDGE_CURVE('',#1411,#3716,#4253,.T.);
#4255=ORIENTED_EDGE('',*,*,#4254,.T.);
#4256=ORIENTED_EDGE('',*,*,#3721,.F.);
#4257=ORIENTED_EDGE('',*,*,#4237,.F.);
#4258=ORIENTED_EDGE('',*,*,#1424,.F.);
#4259=EDGE_LOOP('',(#4255,#4256,#4257,#4258));
#4260=FACE_BOUND('',#4259,.T.);
#4261=ADVANCED_FACE('',(#4260),#4249,.T.);
#4262=CARTESIAN_POINT('',(-486.32,724.811203951,1312.022454183));
#4263=DIRECTION('',(0.,0.,-1.));
#4264=DIRECTION('',(-1.,0.,0.));
#4265=AXIS2_PLACEMENT_3D('',#4262,#4263,#4264);
#4266=PLANE('',#4265);
#4267=ORIENTED_EDGE('',*,*,#4188,.T.);
#4268=ORIENTED_EDGE('',*,*,#3729,.F.);
#4269=ORIENTED_EDGE('',*,*,#4254,.F.);
#4270=ORIENTED_EDGE('',*,*,#1416,.F.);
#4271=EDGE_LOOP('',(#4267,#4268,#4269,#4270));
#4272=FACE_BOUND('',#4271,.T.);
#4273=ADVANCED_FACE('',(#4272),#4266,.T.);
#4274=CARTESIAN_POINT('',(-465.49,583.,1307.709647673));
#4275=DIRECTION('',(-0.866025404,0.,-0.5));
#4276=DIRECTION('',(-0.5,0.,0.866025404));
#4277=AXIS2_PLACEMENT_3D('',#4274,#4275,#4276);
#4278=PLANE('',#4277);
#4279=CARTESIAN_POINT('',(-464.66,583.,1306.272045502));
#4280=DIRECTION('',(0.,1.,0.));
#4281=VECTOR('',#4280,9.5);
#4282=LINE('',#4279,#4281);
#4283=EDGE_CURVE('',#3781,#1361,#4282,.T.);
#4284=ORIENTED_EDGE('',*,*,#4283,.T.);
#4285=ORIENTED_EDGE('',*,*,#1404,.T.);
#4286=CARTESIAN_POINT('',(-466.32,583.,1309.147249843));
#4287=DIRECTION('',(0.,1.,0.));
#4288=VECTOR('',#4287,9.5);
#4289=LINE('',#4286,#4288);
#4290=EDGE_CURVE('',#3783,#1393,#4289,.T.);
#4291=ORIENTED_EDGE('',*,*,#4290,.F.);
#4292=ORIENTED_EDGE('',*,*,#3788,.F.);
#4293=EDGE_LOOP('',(#4284,#4285,#4291,#4292));
#4294=FACE_BOUND('',#4293,.T.);
#4295=ADVANCED_FACE('',(#4294),#4278,.F.);
#4296=CARTESIAN_POINT('',(-465.49,583.,1310.584852013));
#4297=DIRECTION('',(-0.866025404,0.,0.5));
#4298=DIRECTION('',(0.5,0.,0.866025404));
#4299=AXIS2_PLACEMENT_3D('',#4296,#4297,#4298);
#4300=PLANE('',#4299);
#4301=ORIENTED_EDGE('',*,*,#4290,.T.);
#4302=ORIENTED_EDGE('',*,*,#1398,.T.);
#4303=CARTESIAN_POINT('',(-464.66,583.,1312.022454183));
#4304=DIRECTION('',(0.,1.,0.));
#4305=VECTOR('',#4304,9.5);
#4306=LINE('',#4303,#4305);
#4307=EDGE_CURVE('',#3791,#1385,#4306,.T.);
#4308=ORIENTED_EDGE('',*,*,#4307,.F.);
#4309=ORIENTED_EDGE('',*,*,#3796,.F.);
#4310=EDGE_LOOP('',(#4301,#4302,#4308,#4309));
#4311=FACE_BOUND('',#4310,.T.);
#4312=ADVANCED_FACE('',(#4311),#4300,.F.);
#4313=CARTESIAN_POINT('',(-463.,583.,1312.022454183));
#4314=DIRECTION('',(0.,0.,1.));
#4315=DIRECTION('',(1.,0.,0.));
#4316=AXIS2_PLACEMENT_3D('',#4313,#4314,#4315);
#4317=PLANE('',#4316);
#4318=ORIENTED_EDGE('',*,*,#4307,.T.);
#4319=ORIENTED_EDGE('',*,*,#1390,.T.);
#4320=CARTESIAN_POINT('',(-461.34,583.,1312.022454183));
#4321=DIRECTION('',(0.,1.,0.));
#4322=VECTOR('',#4321,9.5);
#4323=LINE('',#4320,#4322);
#4324=EDGE_CURVE('',#3799,#1377,#4323,.T.);
#4325=ORIENTED_EDGE('',*,*,#4324,.F.);
#4326=ORIENTED_EDGE('',*,*,#3804,.F.);
#4327=EDGE_LOOP('',(#4318,#4319,#4325,#4326));
#4328=FACE_BOUND('',#4327,.T.);
#4329=ADVANCED_FACE('',(#4328),#4317,.F.);
#4330=CARTESIAN_POINT('',(-460.51,583.,1310.584852013));
#4331=DIRECTION('',(0.866025404,0.,0.5));
#4332=DIRECTION('',(0.5,0.,-0.866025404));
#4333=AXIS2_PLACEMENT_3D('',#4330,#4331,#4332);
#4334=PLANE('',#4333);
#4335=ORIENTED_EDGE('',*,*,#4324,.T.);
#4336=ORIENTED_EDGE('',*,*,#1382,.T.);
#4337=CARTESIAN_POINT('',(-459.68,583.,1309.147249843));
#4338=DIRECTION('',(0.,1.,0.));
#4339=VECTOR('',#4338,9.5);
#4340=LINE('',#4337,#4339);
#4341=EDGE_CURVE('',#3807,#1369,#4340,.T.);
#4342=ORIENTED_EDGE('',*,*,#4341,.F.);
#4343=ORIENTED_EDGE('',*,*,#3812,.F.);
#4344=EDGE_LOOP('',(#4335,#4336,#4342,#4343));
#4345=FACE_BOUND('',#4344,.T.);
#4346=ADVANCED_FACE('',(#4345),#4334,.F.);
#4347=CARTESIAN_POINT('',(-460.51,583.,1307.709647673));
#4348=DIRECTION('',(0.866025404,0.,-0.5));
#4349=DIRECTION('',(-0.5,0.,-0.866025404));
#4350=AXIS2_PLACEMENT_3D('',#4347,#4348,#4349);
#4351=PLANE('',#4350);
#4352=ORIENTED_EDGE('',*,*,#4341,.T.);
#4353=ORIENTED_EDGE('',*,*,#1374,.T.);
#4354=CARTESIAN_POINT('',(-461.34,583.,1306.272045502));
#4355=DIRECTION('',(0.,1.,0.));
#4356=VECTOR('',#4355,9.5);
#4357=LINE('',#4354,#4356);
#4358=EDGE_CURVE('',#3815,#1359,#4357,.T.);
#4359=ORIENTED_EDGE('',*,*,#4358,.F.);
#4360=ORIENTED_EDGE('',*,*,#3820,.F.);
#4361=EDGE_LOOP('',(#4352,#4353,#4359,#4360));
#4362=FACE_BOUND('',#4361,.T.);
#4363=ADVANCED_FACE('',(#4362),#4351,.F.);
#4364=CARTESIAN_POINT('',(-463.,583.,1306.272045502));
#4365=DIRECTION('',(0.,0.,-1.));
#4366=DIRECTION('',(-1.,0.,0.));
#4367=AXIS2_PLACEMENT_3D('',#4364,#4365,#4366);
#4368=PLANE('',#4367);
#4369=ORIENTED_EDGE('',*,*,#4358,.T.);
#4370=ORIENTED_EDGE('',*,*,#1366,.T.);
#4371=ORIENTED_EDGE('',*,*,#4283,.F.);
#4372=ORIENTED_EDGE('',*,*,#3826,.F.);
#4373=EDGE_LOOP('',(#4369,#4370,#4371,#4372));
#4374=FACE_BOUND('',#4373,.T.);
#4375=ADVANCED_FACE('',(#4374),#4368,.F.);
#4376=CARTESIAN_POINT('',(-494.,585.,1074.));
#4377=DIRECTION('',(1.,0.,0.));
#4378=DIRECTION('',(0.,0.,1.));
#4379=AXIS2_PLACEMENT_3D('',#4376,#4377,#4378);
#4380=PLANE('',#4379);
#4381=ORIENTED_EDGE('',*,*,#1552,.T.);
#4382=ORIENTED_EDGE('',*,*,#2280,.T.);
#4383=ORIENTED_EDGE('',*,*,#4164,.T.);
#4384=ORIENTED_EDGE('',*,*,#1295,.T.);
#4385=ORIENTED_EDGE('',*,*,#1470,.T.);
#4386=ORIENTED_EDGE('',*,*,#1119,.T.);
#4387=ORIENTED_EDGE('',*,*,#3944,.T.);
#4388=CARTESIAN_POINT('',(-494.,565.,1280.584737173));
#4389=VERTEX_POINT('',#4388);
#4390=CARTESIAN_POINT('',(-494.,565.,1274.5));
#4391=DIRECTION('',(0.,0.,1.));
#4392=VECTOR('',#4391,6.084737173);
#4393=LINE('',#4390,#4392);
#4394=EDGE_CURVE('',#3932,#4389,#4393,.T.);
#4395=ORIENTED_EDGE('',*,*,#4394,.T.);
#4396=CARTESIAN_POINT('',(-494.,567.533499733,1282.3));
#4397=VERTEX_POINT('',#4396);
#4398=CARTESIAN_POINT('',(-494.,565.,1280.584737173));
#4399=DIRECTION('',(0.,0.82806723,0.560628809));
#4400=VECTOR('',#4399,3.059533864);
#4401=LINE('',#4398,#4400);
#4402=EDGE_CURVE('',#4389,#4397,#4401,.T.);
#4403=ORIENTED_EDGE('',*,*,#4402,.T.);
#4404=CARTESIAN_POINT('',(-494.,575.,1282.3));
#4405=VERTEX_POINT('',#4404);
#4406=CARTESIAN_POINT('',(-494.,567.533499733,1282.3));
#4407=DIRECTION('',(-0.,1.,-0.));
#4408=VECTOR('',#4407,7.466500267);
#4409=LINE('',#4406,#4408);
#4410=EDGE_CURVE('',#4397,#4405,#4409,.T.);
#4411=ORIENTED_EDGE('',*,*,#4410,.T.);
#4412=CARTESIAN_POINT('',(-494.,575.,1292.3));
#4413=DIRECTION('',(1.,0.,0.));
#4414=DIRECTION('',(0.,0.,-1.));
#4415=AXIS2_PLACEMENT_3D('',#4412,#4413,#4414);
#4416=CIRCLE('',#4415,10.);
#4417=EDGE_CURVE('',#4405,#1661,#4416,.T.);
#4418=ORIENTED_EDGE('',*,*,#4417,.T.);
#4419=ORIENTED_EDGE('',*,*,#1666,.T.);
#4420=ORIENTED_EDGE('',*,*,#1593,.T.);
#4421=ORIENTED_EDGE('',*,*,#1623,.T.);
#4422=EDGE_LOOP('',(#4381,#4382,#4383,#4384,#4385,#4386,#4387,#4395,#4403,#4411,#4418,#4419,#4420,#4421));
#4423=FACE_BOUND('',#4422,.T.);
#4424=ADVANCED_FACE('',(#4423),#4380,.F.);
#4425=CARTESIAN_POINT('',(-439.,579.,1282.3));
#4426=DIRECTION('',(0.,0.,-1.));
#4427=DIRECTION('',(-1.,0.,0.));
#4428=AXIS2_PLACEMENT_3D('',#4425,#4426,#4427);
#4429=PLANE('',#4428);
#4430=ORIENTED_EDGE('',*,*,#3554,.F.);
#4431=CARTESIAN_POINT('',(-447.37151593,575.,1282.3));
#4432=DIRECTION('',(-1.,0.,0.));
#4433=VECTOR('',#4432,46.62848407);
#4434=LINE('',#4431,#4433);
#4435=EDGE_CURVE('',#3540,#4405,#4434,.T.);
#4436=ORIENTED_EDGE('',*,*,#4435,.T.);
#4437=ORIENTED_EDGE('',*,*,#4410,.F.);
#4438=CARTESIAN_POINT('',(-447.37151593,567.533499733,1282.3));
#4439=DIRECTION('',(-1.,0.,0.));
#4440=VECTOR('',#4439,46.62848407);
#4441=LINE('',#4438,#4440);
#4442=EDGE_CURVE('',#3549,#4397,#4441,.T.);
#4443=ORIENTED_EDGE('',*,*,#4442,.F.);
#4444=EDGE_LOOP('',(#4430,#4436,#4437,#4443));
#4445=FACE_BOUND('',#4444,.T.);
#4446=ADVANCED_FACE('',(#4445),#4429,.F.);
#4447=CARTESIAN_POINT('',(-439.,575.,1292.3));
#4448=DIRECTION('',(1.,0.,0.));
#4449=DIRECTION('',(0.,0.,-1.));
#4450=AXIS2_PLACEMENT_3D('',#4447,#4448,#4449);
#4451=CYLINDRICAL_SURFACE('',#4450,10.);
#4452=ORIENTED_EDGE('',*,*,#3546,.F.);
#4453=ORIENTED_EDGE('',*,*,#1674,.F.);
#4454=ORIENTED_EDGE('',*,*,#4417,.F.);
#4455=ORIENTED_EDGE('',*,*,#4435,.F.);
#4456=EDGE_LOOP('',(#4452,#4453,#4454,#4455));
#4457=FACE_BOUND('',#4456,.T.);
#4458=ADVANCED_FACE('',(#4457),#4451,.F.);
#4459=CARTESIAN_POINT('',(-459.,567.978211,1282.601084186));
#4460=DIRECTION('',(0.,-0.560628809,0.82806723));
#4461=DIRECTION('',(-1.,0.,0.));
#4462=AXIS2_PLACEMENT_3D('',#4459,#4460,#4461);
#4463=PLANE('',#4462);
#4464=CARTESIAN_POINT('',(-447.37151593,565.,1280.584737173));
#4465=DIRECTION('',(-1.,-0.,0.));
#4466=VECTOR('',#4465,46.62848407);
#4467=LINE('',#4464,#4466);
#4468=EDGE_CURVE('',#3557,#4389,#4467,.T.);
#4469=ORIENTED_EDGE('',*,*,#4468,.F.);
#4470=ORIENTED_EDGE('',*,*,#3562,.T.);
#4471=ORIENTED_EDGE('',*,*,#4442,.T.);
#4472=ORIENTED_EDGE('',*,*,#4402,.F.);
#4473=EDGE_LOOP('',(#4469,#4470,#4471,#4472));
#4474=FACE_BOUND('',#4473,.T.);
#4475=ADVANCED_FACE('',(#4474),#4463,.T.);
#4476=CARTESIAN_POINT('',(-373.5,565.,1266.));
#4477=DIRECTION('',(0.,1.,0.));
#4478=DIRECTION('',(0.,0.,1.));
#4479=AXIS2_PLACEMENT_3D('',#4476,#4477,#4478);
#4480=PLANE('',#4479);
#4481=ORIENTED_EDGE('',*,*,#3887,.T.);
#4482=EDGE_LOOP('',(#4481));
#4483=FACE_BOUND('',#4482,.T.);
#4484=ORIENTED_EDGE('',*,*,#3860,.T.);
#4485=EDGE_LOOP('',(#4484));
#4486=FACE_BOUND('',#4485,.T.);
#4487=ORIENTED_EDGE('',*,*,#1038,.T.);
#4488=ORIENTED_EDGE('',*,*,#3568,.T.);
#4489=ORIENTED_EDGE('',*,*,#4468,.T.);
#4490=ORIENTED_EDGE('',*,*,#4394,.F.);
#4491=ORIENTED_EDGE('',*,*,#3938,.T.);
#4492=EDGE_LOOP('',(#4487,#4488,#4489,#4490,#4491));
#4493=FACE_BOUND('',#4492,.T.);
#4494=ADVANCED_FACE('',(#4483,#4486,#4493),#4480,.F.);
#4495=CARTESIAN_POINT('',(-411.80151519,572.,1281.99848481));
#4496=DIRECTION('',(0.,1.,0.));
#4497=DIRECTION('',(0.,-0.,1.));
#4498=AXIS2_PLACEMENT_3D('',#4495,#4496,#4497);
#4499=CYLINDRICAL_SURFACE('',#4498,8.5);
#4500=ORIENTED_EDGE('',*,*,#2121,.T.);
#4501=ORIENTED_EDGE('',*,*,#1964,.F.);
#4502=ORIENTED_EDGE('',*,*,#3120,.T.);
#4503=ORIENTED_EDGE('',*,*,#1706,.F.);
#4504=ORIENTED_EDGE('',*,*,#2179,.F.);
#4505=ORIENTED_EDGE('',*,*,#2452,.F.);
#4506=EDGE_LOOP('',(#4500,#4501,#4502,#4503,#4504,#4505));
#4507=FACE_BOUND('',#4506,.T.);
#4508=ADVANCED_FACE('',(#4507),#4499,.F.);
#4509=CLOSED_SHELL('',(#1064,#1273,#1458,#1530,#1570,#1612,#1642,#1733,#1758,#1791,#1816,#1849,#2109,#2150,#2167,#2240,#2329,#2340,#2371,#2415,#2428,#2456,#2581,#2597,#2622,#2654,
#2678,#2695,#2713,#2744,#2775,#2787,#2922,#2947,#2964,#2989,#3013,#3046,#3079,#3091,#3103,#3125,#3136,#3167,#3191,#3215,#3239,#3263,#3280,#3297,#3322,
#3334,#3365,#3389,#3413,#3437,#3461,#3478,#3495,#3520,#3532,#3573,#3640,#3707,#3774,#3841,#3866,#3891,#3908,#3925,#3950,#3972,#3989,#4006,#4023,#4040,
#4052,#4074,#4091,#4108,#4125,#4142,#4154,#4171,#4193,#4210,#4227,#4244,#4261,#4273,#4295,#4312,#4329,#4346,#4363,#4375,#4424,#4446,#4458,#4475,#4494,
#4508));
#4510=MANIFOLD_SOLID_BREP('root',#4509);
#1008=STYLED_ITEM('',(#979),#4510);
#989=SHAPE_REPRESENTATION('xleplus_base_holder.step',(#15),#987);
#990=ADVANCED_BREP_SHAPE_REPRESENTATION('xleplus_base_holder.step',(#4510),#987);
#4518=SHAPE_REPRESENTATION_RELATIONSHIP('','',#989,#990);
#4519=CARTESIAN_POINT('',(0.,0.,0.));
#4520=DIRECTION('',(0.,0.,1.));
#4521=DIRECTION('',(1.,0.,0.));
#4522=AXIS2_PLACEMENT_3D('',#4519,#4520,#4521);
#4524=MAPPED_ITEM('',#4523,#4522);
#4523=REPRESENTATION_MAP(#4522,#989);
#4525=APPLICATION_CONTEXT('Managed model based 3d engineering');
#4526=APPLICATION_PROTOCOL_DEFINITION('international standard','ap242_managed_model_based_3d_engineering',2014,#4525);
#4527=PRODUCT_CONTEXT('',#4525,'mechanical');
#4528=PRODUCT_DEFINITION_CONTEXT('part definition',#4525,'design');
#997=PRODUCT('xleplus_base_holder.step','xleplus_base_holder.step','',(#4527));
#4529=PRODUCT_RELATED_PRODUCT_CATEGORY('part','',(#997));
#4530=PRODUCT_DEFINITION_FORMATION_WITH_SPECIFIED_SOURCE('','',#997,.NOT_KNOWN.);
#998=PRODUCT_DEFINITION('design','',#4530,#4528);
#996=PRODUCT_DEFINITION_SHAPE('','',#998);
#4531=SHAPE_DEFINITION_REPRESENTATION(#996,#989);
#988=DRAUGHTING_MODEL('',(#4524),#987);
#35=SHAPE_REPRESENTATION('shapr3d_export_2026-03-28_21h00m.step',(#15,#1002),#33);
#36=ADVANCED_BREP_SHAPE_REPRESENTATION('shapr3d_export_2026-03-28_21h00m.step',(#972),#33);
#4539=SHAPE_REPRESENTATION_RELATIONSHIP('','',#35,#36);
#4540=CARTESIAN_POINT('',(0.,0.,0.));
#4541=DIRECTION('',(0.,0.,1.));
#4542=DIRECTION('',(1.,0.,0.));
#4543=AXIS2_PLACEMENT_3D('',#4540,#4541,#4542);
#4545=MAPPED_ITEM('',#4544,#4543);
#4544=REPRESENTATION_MAP(#4543,#35);
#43=PRODUCT('shapr3d_export_2026-03-28_21h00m.step','shapr3d_export_2026-03-28_21h00m.step','',(#4527));
#4546=PRODUCT_RELATED_PRODUCT_CATEGORY('part','',(#43));
#4547=PRODUCT_DEFINITION_FORMATION_WITH_SPECIFIED_SOURCE('','',#43,.NOT_KNOWN.);
#44=PRODUCT_DEFINITION('design','',#4547,#4528);
#42=PRODUCT_DEFINITION_SHAPE('','',#44);
#4548=SHAPE_DEFINITION_REPRESENTATION(#42,#35);
#34=DRAUGHTING_MODEL('',(#4545),#33);
#16=SHAPE_REPRESENTATION('root',(#15,#48),#10);
#4549=CARTESIAN_POINT('',(0.,0.,0.));
#4550=DIRECTION('',(0.,0.,1.));
#4551=DIRECTION('',(1.,0.,0.));
#4552=AXIS2_PLACEMENT_3D('',#4549,#4550,#4551);
#4554=MAPPED_ITEM('',#4553,#4552);
#4553=REPRESENTATION_MAP(#4552,#16);
#24=PRODUCT('root','root','',(#4527));
#4555=PRODUCT_RELATED_PRODUCT_CATEGORY('part','',(#24));
#4556=PRODUCT_DEFINITION_FORMATION_WITH_SPECIFIED_SOURCE('','',#24,.NOT_KNOWN.);
#25=PRODUCT_DEFINITION('design','',#4556,#4528);
#23=PRODUCT_DEFINITION_SHAPE('','',#25);
#4557=SHAPE_DEFINITION_REPRESENTATION(#23,#16);
#11=DRAUGHTING_MODEL('',(#4554),#10);
#4558=DESCRIPTIVE_REPRESENTATION_ITEM('KEY','/private/var/mobile/Containers/Data/Application/872463C3-291E-4BB8-8698-6661042731BF/tmp/F99958DD-71B7-4C84-BC04-7BEF1173A8FE.tmp');
#4559=PROPERTY_DEFINITION('KEY','',#25);
#4560=REPRESENTATION('',(#4558),#10);
#4561=PROPERTY_DEFINITION_REPRESENTATION(#4559,#4560);
#4562=GENERAL_PROPERTY('','KEY','');
#4563=GENERAL_PROPERTY_ASSOCIATION('','',#4562,#4559);
#1=MECHANICAL_DESIGN_GEOMETRIC_PRESENTATION_REPRESENTATION('',(#54,#1008),#10);
ENDSEC;
END-ISO-10303-21;
